run_id,trace,framework,sweep,num_dcs,target_util,large_frac,distribution,prediction_noise,run,scope,status,epochs_completed,epochs_expected,metric_source,avg_ttft_s,total_carbon_kg,total_water_m3,total_energy_usd,total_energy_kwh,avg_epoch_phv,elapsed_min,exit_code,start_time,end_time,command
1,burstgpt,lahyper,baseline,8,0.95,0.75,even,0.00,1,run,ok,96,96,final-report,2.719033,24175.470,802396.9303,11819.897,66960.979,3698232141738714.00,505.91,0,2026-05-27T10:24:12,2026-05-27T18:50:53,/home/hmoore01/anaconda3/bin/python3 -u simulator_LLM.py --framework lahyper --epoch 96 --num-dcs 8 --target-util 0.95 --autoscale-mode global_peak --autoscale-max-drop 0.02 --autoscale-max-mult 1500000 --autoscale-max-rows 16000000 --autoscale-search-steps 9 --distribution even
1,burstgpt,lahyper,baseline,8,0.95,0.75,even,0.00,1,time_agent,ok,96,96,multi-agent-summary,1.7949,50978.4300,2761768.4270,21011.2690,139279.0650,,,,,,
1,burstgpt,lahyper,baseline,8,0.95,0.75,even,0.00,1,carbon_agent,ok,96,96,multi-agent-summary,3.4647,18935.2000,1378031.8600,11434.3320,66893.7080,,,,,,
1,burstgpt,lahyper,baseline,8,0.95,0.75,even,0.00,1,water_agent,ok,96,96,multi-agent-summary,3.7045,26530.7110,598958.5430,12285.8170,68686.5900,,,,,,
1,burstgpt,lahyper,baseline,8,0.95,0.75,even,0.00,1,cost_agent,ok,96,96,multi-agent-summary,3.6962,23319.9900,1155849.5880,10538.2340,67313.6880,,,,,,
1,burstgpt,lahyper,baseline,8,0.95,0.75,even,0.00,1,Balanced,ok,96,96,multi-agent-summary,2.7190,24175.4700,802396.9300,11819.8970,66960.9790,,,,,,
1,burstgpt,lahyper,baseline,8,0.95,0.75,even,0.00,1,Pareto_Sample,ok,96,96,multi-agent-summary,4.2738,176168.1240,8153657.2530,82030.2980,498225.6550,,,,,,
2,burstgpt,lahyper,baseline,8,0.95,0.75,even,0.00,2,run,ok,96,96,final-report,2.702833,19886.575,1301694.1941,7286.553,56684.010,4190221001350123.50,466.67,0,2026-05-27T18:50:53,2026-05-28T02:38:19,/home/hmoore01/anaconda3/bin/python3 -u simulator_LLM.py --framework lahyper --epoch 96 --num-dcs 8 --target-util 0.95 --autoscale-mode global_peak --autoscale-max-drop 0.02 --autoscale-max-mult 1500000 --autoscale-max-rows 16000000 --autoscale-search-steps 9 --distribution even
2,burstgpt,lahyper,baseline,8,0.95,0.75,even,0.00,2,time_agent,ok,96,96,multi-agent-summary,1.6416,49725.4810,2929263.9660,19394.8870,136118.2940,,,,,,
2,burstgpt,lahyper,baseline,8,0.95,0.75,even,0.00,2,carbon_agent,ok,96,96,multi-agent-summary,2.8619,15660.4500,1785055.3040,7197.4980,57125.2680,,,,,,
2,burstgpt,lahyper,baseline,8,0.95,0.75,even,0.00,2,water_agent,ok,96,96,multi-agent-summary,6.4664,25068.7980,1028599.8670,8090.2310,62032.1330,,,,,,
2,burstgpt,lahyper,baseline,8,0.95,0.75,even,0.00,2,cost_agent,ok,96,96,multi-agent-summary,3.1627,19670.9980,1496246.2820,6300.8320,56758.2150,,,,,,
2,burstgpt,lahyper,baseline,8,0.95,0.75,even,0.00,2,Balanced,ok,96,96,multi-agent-summary,2.7028,19886.5750,1301694.1940,7286.5530,56684.0100,,,,,,
2,burstgpt,lahyper,baseline,8,0.95,0.75,even,0.00,2,Pareto_Sample,ok,96,96,multi-agent-summary,4.8206,159509.0150,9683061.9110,58563.5960,440206.7080,,,,,,
3,burstgpt,lahyper,baseline,8,0.95,0.75,even,0.00,3,run,ok,96,96,final-report,3.045238,19229.993,1602146.0435,7420.145,59524.150,5122916335484335.00,462.72,0,2026-05-28T02:38:19,2026-05-28T10:21:47,/home/hmoore01/anaconda3/bin/python3 -u simulator_LLM.py --framework lahyper --epoch 96 --num-dcs 8 --target-util 0.95 --autoscale-mode global_peak --autoscale-max-drop 0.02 --autoscale-max-mult 1500000 --autoscale-max-rows 16000000 --autoscale-search-steps 9 --distribution even
3,burstgpt,lahyper,baseline,8,0.95,0.75,even,0.00,3,time_agent,ok,96,96,multi-agent-summary,1.8255,49266.2740,3049110.0220,20485.0540,137853.0920,,,,,,
3,burstgpt,lahyper,baseline,8,0.95,0.75,even,0.00,3,carbon_agent,ok,96,96,multi-agent-summary,3.1391,15499.2110,2049264.4840,7462.6770,60871.4090,,,,,,
3,burstgpt,lahyper,baseline,8,0.95,0.75,even,0.00,3,water_agent,ok,96,96,multi-agent-summary,4.1950,24085.9450,1323723.1630,8366.0200,63966.5950,,,,,,
3,burstgpt,lahyper,baseline,8,0.95,0.75,even,0.00,3,cost_agent,ok,96,96,multi-agent-summary,3.8453,19513.9030,1808191.5820,6660.1700,60457.6190,,,,,,
3,burstgpt,lahyper,baseline,8,0.95,0.75,even,0.00,3,Balanced,ok,96,96,multi-agent-summary,3.0452,19229.9930,1602146.0430,7420.1450,59524.1500,,,,,,
3,burstgpt,lahyper,baseline,8,0.95,0.75,even,0.00,3,Pareto_Sample,ok,96,96,multi-agent-summary,8.3297,152390.0800,11278175.6850,59916.4440,451277.5650,,,,,,
4,burstgpt,lahyper,baseline,8,0.95,0.75,even,0.00,4,run,ok,96,96,final-report,2.190552,26198.813,1574023.5471,9768.092,72336.393,4399998305522344.50,499.54,0,2026-05-28T10:21:47,2026-05-28T18:42:07,/home/hmoore01/anaconda3/bin/python3 -u simulator_LLM.py --framework lahyper --epoch 96 --num-dcs 8 --target-util 0.95 --autoscale-mode global_peak --autoscale-max-drop 0.02 --autoscale-max-mult 1500000 --autoscale-max-rows 16000000 --autoscale-search-steps 9 --distribution even
4,burstgpt,lahyper,baseline,8,0.95,0.75,even,0.00,4,time_agent,ok,96,96,multi-agent-summary,1.5605,48909.0320,2809498.2420,19346.3900,133456.0120,,,,,,
4,burstgpt,lahyper,baseline,8,0.95,0.75,even,0.00,4,carbon_agent,ok,96,96,multi-agent-summary,3.7351,23500.5260,1817148.2400,9837.4240,71978.5840,,,,,,
4,burstgpt,lahyper,baseline,8,0.95,0.75,even,0.00,4,water_agent,ok,96,96,multi-agent-summary,7.0453,29972.1060,1407366.6600,10505.2170,77226.8980,,,,,,
4,burstgpt,lahyper,baseline,8,0.95,0.75,even,0.00,4,cost_agent,ok,96,96,multi-agent-summary,3.8902,26876.8430,1643023.0920,8959.7480,71828.0930,,,,,,
4,burstgpt,lahyper,baseline,8,0.95,0.75,even,0.00,4,Balanced,ok,96,96,multi-agent-summary,2.1906,26198.8130,1574023.5470,9768.0920,72336.3930,,,,,,
4,burstgpt,lahyper,baseline,8,0.95,0.75,even,0.00,4,Pareto_Sample,ok,96,96,multi-agent-summary,6.7095,189326.7130,10963935.8470,70897.4820,517993.8680,,,,,,
5,burstgpt,lahyper,baseline,8,0.95,0.75,even,0.00,5,run,ok,96,96,final-report,2.416663,19308.652,1094706.6802,8230.159,56509.495,4056245445296762.50,509.59,0,2026-05-28T18:42:07,2026-05-29T03:12:26,/home/hmoore01/anaconda3/bin/python3 -u simulator_LLM.py --framework lahyper --epoch 96 --num-dcs 8 --target-util 0.95 --autoscale-mode global_peak --autoscale-max-drop 0.02 --autoscale-max-mult 1500000 --autoscale-max-rows 16000000 --autoscale-search-steps 9 --distribution even
5,burstgpt,lahyper,baseline,8,0.95,0.75,even,0.00,5,time_agent,ok,96,96,multi-agent-summary,1.6439,50394.5940,2786347.4060,20042.7380,136953.7870,,,,,,
5,burstgpt,lahyper,baseline,8,0.95,0.75,even,0.00,5,carbon_agent,ok,96,96,multi-agent-summary,2.6725,16713.9100,1416001.0060,7953.8410,56250.1330,,,,,,
5,burstgpt,lahyper,baseline,8,0.95,0.75,even,0.00,5,water_agent,ok,96,96,multi-agent-summary,5.5984,24316.0220,844258.5590,9103.6120,61982.3660,,,,,,
5,burstgpt,lahyper,baseline,8,0.95,0.75,even,0.00,5,cost_agent,ok,96,96,multi-agent-summary,3.4276,20808.0880,1182776.5520,7259.2340,57161.4040,,,,,,
5,burstgpt,lahyper,baseline,8,0.95,0.75,even,0.00,5,Balanced,ok,96,96,multi-agent-summary,2.4167,19308.6520,1094706.6800,8230.1590,56509.4950,,,,,,
5,burstgpt,lahyper,baseline,8,0.95,0.75,even,0.00,5,Pareto_Sample,ok,96,96,multi-agent-summary,5.9582,159919.2990,8568709.6690,64687.8780,447479.3670,,,,,,
6,burstgpt,parliament,baseline,8,0.95,0.75,even,0.00,1,run,no-data,0,96,none,,,,,,,36.13,-9,2026-05-29T03:12:26,2026-05-29T03:48:34,/home/hmoore01/anaconda3/bin/python3 -u simulator_LLM.py --framework parliament --epoch 96 --num-dcs 8 --target-util 0.95 --autoscale-mode global_peak --autoscale-max-drop 0.02 --autoscale-max-mult 1500000 --autoscale-max-rows 16000000 --autoscale-search-steps 9 --distribution even
7,burstgpt,parliament,baseline,8,0.95,0.75,even,0.00,2,run,no-data,0,96,none,,,,,,,58.58,-9,2026-05-29T03:48:34,2026-05-29T04:47:09,/home/hmoore01/anaconda3/bin/python3 -u simulator_LLM.py --framework parliament --epoch 96 --num-dcs 8 --target-util 0.95 --autoscale-mode global_peak --autoscale-max-drop 0.02 --autoscale-max-mult 1500000 --autoscale-max-rows 16000000 --autoscale-search-steps 9 --distribution even
8,burstgpt,parliament,baseline,8,0.95,0.75,even,0.00,3,run,no-data,0,96,none,,,,,,,64.73,-9,2026-05-29T04:47:09,2026-05-29T05:51:53,/home/hmoore01/anaconda3/bin/python3 -u simulator_LLM.py --framework parliament --epoch 96 --num-dcs 8 --target-util 0.95 --autoscale-mode global_peak --autoscale-max-drop 0.02 --autoscale-max-mult 1500000 --autoscale-max-rows 16000000 --autoscale-search-steps 9 --distribution even
9,burstgpt,parliament,baseline,8,0.95,0.75,even,0.00,4,run,no-data,0,96,none,,,,,,,26.68,-9,2026-05-29T05:51:53,2026-05-29T06:18:34,/home/hmoore01/anaconda3/bin/python3 -u simulator_LLM.py --framework parliament --epoch 96 --num-dcs 8 --target-util 0.95 --autoscale-mode global_peak --autoscale-max-drop 0.02 --autoscale-max-mult 1500000 --autoscale-max-rows 16000000 --autoscale-search-steps 9 --distribution even
10,burstgpt,parliament,baseline,8,0.95,0.75,even,0.00,5,run,no-data,0,96,none,,,,,,,65.23,-9,2026-05-29T06:18:34,2026-05-29T07:23:47,/home/hmoore01/anaconda3/bin/python3 -u simulator_LLM.py --framework parliament --epoch 96 --num-dcs 8 --target-util 0.95 --autoscale-mode global_peak --autoscale-max-drop 0.02 --autoscale-max-mult 1500000 --autoscale-max-rows 16000000 --autoscale-search-steps 9 --distribution even
11,burstgpt,qlearning,baseline,8,0.95,0.75,even,0.00,1,run,ok,96,96,final-report,11.007813,48574.991,2220002.3866,19229.831,124004.309,,2.11,0,2026-05-29T07:23:47,2026-05-29T07:25:54,/home/hmoore01/anaconda3/bin/python3 -u simulator_LLM.py --framework qlearning --epoch 96 --num-dcs 8 --target-util 0.95 --autoscale-mode global_peak --autoscale-max-drop 0.02 --autoscale-max-mult 1500000 --autoscale-max-rows 16000000 --autoscale-search-steps 9 --distribution even
12,burstgpt,qlearning,baseline,8,0.95,0.75,even,0.00,2,run,ok,96,96,final-report,11.696465,48854.691,2103580.0200,19549.050,123972.732,,2.06,0,2026-05-29T07:25:54,2026-05-29T07:27:58,/home/hmoore01/anaconda3/bin/python3 -u simulator_LLM.py --framework qlearning --epoch 96 --num-dcs 8 --target-util 0.95 --autoscale-mode global_peak --autoscale-max-drop 0.02 --autoscale-max-mult 1500000 --autoscale-max-rows 16000000 --autoscale-search-steps 9 --distribution even
13,burstgpt,qlearning,baseline,8,0.95,0.75,even,0.00,3,run,ok,96,96,final-report,11.249689,48500.882,2226936.8577,19443.320,124227.434,,2.07,0,2026-05-29T07:27:58,2026-05-29T07:30:02,/home/hmoore01/anaconda3/bin/python3 -u simulator_LLM.py --framework qlearning --epoch 96 --num-dcs 8 --target-util 0.95 --autoscale-mode global_peak --autoscale-max-drop 0.02 --autoscale-max-mult 1500000 --autoscale-max-rows 16000000 --autoscale-search-steps 9 --distribution even
14,burstgpt,qlearning,baseline,8,0.95,0.75,even,0.00,4,run,ok,96,96,final-report,11.170228,48777.128,2086739.9638,19196.915,123746.195,,2.07,0,2026-05-29T07:30:02,2026-05-29T07:32:06,/home/hmoore01/anaconda3/bin/python3 -u simulator_LLM.py --framework qlearning --epoch 96 --num-dcs 8 --target-util 0.95 --autoscale-mode global_peak --autoscale-max-drop 0.02 --autoscale-max-mult 1500000 --autoscale-max-rows 16000000 --autoscale-search-steps 9 --distribution even
15,burstgpt,qlearning,baseline,8,0.95,0.75,even,0.00,5,run,ok,96,96,final-report,11.602368,48791.911,2184035.8866,19411.593,124039.454,,2.07,0,2026-05-29T07:32:06,2026-05-29T07:34:10,/home/hmoore01/anaconda3/bin/python3 -u simulator_LLM.py --framework qlearning --epoch 96 --num-dcs 8 --target-util 0.95 --autoscale-mode global_peak --autoscale-max-drop 0.02 --autoscale-max-mult 1500000 --autoscale-max-rows 16000000 --autoscale-search-steps 9 --distribution even
16,burstgpt,ddqn,baseline,8,0.95,0.75,even,0.00,1,run,ok,96,96,final-report,11.629381,48759.675,2082164.8067,19182.642,123286.779,,2.13,0,2026-05-29T07:34:10,2026-05-29T07:36:18,/home/hmoore01/anaconda3/bin/python3 -u simulator_LLM.py --framework ddqn --epoch 96 --num-dcs 8 --target-util 0.95 --autoscale-mode global_peak --autoscale-max-drop 0.02 --autoscale-max-mult 1500000 --autoscale-max-rows 16000000 --autoscale-search-steps 9 --distribution even
17,burstgpt,ddqn,baseline,8,0.95,0.75,even,0.00,2,run,ok,96,96,final-report,11.945048,48537.577,2181335.4528,19382.644,123796.927,,2.09,0,2026-05-29T07:36:18,2026-05-29T07:38:23,/home/hmoore01/anaconda3/bin/python3 -u simulator_LLM.py --framework ddqn --epoch 96 --num-dcs 8 --target-util 0.95 --autoscale-mode global_peak --autoscale-max-drop 0.02 --autoscale-max-mult 1500000 --autoscale-max-rows 16000000 --autoscale-search-steps 9 --distribution even
18,burstgpt,ddqn,baseline,8,0.95,0.75,even,0.00,3,run,ok,96,96,final-report,11.857124,48977.876,2193737.9387,19368.007,124332.646,,2.11,0,2026-05-29T07:38:23,2026-05-29T07:40:30,/home/hmoore01/anaconda3/bin/python3 -u simulator_LLM.py --framework ddqn --epoch 96 --num-dcs 8 --target-util 0.95 --autoscale-mode global_peak --autoscale-max-drop 0.02 --autoscale-max-mult 1500000 --autoscale-max-rows 16000000 --autoscale-search-steps 9 --distribution even
19,burstgpt,ddqn,baseline,8,0.95,0.75,even,0.00,4,run,ok,96,96,final-report,11.580244,49007.397,2111819.1093,19241.314,123742.535,,2.10,0,2026-05-29T07:40:30,2026-05-29T07:42:36,/home/hmoore01/anaconda3/bin/python3 -u simulator_LLM.py --framework ddqn --epoch 96 --num-dcs 8 --target-util 0.95 --autoscale-mode global_peak --autoscale-max-drop 0.02 --autoscale-max-mult 1500000 --autoscale-max-rows 16000000 --autoscale-search-steps 9 --distribution even
20,burstgpt,ddqn,baseline,8,0.95,0.75,even,0.00,5,run,ok,96,96,final-report,11.434625,48766.354,2193927.3609,19385.266,124147.733,,2.09,0,2026-05-29T07:42:36,2026-05-29T07:44:41,/home/hmoore01/anaconda3/bin/python3 -u simulator_LLM.py --framework ddqn --epoch 96 --num-dcs 8 --target-util 0.95 --autoscale-mode global_peak --autoscale-max-drop 0.02 --autoscale-max-mult 1500000 --autoscale-max-rows 16000000 --autoscale-search-steps 9 --distribution even
21,burstgpt,actorcritic,baseline,8,0.95,0.75,even,0.00,1,run,ok,96,96,final-report,11.521299,48970.171,2164301.6078,19413.137,123670.964,,2.10,0,2026-05-29T07:44:41,2026-05-29T07:46:47,/home/hmoore01/anaconda3/bin/python3 -u simulator_LLM.py --framework actorcritic --epoch 96 --num-dcs 8 --target-util 0.95 --autoscale-mode global_peak --autoscale-max-drop 0.02 --autoscale-max-mult 1500000 --autoscale-max-rows 16000000 --autoscale-search-steps 9 --distribution even
22,burstgpt,actorcritic,baseline,8,0.95,0.75,even,0.00,2,run,ok,96,96,final-report,11.445599,48993.225,2200086.9443,19253.038,124167.711,,2.09,0,2026-05-29T07:46:47,2026-05-29T07:48:52,/home/hmoore01/anaconda3/bin/python3 -u simulator_LLM.py --framework actorcritic --epoch 96 --num-dcs 8 --target-util 0.95 --autoscale-mode global_peak --autoscale-max-drop 0.02 --autoscale-max-mult 1500000 --autoscale-max-rows 16000000 --autoscale-search-steps 9 --distribution even
23,burstgpt,actorcritic,baseline,8,0.95,0.75,even,0.00,3,run,ok,96,96,final-report,11.913031,49230.420,2169782.8312,19480.116,124176.911,,2.09,0,2026-05-29T07:48:52,2026-05-29T07:50:57,/home/hmoore01/anaconda3/bin/python3 -u simulator_LLM.py --framework actorcritic --epoch 96 --num-dcs 8 --target-util 0.95 --autoscale-mode global_peak --autoscale-max-drop 0.02 --autoscale-max-mult 1500000 --autoscale-max-rows 16000000 --autoscale-search-steps 9 --distribution even
24,burstgpt,actorcritic,baseline,8,0.95,0.75,even,0.00,4,run,ok,96,96,final-report,11.623550,48681.204,2175860.3812,19234.303,123977.475,,2.10,0,2026-05-29T07:50:57,2026-05-29T07:53:03,/home/hmoore01/anaconda3/bin/python3 -u simulator_LLM.py --framework actorcritic --epoch 96 --num-dcs 8 --target-util 0.95 --autoscale-mode global_peak --autoscale-max-drop 0.02 --autoscale-max-mult 1500000 --autoscale-max-rows 16000000 --autoscale-search-steps 9 --distribution even
25,burstgpt,actorcritic,baseline,8,0.95,0.75,even,0.00,5,run,ok,96,96,final-report,11.474991,48781.531,2166355.1915,19457.057,123941.672,,2.10,0,2026-05-29T07:53:03,2026-05-29T07:55:10,/home/hmoore01/anaconda3/bin/python3 -u simulator_LLM.py --framework actorcritic --epoch 96 --num-dcs 8 --target-util 0.95 --autoscale-mode global_peak --autoscale-max-drop 0.02 --autoscale-max-mult 1500000 --autoscale-max-rows 16000000 --autoscale-search-steps 9 --distribution even
6,burstgpt,parliament,baseline,8,0.95,0.75,even,0.00,1,run,ok,96,96,final-report,2.044515,36414.129,1714975.3545,15612.507,101596.900,,36.94,0,2026-05-29T11:28:22,2026-05-29T12:05:18,/home/hmoore01/anaconda3/bin/python3 -u simulator_LLM.py --framework parliament --epoch 96 --num-dcs 8 --target-util 0.95 --autoscale-mode global_peak --autoscale-max-drop 0.02 --autoscale-max-mult 1500000 --autoscale-max-rows 16000000 --autoscale-search-steps 9 --distribution even
7,burstgpt,parliament,baseline,8,0.95,0.75,even,0.00,2,run,ok,96,96,final-report,2.282679,31535.773,2009050.7791,12827.164,92005.374,,38.38,0,2026-05-29T12:27:00,2026-05-29T13:05:23,/home/hmoore01/anaconda3/bin/python3 -u simulator_LLM.py --framework parliament --epoch 96 --num-dcs 8 --target-util 0.95 --autoscale-mode global_peak --autoscale-max-drop 0.02 --autoscale-max-mult 1500000 --autoscale-max-rows 16000000 --autoscale-search-steps 9 --distribution even
8,burstgpt,parliament,baseline,8,0.95,0.75,even,0.00,3,run,ok,96,96,final-report,2.308756,32047.344,2186228.8408,12786.968,89623.963,,39.85,0,2026-05-29T13:05:23,2026-05-29T13:45:14,/home/hmoore01/anaconda3/bin/python3 -u simulator_LLM.py --framework parliament --epoch 96 --num-dcs 8 --target-util 0.95 --autoscale-mode global_peak --autoscale-max-drop 0.02 --autoscale-max-mult 1500000 --autoscale-max-rows 16000000 --autoscale-search-steps 9 --distribution even
9,burstgpt,parliament,baseline,8,0.95,0.75,even,0.00,4,run,ok,96,96,final-report,2.059929,33040.968,1956089.6592,13862.717,92668.655,,35.08,0,2026-05-29T13:45:14,2026-05-29T14:20:19,/home/hmoore01/anaconda3/bin/python3 -u simulator_LLM.py --framework parliament --epoch 96 --num-dcs 8 --target-util 0.95 --autoscale-mode global_peak --autoscale-max-drop 0.02 --autoscale-max-mult 1500000 --autoscale-max-rows 16000000 --autoscale-search-steps 9 --distribution even
10,burstgpt,parliament,baseline,8,0.95,0.75,even,0.00,5,run,ok,96,96,final-report,2.182653,33083.802,2273342.9022,14223.772,98561.375,,35.91,0,2026-05-29T14:20:19,2026-05-29T14:56:13,/home/hmoore01/anaconda3/bin/python3 -u simulator_LLM.py --framework parliament --epoch 96 --num-dcs 8 --target-util 0.95 --autoscale-mode global_peak --autoscale-max-drop 0.02 --autoscale-max-mult 1500000 --autoscale-max-rows 16000000 --autoscale-search-steps 9 --distribution even
26,burstgpt,lahyper,dc_sweep,4,0.95,0.75,even,0.00,1,run,ok,96,96,final-report,2.512658,21443.019,1227481.0097,9169.584,61294.941,6545920059565891.00,570.98,0,2026-05-29T14:56:13,2026-05-30T00:27:54,/home/hmoore01/anaconda3/bin/python3 -u simulator_LLM.py --framework lahyper --epoch 96 --num-dcs 4 --target-util 0.95 --autoscale-mode global_peak --autoscale-max-drop 0.02 --autoscale-max-mult 1500000 --autoscale-max-rows 16000000 --autoscale-search-steps 9 --distribution even
26,burstgpt,lahyper,dc_sweep,4,0.95,0.75,even,0.00,1,time_agent,ok,96,96,multi-agent-summary,1.7445,47872.3460,2810522.2350,19716.1170,132212.8240,,,,,,
26,burstgpt,lahyper,dc_sweep,4,0.95,0.75,even,0.00,1,carbon_agent,ok,96,96,multi-agent-summary,3.8143,18274.6380,1548022.6910,8989.3250,60790.7530,,,,,,
26,burstgpt,lahyper,dc_sweep,4,0.95,0.75,even,0.00,1,water_agent,ok,96,96,multi-agent-summary,4.6481,23126.5930,1064824.3460,9301.1970,61853.1800,,,,,,
26,burstgpt,lahyper,dc_sweep,4,0.95,0.75,even,0.00,1,cost_agent,ok,96,96,multi-agent-summary,3.8184,20794.0160,1481840.4350,8201.8990,61004.5760,,,,,,
26,burstgpt,lahyper,dc_sweep,4,0.95,0.75,even,0.00,1,Balanced,ok,96,96,multi-agent-summary,2.5127,21443.0190,1227481.0100,9169.5840,61294.9410,,,,,,
26,burstgpt,lahyper,dc_sweep,4,0.95,0.75,even,0.00,1,Pareto_Sample,ok,96,96,multi-agent-summary,3.3993,189837.3040,11208392.3070,78041.5060,532429.1440,,,,,,
27,burstgpt,lahyper,dc_sweep,4,0.95,0.75,even,0.00,2,run,ok,96,96,final-report,2.678954,22050.204,1196049.9602,8211.396,60060.541,5037100965004556.00,484.69,0,2026-05-30T00:27:54,2026-05-30T08:33:34,/home/hmoore01/anaconda3/bin/python3 -u simulator_LLM.py --framework lahyper --epoch 96 --num-dcs 4 --target-util 0.95 --autoscale-mode global_peak --autoscale-max-drop 0.02 --autoscale-max-mult 1500000 --autoscale-max-rows 16000000 --autoscale-search-steps 9 --distribution even
27,burstgpt,lahyper,dc_sweep,4,0.95,0.75,even,0.00,2,time_agent,ok,96,96,multi-agent-summary,1.6386,51092.5450,2683148.5880,20287.1920,136592.6660,,,,,,
27,burstgpt,lahyper,dc_sweep,4,0.95,0.75,even,0.00,2,carbon_agent,ok,96,96,multi-agent-summary,2.3653,17099.0850,1782390.1880,8506.3240,61804.8900,,,,,,
27,burstgpt,lahyper,dc_sweep,4,0.95,0.75,even,0.00,2,water_agent,ok,96,96,multi-agent-summary,7.9601,25148.4470,860030.5310,8812.8010,60526.1250,,,,,,
27,burstgpt,lahyper,dc_sweep,4,0.95,0.75,even,0.00,2,cost_agent,ok,96,96,multi-agent-summary,4.9970,22302.3170,1386763.5440,7296.6220,60622.6140,,,,,,
27,burstgpt,lahyper,dc_sweep,4,0.95,0.75,even,0.00,2,Balanced,ok,96,96,multi-agent-summary,2.6790,22050.2040,1196049.9600,8211.3960,60060.5410,,,,,,
27,burstgpt,lahyper,dc_sweep,4,0.95,0.75,even,0.00,2,Pareto_Sample,ok,96,96,multi-agent-summary,3.9944,173771.4290,9501820.3640,69667.0600,478077.3770,,,,,,
28,burstgpt,lahyper,dc_sweep,4,0.95,0.75,even,0.00,3,run,ok,96,96,final-report,2.410773,17773.685,1223395.3136,5785.713,52299.677,4719262218709855.00,584.60,0,2026-05-30T08:33:34,2026-05-30T18:18:54,/home/hmoore01/anaconda3/bin/python3 -u simulator_LLM.py --framework lahyper --epoch 96 --num-dcs 4 --target-util 0.95 --autoscale-mode global_peak --autoscale-max-drop 0.02 --autoscale-max-mult 1500000 --autoscale-max-rows 16000000 --autoscale-search-steps 9 --distribution even
28,burstgpt,lahyper,dc_sweep,4,0.95,0.75,even,0.00,3,time_agent,ok,96,96,multi-agent-summary,1.5658,45631.9000,2485843.1990,17048.7980,124010.8990,,,,,,
28,burstgpt,lahyper,dc_sweep,4,0.95,0.75,even,0.00,3,carbon_agent,ok,96,96,multi-agent-summary,3.1980,14950.5610,1457794.1680,5658.2240,51257.0010,,,,,,
28,burstgpt,lahyper,dc_sweep,4,0.95,0.75,even,0.00,3,water_agent,ok,96,96,multi-agent-summary,4.6838,23613.5440,887567.0180,7179.4280,59620.2870,,,,,,
28,burstgpt,lahyper,dc_sweep,4,0.95,0.75,even,0.00,3,cost_agent,ok,96,96,multi-agent-summary,3.4569,17433.0850,1310363.5980,4856.6670,51050.4220,,,,,,
28,burstgpt,lahyper,dc_sweep,4,0.95,0.75,even,0.00,3,Balanced,ok,96,96,multi-agent-summary,2.4108,17773.6850,1223395.3140,5785.7130,52299.6770,,,,,,
28,burstgpt,lahyper,dc_sweep,4,0.95,0.75,even,0.00,3,Pareto_Sample,ok,96,96,multi-agent-summary,6.2976,158573.1960,8996162.6830,53068.7670,434665.1980,,,,,,
29,burstgpt,lahyper,dc_sweep,4,0.95,0.75,even,0.00,4,run,ok,96,96,final-report,2.808351,23339.120,1420994.1350,8435.845,63887.318,5503402049197605.00,517.38,0,2026-05-30T18:18:54,2026-05-31T02:57:03,/home/hmoore01/anaconda3/bin/python3 -u simulator_LLM.py --framework lahyper --epoch 96 --num-dcs 4 --target-util 0.95 --autoscale-mode global_peak --autoscale-max-drop 0.02 --autoscale-max-mult 1500000 --autoscale-max-rows 16000000 --autoscale-search-steps 9 --distribution even
29,burstgpt,lahyper,dc_sweep,4,0.95,0.75,even,0.00,4,time_agent,ok,96,96,multi-agent-summary,1.8301,51328.3730,3033469.9450,20615.5050,140918.3570,,,,,,
29,burstgpt,lahyper,dc_sweep,4,0.95,0.75,even,0.00,4,carbon_agent,ok,96,96,multi-agent-summary,2.3189,17627.5290,1953013.3540,8745.3500,64081.2790,,,,,,
29,burstgpt,lahyper,dc_sweep,4,0.95,0.75,even,0.00,4,water_agent,ok,96,96,multi-agent-summary,3.6886,27150.9750,1202774.6090,9936.2920,69424.0370,,,,,,
29,burstgpt,lahyper,dc_sweep,4,0.95,0.75,even,0.00,4,cost_agent,ok,96,96,multi-agent-summary,2.2525,22932.2900,1809192.0450,7516.7780,65669.1070,,,,,,
29,burstgpt,lahyper,dc_sweep,4,0.95,0.75,even,0.00,4,Balanced,ok,96,96,multi-agent-summary,2.8084,23339.1200,1420994.1350,8435.8450,63887.3180,,,,,,
29,burstgpt,lahyper,dc_sweep,4,0.95,0.75,even,0.00,4,Pareto_Sample,ok,96,96,multi-agent-summary,3.1570,181238.2680,11431587.7580,72032.7670,509658.4490,,,,,,
30,burstgpt,lahyper,dc_sweep,4,0.95,0.75,even,0.00,5,run,ok,96,96,final-report,2.477579,9198.541,229191.1111,8089.392,34397.128,5075864348588157.00,522.46,0,2026-05-31T02:57:03,2026-05-31T11:40:13,/home/hmoore01/anaconda3/bin/python3 -u simulator_LLM.py --framework lahyper --epoch 96 --num-dcs 4 --target-util 0.95 --autoscale-mode global_peak --autoscale-max-drop 0.02 --autoscale-max-mult 1500000 --autoscale-max-rows 16000000 --autoscale-search-steps 9 --distribution even
30,burstgpt,lahyper,dc_sweep,4,0.95,0.75,even,0.00,5,time_agent,ok,96,96,multi-agent-summary,1.8816,49180.5530,2833364.0950,20504.5580,136637.4810,,,,,,
30,burstgpt,lahyper,dc_sweep,4,0.95,0.75,even,0.00,5,carbon_agent,ok,96,96,multi-agent-summary,2.5895,7962.1390,322338.3920,8173.2190,34020.4380,,,,,,
30,burstgpt,lahyper,dc_sweep,4,0.95,0.75,even,0.00,5,water_agent,ok,96,96,multi-agent-summary,2.5011,9276.0660,195797.3670,7986.3670,33899.8840,,,,,,
30,burstgpt,lahyper,dc_sweep,4,0.95,0.75,even,0.00,5,cost_agent,ok,96,96,multi-agent-summary,2.5607,9404.4170,318907.2300,7711.7310,34740.7750,,,,,,
30,burstgpt,lahyper,dc_sweep,4,0.95,0.75,even,0.00,5,Balanced,ok,96,96,multi-agent-summary,2.4776,9198.5410,229191.1110,8089.3920,34397.1280,,,,,,
30,burstgpt,lahyper,dc_sweep,4,0.95,0.75,even,0.00,5,Pareto_Sample,ok,96,96,multi-agent-summary,2.3660,146446.1510,7862500.8600,78752.2600,452752.9510,,,,,,
31,burstgpt,parliament,dc_sweep,4,0.95,0.75,even,0.00,1,run,ok,96,96,final-report,2.129031,33542.333,1884171.5581,14621.287,94538.096,,37.58,0,2026-05-31T11:40:13,2026-05-31T12:17:48,/home/hmoore01/anaconda3/bin/python3 -u simulator_LLM.py --framework parliament --epoch 96 --num-dcs 4 --target-util 0.95 --autoscale-mode global_peak --autoscale-max-drop 0.02 --autoscale-max-mult 1500000 --autoscale-max-rows 16000000 --autoscale-search-steps 9 --distribution even
32,burstgpt,parliament,dc_sweep,4,0.95,0.75,even,0.00,2,run,ok,96,96,final-report,2.168076,39272.934,2084112.0402,17001.456,110680.102,,37.72,0,2026-05-31T12:17:48,2026-05-31T12:55:31,/home/hmoore01/anaconda3/bin/python3 -u simulator_LLM.py --framework parliament --epoch 96 --num-dcs 4 --target-util 0.95 --autoscale-mode global_peak --autoscale-max-drop 0.02 --autoscale-max-mult 1500000 --autoscale-max-rows 16000000 --autoscale-search-steps 9 --distribution even
33,burstgpt,parliament,dc_sweep,4,0.95,0.75,even,0.00,3,run,ok,96,96,final-report,2.048777,36734.657,2095768.8858,15560.812,104143.480,,37.78,0,2026-05-31T12:55:31,2026-05-31T13:33:18,/home/hmoore01/anaconda3/bin/python3 -u simulator_LLM.py --framework parliament --epoch 96 --num-dcs 4 --target-util 0.95 --autoscale-mode global_peak --autoscale-max-drop 0.02 --autoscale-max-mult 1500000 --autoscale-max-rows 16000000 --autoscale-search-steps 9 --distribution even
34,burstgpt,parliament,dc_sweep,4,0.95,0.75,even,0.00,4,run,ok,96,96,final-report,2.161082,41097.556,1933542.6125,16981.055,111307.930,,38.20,0,2026-05-31T13:33:18,2026-05-31T14:11:30,/home/hmoore01/anaconda3/bin/python3 -u simulator_LLM.py --framework parliament --epoch 96 --num-dcs 4 --target-util 0.95 --autoscale-mode global_peak --autoscale-max-drop 0.02 --autoscale-max-mult 1500000 --autoscale-max-rows 16000000 --autoscale-search-steps 9 --distribution even
35,burstgpt,parliament,dc_sweep,4,0.95,0.75,even,0.00,5,run,ok,96,96,final-report,2.013349,34322.966,1745000.1301,15525.504,98896.583,,37.84,0,2026-05-31T14:11:30,2026-05-31T14:49:20,/home/hmoore01/anaconda3/bin/python3 -u simulator_LLM.py --framework parliament --epoch 96 --num-dcs 4 --target-util 0.95 --autoscale-mode global_peak --autoscale-max-drop 0.02 --autoscale-max-mult 1500000 --autoscale-max-rows 16000000 --autoscale-search-steps 9 --distribution even
36,burstgpt,qlearning,dc_sweep,4,0.95,0.75,even,0.00,1,run,ok,96,96,final-report,11.920117,49578.231,2147970.5999,19454.809,125789.998,,2.55,0,2026-05-31T14:49:20,2026-05-31T14:51:53,/home/hmoore01/anaconda3/bin/python3 -u simulator_LLM.py --framework qlearning --epoch 96 --num-dcs 4 --target-util 0.95 --autoscale-mode global_peak --autoscale-max-drop 0.02 --autoscale-max-mult 1500000 --autoscale-max-rows 16000000 --autoscale-search-steps 9 --distribution even
37,burstgpt,qlearning,dc_sweep,4,0.95,0.75,even,0.00,2,run,ok,96,96,final-report,11.239506,49795.584,2154418.8145,19479.045,125576.448,,2.33,0,2026-05-31T14:51:53,2026-05-31T14:54:13,/home/hmoore01/anaconda3/bin/python3 -u simulator_LLM.py --framework qlearning --epoch 96 --num-dcs 4 --target-util 0.95 --autoscale-mode global_peak --autoscale-max-drop 0.02 --autoscale-max-mult 1500000 --autoscale-max-rows 16000000 --autoscale-search-steps 9 --distribution even
38,burstgpt,qlearning,dc_sweep,4,0.95,0.75,even,0.00,3,run,ok,96,96,final-report,11.511571,49141.600,2177677.6098,19702.940,125213.770,,2.34,0,2026-05-31T14:54:13,2026-05-31T14:56:33,/home/hmoore01/anaconda3/bin/python3 -u simulator_LLM.py --framework qlearning --epoch 96 --num-dcs 4 --target-util 0.95 --autoscale-mode global_peak --autoscale-max-drop 0.02 --autoscale-max-mult 1500000 --autoscale-max-rows 16000000 --autoscale-search-steps 9 --distribution even
39,burstgpt,qlearning,dc_sweep,4,0.95,0.75,even,0.00,4,run,ok,96,96,final-report,10.997711,49652.893,2166048.5495,19582.615,125664.213,,2.35,0,2026-05-31T14:56:33,2026-05-31T14:58:54,/home/hmoore01/anaconda3/bin/python3 -u simulator_LLM.py --framework qlearning --epoch 96 --num-dcs 4 --target-util 0.95 --autoscale-mode global_peak --autoscale-max-drop 0.02 --autoscale-max-mult 1500000 --autoscale-max-rows 16000000 --autoscale-search-steps 9 --distribution even
40,burstgpt,qlearning,dc_sweep,4,0.95,0.75,even,0.00,5,run,ok,96,96,final-report,10.982137,49337.835,2280180.4759,19606.819,125932.005,,2.40,0,2026-05-31T14:58:54,2026-05-31T15:01:18,/home/hmoore01/anaconda3/bin/python3 -u simulator_LLM.py --framework qlearning --epoch 96 --num-dcs 4 --target-util 0.95 --autoscale-mode global_peak --autoscale-max-drop 0.02 --autoscale-max-mult 1500000 --autoscale-max-rows 16000000 --autoscale-search-steps 9 --distribution even
41,burstgpt,ddqn,dc_sweep,4,0.95,0.75,even,0.00,1,run,ok,96,96,final-report,11.366824,49267.963,2183106.5707,19621.309,125393.929,,2.46,0,2026-05-31T15:01:18,2026-05-31T15:03:46,/home/hmoore01/anaconda3/bin/python3 -u simulator_LLM.py --framework ddqn --epoch 96 --num-dcs 4 --target-util 0.95 --autoscale-mode global_peak --autoscale-max-drop 0.02 --autoscale-max-mult 1500000 --autoscale-max-rows 16000000 --autoscale-search-steps 9 --distribution even
42,burstgpt,ddqn,dc_sweep,4,0.95,0.75,even,0.00,2,run,ok,96,96,final-report,12.165519,49579.300,2209378.2854,19565.526,125938.248,,2.45,0,2026-05-31T15:03:46,2026-05-31T15:06:13,/home/hmoore01/anaconda3/bin/python3 -u simulator_LLM.py --framework ddqn --epoch 96 --num-dcs 4 --target-util 0.95 --autoscale-mode global_peak --autoscale-max-drop 0.02 --autoscale-max-mult 1500000 --autoscale-max-rows 16000000 --autoscale-search-steps 9 --distribution even
43,burstgpt,ddqn,dc_sweep,4,0.95,0.75,even,0.00,3,run,ok,96,96,final-report,11.481331,49504.900,2206225.5630,19607.262,125912.598,,2.74,0,2026-05-31T15:06:13,2026-05-31T15:08:58,/home/hmoore01/anaconda3/bin/python3 -u simulator_LLM.py --framework ddqn --epoch 96 --num-dcs 4 --target-util 0.95 --autoscale-mode global_peak --autoscale-max-drop 0.02 --autoscale-max-mult 1500000 --autoscale-max-rows 16000000 --autoscale-search-steps 9 --distribution even
44,burstgpt,ddqn,dc_sweep,4,0.95,0.75,even,0.00,4,run,ok,96,96,final-report,11.507428,49651.681,2226786.7187,19837.054,126290.344,,2.60,0,2026-05-31T15:08:58,2026-05-31T15:11:34,/home/hmoore01/anaconda3/bin/python3 -u simulator_LLM.py --framework ddqn --epoch 96 --num-dcs 4 --target-util 0.95 --autoscale-mode global_peak --autoscale-max-drop 0.02 --autoscale-max-mult 1500000 --autoscale-max-rows 16000000 --autoscale-search-steps 9 --distribution even
45,burstgpt,ddqn,dc_sweep,4,0.95,0.75,even,0.00,5,run,ok,96,96,final-report,10.941276,49596.187,2161646.2760,19620.238,125412.492,,2.68,0,2026-05-31T15:11:34,2026-05-31T15:14:15,/home/hmoore01/anaconda3/bin/python3 -u simulator_LLM.py --framework ddqn --epoch 96 --num-dcs 4 --target-util 0.95 --autoscale-mode global_peak --autoscale-max-drop 0.02 --autoscale-max-mult 1500000 --autoscale-max-rows 16000000 --autoscale-search-steps 9 --distribution even
46,burstgpt,actorcritic,dc_sweep,4,0.95,0.75,even,0.00,1,run,ok,96,96,final-report,11.203180,49521.466,2234541.8784,19581.590,125959.694,,2.68,0,2026-05-31T15:14:15,2026-05-31T15:16:56,/home/hmoore01/anaconda3/bin/python3 -u simulator_LLM.py --framework actorcritic --epoch 96 --num-dcs 4 --target-util 0.95 --autoscale-mode global_peak --autoscale-max-drop 0.02 --autoscale-max-mult 1500000 --autoscale-max-rows 16000000 --autoscale-search-steps 9 --distribution even
47,burstgpt,actorcritic,dc_sweep,4,0.95,0.75,even,0.00,2,run,ok,96,96,final-report,11.895125,49521.004,2189481.0484,19605.568,125689.560,,2.81,0,2026-05-31T15:16:56,2026-05-31T15:19:44,/home/hmoore01/anaconda3/bin/python3 -u simulator_LLM.py --framework actorcritic --epoch 96 --num-dcs 4 --target-util 0.95 --autoscale-mode global_peak --autoscale-max-drop 0.02 --autoscale-max-mult 1500000 --autoscale-max-rows 16000000 --autoscale-search-steps 9 --distribution even
48,burstgpt,actorcritic,dc_sweep,4,0.95,0.75,even,0.00,3,run,ok,96,96,final-report,11.774610,49582.588,2131812.9809,19875.795,125787.458,,2.75,0,2026-05-31T15:19:44,2026-05-31T15:22:29,/home/hmoore01/anaconda3/bin/python3 -u simulator_LLM.py --framework actorcritic --epoch 96 --num-dcs 4 --target-util 0.95 --autoscale-mode global_peak --autoscale-max-drop 0.02 --autoscale-max-mult 1500000 --autoscale-max-rows 16000000 --autoscale-search-steps 9 --distribution even
49,burstgpt,actorcritic,dc_sweep,4,0.95,0.75,even,0.00,4,run,ok,96,96,final-report,12.011381,49410.301,2215838.0340,19620.568,125499.676,,2.82,0,2026-05-31T15:22:29,2026-05-31T15:25:18,/home/hmoore01/anaconda3/bin/python3 -u simulator_LLM.py --framework actorcritic --epoch 96 --num-dcs 4 --target-util 0.95 --autoscale-mode global_peak --autoscale-max-drop 0.02 --autoscale-max-mult 1500000 --autoscale-max-rows 16000000 --autoscale-search-steps 9 --distribution even
50,burstgpt,actorcritic,dc_sweep,4,0.95,0.75,even,0.00,5,run,ok,96,96,final-report,11.622278,49727.893,2247704.2078,19679.345,126059.699,,2.82,0,2026-05-31T15:25:18,2026-05-31T15:28:07,/home/hmoore01/anaconda3/bin/python3 -u simulator_LLM.py --framework actorcritic --epoch 96 --num-dcs 4 --target-util 0.95 --autoscale-mode global_peak --autoscale-max-drop 0.02 --autoscale-max-mult 1500000 --autoscale-max-rows 16000000 --autoscale-search-steps 9 --distribution even
51,burstgpt,lahyper,dc_sweep,6,0.95,0.75,even,0.00,1,run,ok,96,96,final-report,1.790831,52321.336,2966265.2662,21196.020,142403.136,3304595465789570.50,653.26,0,2026-05-31T15:28:07,2026-06-01T02:22:00,/home/hmoore01/anaconda3/bin/python3 -u simulator_LLM.py --framework lahyper --epoch 96 --num-dcs 6 --target-util 0.95 --autoscale-mode global_peak --autoscale-max-drop 0.02 --autoscale-max-mult 1500000 --autoscale-max-rows 16000000 --autoscale-search-steps 9 --distribution even
51,burstgpt,lahyper,dc_sweep,6,0.95,0.75,even,0.00,1,time_agent,ok,96,96,multi-agent-summary,1.6465,62184.2770,3475770.0040,24963.4910,168885.2600,,,,,,
51,burstgpt,lahyper,dc_sweep,6,0.95,0.75,even,0.00,1,carbon_agent,ok,96,96,multi-agent-summary,2.0151,49757.1620,3099877.1580,21094.8370,140142.1970,,,,,,
51,burstgpt,lahyper,dc_sweep,6,0.95,0.75,even,0.00,1,water_agent,ok,96,96,multi-agent-summary,2.2437,54931.8470,2788045.9290,21267.6670,144248.3960,,,,,,
51,burstgpt,lahyper,dc_sweep,6,0.95,0.75,even,0.00,1,cost_agent,ok,96,96,multi-agent-summary,2.0027,52692.7720,3018256.7410,20247.9950,141090.1800,,,,,,
51,burstgpt,lahyper,dc_sweep,6,0.95,0.75,even,0.00,1,Balanced,ok,96,96,multi-agent-summary,1.7908,52321.3360,2966265.2660,21196.0200,142403.1360,,,,,,
51,burstgpt,lahyper,dc_sweep,6,0.95,0.75,even,0.00,1,Pareto_Sample,ok,96,96,multi-agent-summary,2.3445,337002.6620,18889164.4760,133969.9480,911503.2350,,,,,,
52,burstgpt,lahyper,dc_sweep,6,0.95,0.75,even,0.00,2,run,ok,96,96,final-report,1.819214,18620.379,1148329.3518,6897.159,58062.677,4675644578777751.00,602.81,0,2026-06-01T02:22:00,2026-06-01T12:25:26,/home/hmoore01/anaconda3/bin/python3 -u simulator_LLM.py --framework lahyper --epoch 96 --num-dcs 6 --target-util 0.95 --autoscale-mode global_peak --autoscale-max-drop 0.02 --autoscale-max-mult 1500000 --autoscale-max-rows 16000000 --autoscale-search-steps 9 --distribution even
52,burstgpt,lahyper,dc_sweep,6,0.95,0.75,even,0.00,2,time_agent,ok,96,96,multi-agent-summary,1.5207,33983.9160,2146806.6530,13352.0490,99422.7600,,,,,,
52,burstgpt,lahyper,dc_sweep,6,0.95,0.75,even,0.00,2,carbon_agent,ok,96,96,multi-agent-summary,2.6170,16176.8510,1254439.8510,6633.3180,54661.8940,,,,,,
52,burstgpt,lahyper,dc_sweep,6,0.95,0.75,even,0.00,2,water_agent,ok,96,96,multi-agent-summary,2.0395,20587.9190,995274.3250,6886.5590,58458.3340,,,,,,
52,burstgpt,lahyper,dc_sweep,6,0.95,0.75,even,0.00,2,cost_agent,ok,96,96,multi-agent-summary,2.6546,18117.4260,1205842.7390,6043.6670,55063.3130,,,,,,
52,burstgpt,lahyper,dc_sweep,6,0.95,0.75,even,0.00,2,Balanced,ok,96,96,multi-agent-summary,1.8192,18620.3790,1148329.3520,6897.1590,58062.6770,,,,,,
52,burstgpt,lahyper,dc_sweep,6,0.95,0.75,even,0.00,2,Pareto_Sample,ok,96,96,multi-agent-summary,2.5574,136386.1970,8258485.2320,50031.7600,405335.4830,,,,,,
53,burstgpt,lahyper,dc_sweep,6,0.95,0.75,even,0.00,3,run,ok,96,96,final-report,3.932867,31369.520,1463837.5507,9937.975,79021.977,5135818020385563.00,625.66,0,2026-06-01T12:25:26,2026-06-01T22:51:51,/home/hmoore01/anaconda3/bin/python3 -u simulator_LLM.py --framework lahyper --epoch 96 --num-dcs 6 --target-util 0.95 --autoscale-mode global_peak --autoscale-max-drop 0.02 --autoscale-max-mult 1500000 --autoscale-max-rows 16000000 --autoscale-search-steps 9 --distribution even
53,burstgpt,lahyper,dc_sweep,6,0.95,0.75,even,0.00,3,time_agent,ok,96,96,multi-agent-summary,1.6323,49910.3500,2671780.3550,18566.1130,132842.3490,,,,,,
53,burstgpt,lahyper,dc_sweep,6,0.95,0.75,even,0.00,3,carbon_agent,ok,96,96,multi-agent-summary,3.2835,27364.7580,1890849.1610,10180.5020,79777.6830,,,,,,
53,burstgpt,lahyper,dc_sweep,6,0.95,0.75,even,0.00,3,water_agent,ok,96,96,multi-agent-summary,3.6236,32563.9900,1313734.6600,10106.6220,79461.2520,,,,,,
53,burstgpt,lahyper,dc_sweep,6,0.95,0.75,even,0.00,3,cost_agent,ok,96,96,multi-agent-summary,3.0292,30520.9750,1584193.2600,9329.5760,77893.0790,,,,,,
53,burstgpt,lahyper,dc_sweep,6,0.95,0.75,even,0.00,3,Balanced,ok,96,96,multi-agent-summary,3.9329,31369.5200,1463837.5510,9937.9750,79021.9770,,,,,,
53,burstgpt,lahyper,dc_sweep,6,0.95,0.75,even,0.00,3,Pareto_Sample,ok,96,96,multi-agent-summary,3.2219,209547.2230,11241548.7070,72440.3930,553277.5530,,,,,,
54,burstgpt,lahyper,dc_sweep,6,0.95,0.75,even,0.00,4,run,ok,96,96,final-report,2.126290,48493.050,2944468.3865,19656.073,133984.844,4020509837009302.50,623.43,0,2026-06-01T22:51:51,2026-06-02T09:15:56,/home/hmoore01/anaconda3/bin/python3 -u simulator_LLM.py --framework lahyper --epoch 96 --num-dcs 6 --target-util 0.95 --autoscale-mode global_peak --autoscale-max-drop 0.02 --autoscale-max-mult 1500000 --autoscale-max-rows 16000000 --autoscale-search-steps 9 --distribution even
54,burstgpt,lahyper,dc_sweep,6,0.95,0.75,even,0.00,4,time_agent,ok,96,96,multi-agent-summary,1.8236,59489.8210,3485774.6740,24193.5860,163902.0670,,,,,,
54,burstgpt,lahyper,dc_sweep,6,0.95,0.75,even,0.00,4,carbon_agent,ok,96,96,multi-agent-summary,2.2504,45144.3940,3239671.0810,19708.6440,133698.7300,,,,,,
54,burstgpt,lahyper,dc_sweep,6,0.95,0.75,even,0.00,4,water_agent,ok,96,96,multi-agent-summary,2.2032,51977.9350,2776601.9990,20447.9540,138148.1230,,,,,,
54,burstgpt,lahyper,dc_sweep,6,0.95,0.75,even,0.00,4,cost_agent,ok,96,96,multi-agent-summary,2.2230,47697.4770,3142473.0770,18867.2690,133843.8650,,,,,,
54,burstgpt,lahyper,dc_sweep,6,0.95,0.75,even,0.00,4,Balanced,ok,96,96,multi-agent-summary,2.1263,48493.0500,2944468.3860,19656.0730,133984.8440,,,,,,
54,burstgpt,lahyper,dc_sweep,6,0.95,0.75,even,0.00,4,Pareto_Sample,ok,96,96,multi-agent-summary,2.6127,300971.4790,18229029.9700,120949.4980,832037.7030,,,,,,
55,burstgpt,lahyper,dc_sweep,6,0.95,0.75,even,0.00,5,run,ok,96,96,final-report,2.253093,21970.999,1587345.9983,9536.688,67763.103,4862687098574410.00,623.55,0,2026-06-02T09:15:56,2026-06-02T19:40:18,/home/hmoore01/anaconda3/bin/python3 -u simulator_LLM.py --framework lahyper --epoch 96 --num-dcs 6 --target-util 0.95 --autoscale-mode global_peak --autoscale-max-drop 0.02 --autoscale-max-mult 1500000 --autoscale-max-rows 16000000 --autoscale-search-steps 9 --distribution even
55,burstgpt,lahyper,dc_sweep,6,0.95,0.75,even,0.00,5,time_agent,ok,96,96,multi-agent-summary,1.5375,50156.1800,2911157.1170,20536.6750,138732.0250,,,,,,
55,burstgpt,lahyper,dc_sweep,6,0.95,0.75,even,0.00,5,carbon_agent,ok,96,96,multi-agent-summary,3.7561,18070.9530,1848561.7610,9695.9520,66382.5420,,,,,,
55,burstgpt,lahyper,dc_sweep,6,0.95,0.75,even,0.00,5,water_agent,ok,96,96,multi-agent-summary,7.4809,27826.6980,1202433.1810,10466.3990,73167.2880,,,,,,
55,burstgpt,lahyper,dc_sweep,6,0.95,0.75,even,0.00,5,cost_agent,ok,96,96,multi-agent-summary,4.4199,22156.9140,1743086.2720,8621.5150,67790.2830,,,,,,
55,burstgpt,lahyper,dc_sweep,6,0.95,0.75,even,0.00,5,Balanced,ok,96,96,multi-agent-summary,2.2531,21970.9990,1587345.9980,9536.6880,67763.1030,,,,,,
55,burstgpt,lahyper,dc_sweep,6,0.95,0.75,even,0.00,5,Pareto_Sample,ok,96,96,multi-agent-summary,5.4948,169671.9770,10564314.0140,72054.4220,496228.4400,,,,,,
56,burstgpt,parliament,dc_sweep,6,0.95,0.75,even,0.00,1,run,ok,96,96,final-report,1.868949,37673.759,2148304.3261,15399.453,106270.949,,52.78,0,2026-06-02T19:40:18,2026-06-02T20:33:05,/home/hmoore01/anaconda3/bin/python3 -u simulator_LLM.py --framework parliament --epoch 96 --num-dcs 6 --target-util 0.95 --autoscale-mode global_peak --autoscale-max-drop 0.02 --autoscale-max-mult 1500000 --autoscale-max-rows 16000000 --autoscale-search-steps 9 --distribution even
57,burstgpt,parliament,dc_sweep,6,0.95,0.75,even,0.00,2,run,ok,96,96,final-report,1.854937,42126.523,2220332.7087,16124.727,114168.086,,50.94,0,2026-06-02T20:33:05,2026-06-02T21:24:01,/home/hmoore01/anaconda3/bin/python3 -u simulator_LLM.py --framework parliament --epoch 96 --num-dcs 6 --target-util 0.95 --autoscale-mode global_peak --autoscale-max-drop 0.02 --autoscale-max-mult 1500000 --autoscale-max-rows 16000000 --autoscale-search-steps 9 --distribution even
58,burstgpt,parliament,dc_sweep,6,0.95,0.75,even,0.00,3,run,ok,96,96,final-report,1.916705,40845.438,2504304.2618,18157.674,120301.958,,50.74,0,2026-06-02T21:24:01,2026-06-02T22:14:46,/home/hmoore01/anaconda3/bin/python3 -u simulator_LLM.py --framework parliament --epoch 96 --num-dcs 6 --target-util 0.95 --autoscale-mode global_peak --autoscale-max-drop 0.02 --autoscale-max-mult 1500000 --autoscale-max-rows 16000000 --autoscale-search-steps 9 --distribution even
59,burstgpt,parliament,dc_sweep,6,0.95,0.75,even,0.00,4,run,ok,96,96,final-report,1.900178,42081.054,1997686.0598,16817.494,113533.288,,46.00,0,2026-06-02T22:14:46,2026-06-02T23:00:46,/home/hmoore01/anaconda3/bin/python3 -u simulator_LLM.py --framework parliament --epoch 96 --num-dcs 6 --target-util 0.95 --autoscale-mode global_peak --autoscale-max-drop 0.02 --autoscale-max-mult 1500000 --autoscale-max-rows 16000000 --autoscale-search-steps 9 --distribution even
60,burstgpt,parliament,dc_sweep,6,0.95,0.75,even,0.00,5,run,ok,96,96,final-report,1.854448,37539.761,1981319.2061,15536.415,104469.006,,44.43,0,2026-06-02T23:00:46,2026-06-02T23:45:12,/home/hmoore01/anaconda3/bin/python3 -u simulator_LLM.py --framework parliament --epoch 96 --num-dcs 6 --target-util 0.95 --autoscale-mode global_peak --autoscale-max-drop 0.02 --autoscale-max-mult 1500000 --autoscale-max-rows 16000000 --autoscale-search-steps 9 --distribution even
61,burstgpt,qlearning,dc_sweep,6,0.95,0.75,even,0.00,1,run,ok,96,96,final-report,12.072339,50648.592,2285265.7624,20203.685,128787.304,,2.71,0,2026-06-02T23:45:12,2026-06-02T23:47:54,/home/hmoore01/anaconda3/bin/python3 -u simulator_LLM.py --framework qlearning --epoch 96 --num-dcs 6 --target-util 0.95 --autoscale-mode global_peak --autoscale-max-drop 0.02 --autoscale-max-mult 1500000 --autoscale-max-rows 16000000 --autoscale-search-steps 9 --distribution even
62,burstgpt,qlearning,dc_sweep,6,0.95,0.75,even,0.00,2,run,ok,96,96,final-report,11.489958,50474.746,2281662.5445,20101.979,128677.161,,2.78,0,2026-06-02T23:47:54,2026-06-02T23:50:41,/home/hmoore01/anaconda3/bin/python3 -u simulator_LLM.py --framework qlearning --epoch 96 --num-dcs 6 --target-util 0.95 --autoscale-mode global_peak --autoscale-max-drop 0.02 --autoscale-max-mult 1500000 --autoscale-max-rows 16000000 --autoscale-search-steps 9 --distribution even
63,burstgpt,qlearning,dc_sweep,6,0.95,0.75,even,0.00,3,run,ok,96,96,final-report,11.819168,50348.691,2277454.5513,20000.887,128509.490,,2.79,0,2026-06-02T23:50:41,2026-06-02T23:53:28,/home/hmoore01/anaconda3/bin/python3 -u simulator_LLM.py --framework qlearning --epoch 96 --num-dcs 6 --target-util 0.95 --autoscale-mode global_peak --autoscale-max-drop 0.02 --autoscale-max-mult 1500000 --autoscale-max-rows 16000000 --autoscale-search-steps 9 --distribution even
64,burstgpt,qlearning,dc_sweep,6,0.95,0.75,even,0.00,4,run,ok,96,96,final-report,10.961699,50556.438,2314789.4803,20207.464,128712.454,,2.78,0,2026-06-02T23:53:28,2026-06-02T23:56:15,/home/hmoore01/anaconda3/bin/python3 -u simulator_LLM.py --framework qlearning --epoch 96 --num-dcs 6 --target-util 0.95 --autoscale-mode global_peak --autoscale-max-drop 0.02 --autoscale-max-mult 1500000 --autoscale-max-rows 16000000 --autoscale-search-steps 9 --distribution even
65,burstgpt,qlearning,dc_sweep,6,0.95,0.75,even,0.00,5,run,ok,96,96,final-report,11.051469,50547.065,2164155.6041,19898.501,128305.408,,2.75,0,2026-06-02T23:56:15,2026-06-02T23:59:00,/home/hmoore01/anaconda3/bin/python3 -u simulator_LLM.py --framework qlearning --epoch 96 --num-dcs 6 --target-util 0.95 --autoscale-mode global_peak --autoscale-max-drop 0.02 --autoscale-max-mult 1500000 --autoscale-max-rows 16000000 --autoscale-search-steps 9 --distribution even
66,burstgpt,ddqn,dc_sweep,6,0.95,0.75,even,0.00,1,run,ok,96,96,final-report,11.420286,50752.462,2282639.2850,20327.578,128866.087,,2.94,0,2026-06-02T23:59:00,2026-06-03T00:01:57,/home/hmoore01/anaconda3/bin/python3 -u simulator_LLM.py --framework ddqn --epoch 96 --num-dcs 6 --target-util 0.95 --autoscale-mode global_peak --autoscale-max-drop 0.02 --autoscale-max-mult 1500000 --autoscale-max-rows 16000000 --autoscale-search-steps 9 --distribution even
67,burstgpt,ddqn,dc_sweep,6,0.95,0.75,even,0.00,2,run,ok,96,96,final-report,10.977492,50727.575,2226352.7383,20169.457,128918.363,,2.77,0,2026-06-03T00:01:57,2026-06-03T00:04:43,/home/hmoore01/anaconda3/bin/python3 -u simulator_LLM.py --framework ddqn --epoch 96 --num-dcs 6 --target-util 0.95 --autoscale-mode global_peak --autoscale-max-drop 0.02 --autoscale-max-mult 1500000 --autoscale-max-rows 16000000 --autoscale-search-steps 9 --distribution even
68,burstgpt,ddqn,dc_sweep,6,0.95,0.75,even,0.00,3,run,ok,96,96,final-report,11.150159,50996.050,2202484.8697,20109.541,128611.639,,2.71,0,2026-06-03T00:04:43,2026-06-03T00:07:25,/home/hmoore01/anaconda3/bin/python3 -u simulator_LLM.py --framework ddqn --epoch 96 --num-dcs 6 --target-util 0.95 --autoscale-mode global_peak --autoscale-max-drop 0.02 --autoscale-max-mult 1500000 --autoscale-max-rows 16000000 --autoscale-search-steps 9 --distribution even
69,burstgpt,ddqn,dc_sweep,6,0.95,0.75,even,0.00,4,run,ok,96,96,final-report,10.848840,51015.035,2269041.6336,20237.793,129099.670,,2.86,0,2026-06-03T00:07:25,2026-06-03T00:10:17,/home/hmoore01/anaconda3/bin/python3 -u simulator_LLM.py --framework ddqn --epoch 96 --num-dcs 6 --target-util 0.95 --autoscale-mode global_peak --autoscale-max-drop 0.02 --autoscale-max-mult 1500000 --autoscale-max-rows 16000000 --autoscale-search-steps 9 --distribution even
70,burstgpt,ddqn,dc_sweep,6,0.95,0.75,even,0.00,5,run,ok,96,96,final-report,11.788962,50815.646,2259034.4421,20208.938,128872.145,,2.83,0,2026-06-03T00:10:17,2026-06-03T00:13:06,/home/hmoore01/anaconda3/bin/python3 -u simulator_LLM.py --framework ddqn --epoch 96 --num-dcs 6 --target-util 0.95 --autoscale-mode global_peak --autoscale-max-drop 0.02 --autoscale-max-mult 1500000 --autoscale-max-rows 16000000 --autoscale-search-steps 9 --distribution even
71,burstgpt,actorcritic,dc_sweep,6,0.95,0.75,even,0.00,1,run,ok,96,96,final-report,11.721292,51017.961,2227281.0304,20120.646,128434.953,,2.91,0,2026-06-03T00:13:06,2026-06-03T00:16:01,/home/hmoore01/anaconda3/bin/python3 -u simulator_LLM.py --framework actorcritic --epoch 96 --num-dcs 6 --target-util 0.95 --autoscale-mode global_peak --autoscale-max-drop 0.02 --autoscale-max-mult 1500000 --autoscale-max-rows 16000000 --autoscale-search-steps 9 --distribution even
72,burstgpt,actorcritic,dc_sweep,6,0.95,0.75,even,0.00,2,run,ok,96,96,final-report,11.866667,50761.177,2276322.6286,20095.062,129105.589,,2.98,0,2026-06-03T00:16:01,2026-06-03T00:19:00,/home/hmoore01/anaconda3/bin/python3 -u simulator_LLM.py --framework actorcritic --epoch 96 --num-dcs 6 --target-util 0.95 --autoscale-mode global_peak --autoscale-max-drop 0.02 --autoscale-max-mult 1500000 --autoscale-max-rows 16000000 --autoscale-search-steps 9 --distribution even
73,burstgpt,actorcritic,dc_sweep,6,0.95,0.75,even,0.00,3,run,ok,96,96,final-report,11.374953,50342.059,2216344.2193,20038.926,128278.183,,3.00,0,2026-06-03T00:19:00,2026-06-03T00:22:00,/home/hmoore01/anaconda3/bin/python3 -u simulator_LLM.py --framework actorcritic --epoch 96 --num-dcs 6 --target-util 0.95 --autoscale-mode global_peak --autoscale-max-drop 0.02 --autoscale-max-mult 1500000 --autoscale-max-rows 16000000 --autoscale-search-steps 9 --distribution even
74,burstgpt,actorcritic,dc_sweep,6,0.95,0.75,even,0.00,4,run,ok,96,96,final-report,11.856744,50687.447,2260480.3266,20080.242,128928.867,,2.98,0,2026-06-03T00:22:00,2026-06-03T00:24:59,/home/hmoore01/anaconda3/bin/python3 -u simulator_LLM.py --framework actorcritic --epoch 96 --num-dcs 6 --target-util 0.95 --autoscale-mode global_peak --autoscale-max-drop 0.02 --autoscale-max-mult 1500000 --autoscale-max-rows 16000000 --autoscale-search-steps 9 --distribution even
75,burstgpt,actorcritic,dc_sweep,6,0.95,0.75,even,0.00,5,run,ok,96,96,final-report,11.371697,50848.218,2249509.4393,20215.045,128598.445,,2.99,0,2026-06-03T00:24:59,2026-06-03T00:27:58,/home/hmoore01/anaconda3/bin/python3 -u simulator_LLM.py --framework actorcritic --epoch 96 --num-dcs 6 --target-util 0.95 --autoscale-mode global_peak --autoscale-max-drop 0.02 --autoscale-max-mult 1500000 --autoscale-max-rows 16000000 --autoscale-search-steps 9 --distribution even
76,burstgpt,lahyper,dc_sweep,12,0.95,0.75,even,0.00,1,run,ok,96,96,final-report,2.029531,29700.572,554507.3567,10934.293,68736.801,9737253892007406.00,619.54,0,2026-06-03T00:27:58,2026-06-03T10:48:10,/home/hmoore01/anaconda3/bin/python3 -u simulator_LLM.py --framework lahyper --epoch 96 --num-dcs 12 --target-util 0.95 --autoscale-mode global_peak --autoscale-max-drop 0.02 --autoscale-max-mult 1500000 --autoscale-max-rows 16000000 --autoscale-search-steps 9 --distribution even
76,burstgpt,lahyper,dc_sweep,12,0.95,0.75,even,0.00,1,time_agent,ok,96,96,multi-agent-summary,1.5397,41618.1360,1628273.6390,16120.5240,106267.1920,,,,,,
76,burstgpt,lahyper,dc_sweep,12,0.95,0.75,even,0.00,1,carbon_agent,ok,96,96,multi-agent-summary,7.3399,25988.0290,863825.2150,10761.2460,67810.9830,,,,,,
76,burstgpt,lahyper,dc_sweep,12,0.95,0.75,even,0.00,1,water_agent,ok,96,96,multi-agent-summary,3.0825,30168.9480,432555.0350,10964.1230,68273.5520,,,,,,
76,burstgpt,lahyper,dc_sweep,12,0.95,0.75,even,0.00,1,cost_agent,ok,96,96,multi-agent-summary,5.0344,28736.2850,708488.0190,9848.6780,66836.6070,,,,,,
76,burstgpt,lahyper,dc_sweep,12,0.95,0.75,even,0.00,1,Balanced,ok,96,96,multi-agent-summary,2.0295,29700.5720,554507.3570,10934.2930,68736.8010,,,,,,
76,burstgpt,lahyper,dc_sweep,12,0.95,0.75,even,0.00,1,Pareto_Sample,ok,96,96,multi-agent-summary,3.0150,196370.8710,6164070.5550,73820.5500,484428.3410,,,,,,
77,burstgpt,lahyper,dc_sweep,12,0.95,0.75,even,0.00,2,run,ok,96,96,final-report,2.408072,12534.267,376182.2288,9503.037,43642.488,12272185875071598.00,657.82,0,2026-06-03T10:48:10,2026-06-03T21:46:41,/home/hmoore01/anaconda3/bin/python3 -u simulator_LLM.py --framework lahyper --epoch 96 --num-dcs 12 --target-util 0.95 --autoscale-mode global_peak --autoscale-max-drop 0.02 --autoscale-max-mult 1500000 --autoscale-max-rows 16000000 --autoscale-search-steps 9 --distribution even
77,burstgpt,lahyper,dc_sweep,12,0.95,0.75,even,0.00,2,time_agent,ok,96,96,multi-agent-summary,1.7909,49080.3430,2763495.9300,20631.4580,136064.3710,,,,,,
77,burstgpt,lahyper,dc_sweep,12,0.95,0.75,even,0.00,2,carbon_agent,ok,96,96,multi-agent-summary,2.7274,10718.0320,501449.9190,9376.8460,42498.6620,,,,,,
77,burstgpt,lahyper,dc_sweep,12,0.95,0.75,even,0.00,2,water_agent,ok,96,96,multi-agent-summary,2.8043,12389.3880,322874.8620,9660.0740,43462.9120,,,,,,
77,burstgpt,lahyper,dc_sweep,12,0.95,0.75,even,0.00,2,cost_agent,ok,96,96,multi-agent-summary,2.8470,12586.8950,600659.1850,8681.2660,43750.6160,,,,,,
77,burstgpt,lahyper,dc_sweep,12,0.95,0.75,even,0.00,2,Balanced,ok,96,96,multi-agent-summary,2.4081,12534.2670,376182.2290,9503.0370,43642.4880,,,,,,
77,burstgpt,lahyper,dc_sweep,12,0.95,0.75,even,0.00,2,Pareto_Sample,ok,96,96,multi-agent-summary,2.4751,162303.6840,8552212.5710,84909.7490,492880.7170,,,,,,
78,burstgpt,lahyper,dc_sweep,12,0.95,0.75,even,0.00,3,run,ok,96,96,final-report,2.369400,20481.535,1495114.3781,7606.067,62024.534,13971815918793022.00,590.85,0,2026-06-03T21:46:41,2026-06-04T07:38:14,/home/hmoore01/anaconda3/bin/python3 -u simulator_LLM.py --framework lahyper --epoch 96 --num-dcs 12 --target-util 0.95 --autoscale-mode global_peak --autoscale-max-drop 0.02 --autoscale-max-mult 1500000 --autoscale-max-rows 16000000 --autoscale-search-steps 9 --distribution even
78,burstgpt,lahyper,dc_sweep,12,0.95,0.75,even,0.00,3,time_agent,ok,96,96,multi-agent-summary,1.6806,47482.9280,2779067.2240,18792.1470,131929.4240,,,,,,
78,burstgpt,lahyper,dc_sweep,12,0.95,0.75,even,0.00,3,carbon_agent,ok,96,96,multi-agent-summary,2.6499,15789.0360,1880878.2690,7606.3460,61025.2280,,,,,,
78,burstgpt,lahyper,dc_sweep,12,0.95,0.75,even,0.00,3,water_agent,ok,96,96,multi-agent-summary,3.9591,23892.5370,1263515.4100,8582.8710,66413.1270,,,,,,
78,burstgpt,lahyper,dc_sweep,12,0.95,0.75,even,0.00,3,cost_agent,ok,96,96,multi-agent-summary,2.4786,19426.5960,1744229.4510,6687.2890,61800.4500,,,,,,
78,burstgpt,lahyper,dc_sweep,12,0.95,0.75,even,0.00,3,Balanced,ok,96,96,multi-agent-summary,2.3694,20481.5350,1495114.3780,7606.0670,62024.5340,,,,,,
78,burstgpt,lahyper,dc_sweep,12,0.95,0.75,even,0.00,3,Pareto_Sample,ok,96,96,multi-agent-summary,5.7697,165522.1210,11137966.2140,64111.0120,487230.0240,,,,,,
79,burstgpt,lahyper,dc_sweep,12,0.95,0.75,even,0.00,4,run,ok,96,96,final-report,2.405766,23753.845,1621045.0931,11027.893,73809.395,14204588916686140.00,699.67,0,2026-06-04T18:00:35,2026-06-05T05:41:00,/home/hmoore01/anaconda3/envs/mrl/bin/python3 -u simulator_LLM.py --framework lahyper --epoch 96 --num-dcs 12 --target-util 0.95 --autoscale-mode global_peak --autoscale-max-drop 0.02 --autoscale-max-mult 1500000 --autoscale-max-rows 16000000 --autoscale-search-steps 9 --distribution even
79,burstgpt,lahyper,dc_sweep,12,0.95,0.75,even,0.00,4,time_agent,ok,96,96,multi-agent-summary,1.8250,49768.2150,2980009.0590,20837.0890,139927.6450,,,,,,
79,burstgpt,lahyper,dc_sweep,12,0.95,0.75,even,0.00,4,carbon_agent,ok,96,96,multi-agent-summary,2.4427,19800.3770,1998173.9780,11143.3860,73770.2010,,,,,,
79,burstgpt,lahyper,dc_sweep,12,0.95,0.75,even,0.00,4,water_agent,ok,96,96,multi-agent-summary,4.4325,27086.0490,1340690.5510,12315.8000,77047.4570,,,,,,
79,burstgpt,lahyper,dc_sweep,12,0.95,0.75,even,0.00,4,cost_agent,ok,96,96,multi-agent-summary,2.5931,24218.4360,1979190.0050,9873.9300,75247.8910,,,,,,
79,burstgpt,lahyper,dc_sweep,12,0.95,0.75,even,0.00,4,Balanced,ok,96,96,multi-agent-summary,2.4058,23753.8450,1621045.0930,11027.8930,73809.3950,,,,,,
79,burstgpt,lahyper,dc_sweep,12,0.95,0.75,even,0.00,4,Pareto_Sample,ok,96,96,multi-agent-summary,2.9318,187523.0280,11807130.1790,81742.2430,548654.4450,,,,,,
80,burstgpt,lahyper,dc_sweep,12,0.95,0.75,even,0.00,5,run,ok,96,96,final-report,2.322851,21662.189,1034585.5115,12029.118,66085.408,11161828765517656.00,712.43,0,2026-06-05T05:41:00,2026-06-05T17:34:12,/home/hmoore01/anaconda3/envs/mrl/bin/python3 -u simulator_LLM.py --framework lahyper --epoch 96 --num-dcs 12 --target-util 0.95 --autoscale-mode global_peak --autoscale-max-drop 0.02 --autoscale-max-mult 1500000 --autoscale-max-rows 16000000 --autoscale-search-steps 9 --distribution even
80,burstgpt,lahyper,dc_sweep,12,0.95,0.75,even,0.00,5,time_agent,ok,96,96,multi-agent-summary,1.8088,52638.4580,3031891.8860,22097.2750,145722.6180,,,,,,
80,burstgpt,lahyper,dc_sweep,12,0.95,0.75,even,0.00,5,carbon_agent,ok,96,96,multi-agent-summary,3.1597,18299.7040,1337595.5660,12232.6130,66023.6220,,,,,,
80,burstgpt,lahyper,dc_sweep,12,0.95,0.75,even,0.00,5,water_agent,ok,96,96,multi-agent-summary,3.8566,22680.2430,885596.5510,12677.8340,67294.8590,,,,,,
80,burstgpt,lahyper,dc_sweep,12,0.95,0.75,even,0.00,5,cost_agent,ok,96,96,multi-agent-summary,3.5107,22154.0460,1294210.8790,11024.9470,66999.2730,,,,,,
80,burstgpt,lahyper,dc_sweep,12,0.95,0.75,even,0.00,5,Balanced,ok,96,96,multi-agent-summary,2.3229,21662.1890,1034585.5110,12029.1180,66085.4080,,,,,,
80,burstgpt,lahyper,dc_sweep,12,0.95,0.75,even,0.00,5,Pareto_Sample,ok,96,96,multi-agent-summary,3.9040,180094.0090,10180618.2610,90023.1670,537951.8330,,,,,,
81,burstgpt,parliament,dc_sweep,12,0.95,0.75,even,0.00,1,run,ok,96,96,final-report,2.213616,38485.408,2226963.8232,16051.276,107119.956,,58.21,0,2026-06-05T17:34:12,2026-06-05T18:32:24,/home/hmoore01/anaconda3/envs/mrl/bin/python3 -u simulator_LLM.py --framework parliament --epoch 96 --num-dcs 12 --target-util 0.95 --autoscale-mode global_peak --autoscale-max-drop 0.02 --autoscale-max-mult 1500000 --autoscale-max-rows 16000000 --autoscale-search-steps 9 --distribution even
82,burstgpt,parliament,dc_sweep,12,0.95,0.75,even,0.00,2,run,ok,96,96,final-report,2.185594,40706.259,2160513.1694,15594.123,108380.458,,59.29,0,2026-06-05T18:32:24,2026-06-05T19:31:41,/home/hmoore01/anaconda3/envs/mrl/bin/python3 -u simulator_LLM.py --framework parliament --epoch 96 --num-dcs 12 --target-util 0.95 --autoscale-mode global_peak --autoscale-max-drop 0.02 --autoscale-max-mult 1500000 --autoscale-max-rows 16000000 --autoscale-search-steps 9 --distribution even
83,burstgpt,parliament,dc_sweep,12,0.95,0.75,even,0.00,3,run,ok,96,96,final-report,2.256220,39185.719,2472008.8520,15590.144,110348.099,,59.31,0,2026-06-05T19:31:41,2026-06-05T20:31:00,/home/hmoore01/anaconda3/envs/mrl/bin/python3 -u simulator_LLM.py --framework parliament --epoch 96 --num-dcs 12 --target-util 0.95 --autoscale-mode global_peak --autoscale-max-drop 0.02 --autoscale-max-mult 1500000 --autoscale-max-rows 16000000 --autoscale-search-steps 9 --distribution even
84,burstgpt,parliament,dc_sweep,12,0.95,0.75,even,0.00,4,run,ok,96,96,final-report,2.137192,39765.792,2121990.2184,15395.301,105449.182,,57.85,0,2026-06-05T20:31:00,2026-06-05T21:28:51,/home/hmoore01/anaconda3/envs/mrl/bin/python3 -u simulator_LLM.py --framework parliament --epoch 96 --num-dcs 12 --target-util 0.95 --autoscale-mode global_peak --autoscale-max-drop 0.02 --autoscale-max-mult 1500000 --autoscale-max-rows 16000000 --autoscale-search-steps 9 --distribution even
85,burstgpt,parliament,dc_sweep,12,0.95,0.75,even,0.00,5,run,ok,96,96,final-report,2.213852,37678.886,2150112.6821,15586.905,104153.901,,56.91,0,2026-06-05T21:28:51,2026-06-05T22:25:46,/home/hmoore01/anaconda3/envs/mrl/bin/python3 -u simulator_LLM.py --framework parliament --epoch 96 --num-dcs 12 --target-util 0.95 --autoscale-mode global_peak --autoscale-max-drop 0.02 --autoscale-max-mult 1500000 --autoscale-max-rows 16000000 --autoscale-search-steps 9 --distribution even
86,burstgpt,qlearning,dc_sweep,12,0.95,0.75,even,0.00,1,run,ok,96,96,final-report,11.376740,50400.737,2288031.0830,19838.448,128685.704,,3.37,0,2026-06-05T22:25:46,2026-06-05T22:29:08,/home/hmoore01/anaconda3/envs/mrl/bin/python3 -u simulator_LLM.py --framework qlearning --epoch 96 --num-dcs 12 --target-util 0.95 --autoscale-mode global_peak --autoscale-max-drop 0.02 --autoscale-max-mult 1500000 --autoscale-max-rows 16000000 --autoscale-search-steps 9 --distribution even
87,burstgpt,qlearning,dc_sweep,12,0.95,0.75,even,0.00,2,run,ok,96,96,final-report,11.117160,50601.018,2188653.4046,20064.434,128247.568,,3.30,0,2026-06-05T22:29:08,2026-06-05T22:32:26,/home/hmoore01/anaconda3/envs/mrl/bin/python3 -u simulator_LLM.py --framework qlearning --epoch 96 --num-dcs 12 --target-util 0.95 --autoscale-mode global_peak --autoscale-max-drop 0.02 --autoscale-max-mult 1500000 --autoscale-max-rows 16000000 --autoscale-search-steps 9 --distribution even
88,burstgpt,qlearning,dc_sweep,12,0.95,0.75,even,0.00,3,run,ok,96,96,final-report,11.284951,50270.949,2196798.3508,20211.322,128469.375,,3.32,0,2026-06-05T22:32:26,2026-06-05T22:35:45,/home/hmoore01/anaconda3/envs/mrl/bin/python3 -u simulator_LLM.py --framework qlearning --epoch 96 --num-dcs 12 --target-util 0.95 --autoscale-mode global_peak --autoscale-max-drop 0.02 --autoscale-max-mult 1500000 --autoscale-max-rows 16000000 --autoscale-search-steps 9 --distribution even
89,burstgpt,qlearning,dc_sweep,12,0.95,0.75,even,0.00,4,run,ok,96,96,final-report,11.568842,50609.771,2323539.8761,20036.432,129076.962,,3.29,0,2026-06-05T22:35:45,2026-06-05T22:39:02,/home/hmoore01/anaconda3/envs/mrl/bin/python3 -u simulator_LLM.py --framework qlearning --epoch 96 --num-dcs 12 --target-util 0.95 --autoscale-mode global_peak --autoscale-max-drop 0.02 --autoscale-max-mult 1500000 --autoscale-max-rows 16000000 --autoscale-search-steps 9 --distribution even
90,burstgpt,qlearning,dc_sweep,12,0.95,0.75,even,0.00,5,run,ok,96,96,final-report,11.513007,50675.899,2233763.7978,20150.151,128947.215,,3.26,0,2026-06-05T22:39:02,2026-06-05T22:42:18,/home/hmoore01/anaconda3/envs/mrl/bin/python3 -u simulator_LLM.py --framework qlearning --epoch 96 --num-dcs 12 --target-util 0.95 --autoscale-mode global_peak --autoscale-max-drop 0.02 --autoscale-max-mult 1500000 --autoscale-max-rows 16000000 --autoscale-search-steps 9 --distribution even
91,burstgpt,ddqn,dc_sweep,12,0.95,0.75,even,0.00,1,run,ok,96,96,final-report,10.826409,50842.867,2338933.4070,20263.150,129336.808,,3.35,0,2026-06-05T22:42:18,2026-06-05T22:45:39,/home/hmoore01/anaconda3/envs/mrl/bin/python3 -u simulator_LLM.py --framework ddqn --epoch 96 --num-dcs 12 --target-util 0.95 --autoscale-mode global_peak --autoscale-max-drop 0.02 --autoscale-max-mult 1500000 --autoscale-max-rows 16000000 --autoscale-search-steps 9 --distribution even
92,burstgpt,ddqn,dc_sweep,12,0.95,0.75,even,0.00,2,run,ok,96,96,final-report,11.239335,50708.489,2287600.3388,20216.025,129097.737,,3.42,0,2026-06-05T22:45:39,2026-06-05T22:49:04,/home/hmoore01/anaconda3/envs/mrl/bin/python3 -u simulator_LLM.py --framework ddqn --epoch 96 --num-dcs 12 --target-util 0.95 --autoscale-mode global_peak --autoscale-max-drop 0.02 --autoscale-max-mult 1500000 --autoscale-max-rows 16000000 --autoscale-search-steps 9 --distribution even
93,burstgpt,ddqn,dc_sweep,12,0.95,0.75,even,0.00,3,run,ok,96,96,final-report,11.593131,51234.054,2237580.5162,20025.721,129040.712,,3.40,0,2026-06-05T22:49:04,2026-06-05T22:52:28,/home/hmoore01/anaconda3/envs/mrl/bin/python3 -u simulator_LLM.py --framework ddqn --epoch 96 --num-dcs 12 --target-util 0.95 --autoscale-mode global_peak --autoscale-max-drop 0.02 --autoscale-max-mult 1500000 --autoscale-max-rows 16000000 --autoscale-search-steps 9 --distribution even
94,burstgpt,ddqn,dc_sweep,12,0.95,0.75,even,0.00,4,run,ok,96,96,final-report,11.664101,50675.230,2256549.8559,20094.126,128693.688,,3.41,0,2026-06-05T22:52:28,2026-06-05T22:55:53,/home/hmoore01/anaconda3/envs/mrl/bin/python3 -u simulator_LLM.py --framework ddqn --epoch 96 --num-dcs 12 --target-util 0.95 --autoscale-mode global_peak --autoscale-max-drop 0.02 --autoscale-max-mult 1500000 --autoscale-max-rows 16000000 --autoscale-search-steps 9 --distribution even
95,burstgpt,ddqn,dc_sweep,12,0.95,0.75,even,0.00,5,run,ok,96,96,final-report,11.451527,50472.901,2209427.9303,20026.720,128475.126,,3.37,0,2026-06-05T22:55:53,2026-06-05T22:59:15,/home/hmoore01/anaconda3/envs/mrl/bin/python3 -u simulator_LLM.py --framework ddqn --epoch 96 --num-dcs 12 --target-util 0.95 --autoscale-mode global_peak --autoscale-max-drop 0.02 --autoscale-max-mult 1500000 --autoscale-max-rows 16000000 --autoscale-search-steps 9 --distribution even
96,burstgpt,actorcritic,dc_sweep,12,0.95,0.75,even,0.00,1,run,ok,96,96,final-report,11.608734,50948.110,2282638.6700,20035.404,129206.874,,3.34,0,2026-06-05T22:59:15,2026-06-05T23:02:35,/home/hmoore01/anaconda3/envs/mrl/bin/python3 -u simulator_LLM.py --framework actorcritic --epoch 96 --num-dcs 12 --target-util 0.95 --autoscale-mode global_peak --autoscale-max-drop 0.02 --autoscale-max-mult 1500000 --autoscale-max-rows 16000000 --autoscale-search-steps 9 --distribution even
97,burstgpt,actorcritic,dc_sweep,12,0.95,0.75,even,0.00,2,run,ok,96,96,final-report,11.344035,51050.903,2213042.0966,20155.021,128882.672,,3.30,0,2026-06-05T23:02:35,2026-06-05T23:05:53,/home/hmoore01/anaconda3/envs/mrl/bin/python3 -u simulator_LLM.py --framework actorcritic --epoch 96 --num-dcs 12 --target-util 0.95 --autoscale-mode global_peak --autoscale-max-drop 0.02 --autoscale-max-mult 1500000 --autoscale-max-rows 16000000 --autoscale-search-steps 9 --distribution even
98,burstgpt,actorcritic,dc_sweep,12,0.95,0.75,even,0.00,3,run,ok,96,96,final-report,11.851855,50883.565,2231812.8944,20192.955,128703.544,,3.27,0,2026-06-05T23:05:53,2026-06-05T23:09:09,/home/hmoore01/anaconda3/envs/mrl/bin/python3 -u simulator_LLM.py --framework actorcritic --epoch 96 --num-dcs 12 --target-util 0.95 --autoscale-mode global_peak --autoscale-max-drop 0.02 --autoscale-max-mult 1500000 --autoscale-max-rows 16000000 --autoscale-search-steps 9 --distribution even
99,burstgpt,actorcritic,dc_sweep,12,0.95,0.75,even,0.00,4,run,ok,96,96,final-report,11.150290,50853.164,2267561.5790,20253.578,128940.345,,3.27,0,2026-06-05T23:09:09,2026-06-05T23:12:25,/home/hmoore01/anaconda3/envs/mrl/bin/python3 -u simulator_LLM.py --framework actorcritic --epoch 96 --num-dcs 12 --target-util 0.95 --autoscale-mode global_peak --autoscale-max-drop 0.02 --autoscale-max-mult 1500000 --autoscale-max-rows 16000000 --autoscale-search-steps 9 --distribution even
100,burstgpt,actorcritic,dc_sweep,12,0.95,0.75,even,0.00,5,run,ok,96,96,final-report,11.452976,51194.283,2267833.6989,20196.756,129179.114,,3.24,0,2026-06-05T23:12:25,2026-06-05T23:15:40,/home/hmoore01/anaconda3/envs/mrl/bin/python3 -u simulator_LLM.py --framework actorcritic --epoch 96 --num-dcs 12 --target-util 0.95 --autoscale-mode global_peak --autoscale-max-drop 0.02 --autoscale-max-mult 1500000 --autoscale-max-rows 16000000 --autoscale-search-steps 9 --distribution even
101,burstgpt,lahyper,util_sweep,8,0.65,0.75,even,0.00,1,run,ok,96,96,final-report,2.672935,24262.501,1500413.6874,10590.401,70089.518,4053827307740390.00,449.21,0,2026-06-05T23:15:40,2026-06-06T06:45:38,/home/hmoore01/anaconda3/envs/mrl/bin/python3 -u simulator_LLM.py --framework lahyper --epoch 96 --num-dcs 8 --target-util 0.65 --autoscale-mode global_peak --autoscale-max-drop 0.02 --autoscale-max-mult 1500000 --autoscale-max-rows 16000000 --autoscale-search-steps 9 --distribution even
101,burstgpt,lahyper,util_sweep,8,0.65,0.75,even,0.00,1,time_agent,ok,96,96,multi-agent-summary,1.7687,48110.8320,2768784.7460,19577.3480,131669.1620,,,,,,
101,burstgpt,lahyper,util_sweep,8,0.65,0.75,even,0.00,1,carbon_agent,ok,96,96,multi-agent-summary,3.3925,21701.8930,1745909.0360,10412.8970,69156.1600,,,,,,
101,burstgpt,lahyper,util_sweep,8,0.65,0.75,even,0.00,1,water_agent,ok,96,96,multi-agent-summary,3.3098,26883.6860,1344438.1810,10916.9990,72217.7260,,,,,,
101,burstgpt,lahyper,util_sweep,8,0.65,0.75,even,0.00,1,cost_agent,ok,96,96,multi-agent-summary,3.3296,24769.7180,1589498.4870,9703.6810,69626.1340,,,,,,
101,burstgpt,lahyper,util_sweep,8,0.65,0.75,even,0.00,1,Balanced,ok,96,96,multi-agent-summary,2.6729,24262.5010,1500413.6870,10590.4010,70089.5180,,,,,,
101,burstgpt,lahyper,util_sweep,8,0.65,0.75,even,0.00,1,Pareto_Sample,ok,96,96,multi-agent-summary,3.6650,192474.2070,11657366.2560,80959.7380,544562.4340,,,,,,
102,burstgpt,lahyper,util_sweep,8,0.65,0.75,even,0.00,2,run,ok,96,96,final-report,2.251043,30337.041,1744221.3239,12373.423,84184.814,3082345108004177.00,478.40,0,2026-06-06T06:45:38,2026-06-06T14:44:51,/home/hmoore01/anaconda3/envs/mrl/bin/python3 -u simulator_LLM.py --framework lahyper --epoch 96 --num-dcs 8 --target-util 0.65 --autoscale-mode global_peak --autoscale-max-drop 0.02 --autoscale-max-mult 1500000 --autoscale-max-rows 16000000 --autoscale-search-steps 9 --distribution even
102,burstgpt,lahyper,util_sweep,8,0.65,0.75,even,0.00,2,time_agent,ok,96,96,multi-agent-summary,1.6608,49628.7670,2710120.3780,20298.3270,135175.8480,,,,,,
102,burstgpt,lahyper,util_sweep,8,0.65,0.75,even,0.00,2,carbon_agent,ok,96,96,multi-agent-summary,2.4075,26856.3820,2038839.0180,12163.3450,82816.4300,,,,,,
102,burstgpt,lahyper,util_sweep,8,0.65,0.75,even,0.00,2,water_agent,ok,96,96,multi-agent-summary,4.1351,32381.2920,1556172.5390,12628.3480,85167.9950,,,,,,
102,burstgpt,lahyper,util_sweep,8,0.65,0.75,even,0.00,2,cost_agent,ok,96,96,multi-agent-summary,3.8927,30425.2120,1826987.7700,11503.4150,83451.7230,,,,,,
102,burstgpt,lahyper,util_sweep,8,0.65,0.75,even,0.00,2,Balanced,ok,96,96,multi-agent-summary,2.2510,30337.0410,1744221.3240,12373.4230,84184.8140,,,,,,
102,burstgpt,lahyper,util_sweep,8,0.65,0.75,even,0.00,2,Pareto_Sample,ok,96,96,multi-agent-summary,3.6145,206374.7100,11477407.2480,83923.3490,568292.3920,,,,,,
103,burstgpt,lahyper,util_sweep,8,0.65,0.75,even,0.00,3,run,ok,96,96,final-report,3.053572,9185.385,1256440.6298,3659.254,35850.132,3750016379937640.00,467.99,0,2026-06-06T14:44:51,2026-06-06T22:33:41,/home/hmoore01/anaconda3/envs/mrl/bin/python3 -u simulator_LLM.py --framework lahyper --epoch 96 --num-dcs 8 --target-util 0.65 --autoscale-mode global_peak --autoscale-max-drop 0.02 --autoscale-max-mult 1500000 --autoscale-max-rows 16000000 --autoscale-search-steps 9 --distribution even
103,burstgpt,lahyper,util_sweep,8,0.65,0.75,even,0.00,3,time_agent,ok,96,96,multi-agent-summary,1.8409,47552.4120,2926879.5870,19564.9190,133189.1560,,,,,,
103,burstgpt,lahyper,util_sweep,8,0.65,0.75,even,0.00,3,carbon_agent,ok,96,96,multi-agent-summary,5.5015,6666.8200,1489759.1320,3724.3170,35961.7910,,,,,,
103,burstgpt,lahyper,util_sweep,8,0.65,0.75,even,0.00,3,water_agent,ok,96,96,multi-agent-summary,6.0067,13429.0260,1035038.6200,4158.1480,40055.9810,,,,,,
103,burstgpt,lahyper,util_sweep,8,0.65,0.75,even,0.00,3,cost_agent,ok,96,96,multi-agent-summary,6.2342,9807.1300,1249548.8820,3075.9340,35632.0810,,,,,,
103,burstgpt,lahyper,util_sweep,8,0.65,0.75,even,0.00,3,Balanced,ok,96,96,multi-agent-summary,3.0536,9185.3850,1256440.6300,3659.2540,35850.1320,,,,,,
103,burstgpt,lahyper,util_sweep,8,0.65,0.75,even,0.00,3,Pareto_Sample,ok,96,96,multi-agent-summary,8.2520,115552.2150,10049621.5500,45794.2760,363046.6720,,,,,,
104,burstgpt,lahyper,util_sweep,8,0.65,0.75,even,0.00,4,run,ok,96,96,final-report,2.964224,11749.291,824912.2813,3964.393,34174.044,4428560207716719.00,439.44,0,2026-06-06T22:33:41,2026-06-07T05:53:57,/home/hmoore01/anaconda3/envs/mrl/bin/python3 -u simulator_LLM.py --framework lahyper --epoch 96 --num-dcs 8 --target-util 0.65 --autoscale-mode global_peak --autoscale-max-drop 0.02 --autoscale-max-mult 1500000 --autoscale-max-rows 16000000 --autoscale-search-steps 9 --distribution even
104,burstgpt,lahyper,util_sweep,8,0.65,0.75,even,0.00,4,time_agent,ok,96,96,multi-agent-summary,1.8426,43168.3400,2569129.4310,17303.7620,118407.7070,,,,,,
104,burstgpt,lahyper,util_sweep,8,0.65,0.75,even,0.00,4,carbon_agent,ok,96,96,multi-agent-summary,3.2661,7750.2110,1316742.5890,3736.5640,34508.1740,,,,,,
104,burstgpt,lahyper,util_sweep,8,0.65,0.75,even,0.00,4,water_agent,ok,96,96,multi-agent-summary,5.0848,16989.2570,508654.7240,4861.9430,38578.6650,,,,,,
104,burstgpt,lahyper,util_sweep,8,0.65,0.75,even,0.00,4,cost_agent,ok,96,96,multi-agent-summary,3.6428,11436.1570,1037294.4190,3201.3660,34389.6340,,,,,,
104,burstgpt,lahyper,util_sweep,8,0.65,0.75,even,0.00,4,Balanced,ok,96,96,multi-agent-summary,2.9642,11749.2910,824912.2810,3964.3930,34174.0440,,,,,,
104,burstgpt,lahyper,util_sweep,8,0.65,0.75,even,0.00,4,Pareto_Sample,ok,96,96,multi-agent-summary,7.8799,116978.9920,7881988.7880,42859.4320,330331.9930,,,,,,
105,burstgpt,lahyper,util_sweep,8,0.65,0.75,even,0.00,5,run,ok,96,96,final-report,2.952817,16315.924,784905.9897,7421.052,46873.222,3738213626143647.00,463.39,0,2026-06-07T05:53:57,2026-06-07T13:38:11,/home/hmoore01/anaconda3/envs/mrl/bin/python3 -u simulator_LLM.py --framework lahyper --epoch 96 --num-dcs 8 --target-util 0.65 --autoscale-mode global_peak --autoscale-max-drop 0.02 --autoscale-max-mult 1500000 --autoscale-max-rows 16000000 --autoscale-search-steps 9 --distribution even
105,burstgpt,lahyper,util_sweep,8,0.65,0.75,even,0.00,5,time_agent,ok,96,96,multi-agent-summary,1.6927,45218.9170,2681777.3240,19666.8180,127625.5220,,,,,,
105,burstgpt,lahyper,util_sweep,8,0.65,0.75,even,0.00,5,carbon_agent,ok,96,96,multi-agent-summary,3.9541,11842.6610,1265380.6140,7368.4070,47139.6340,,,,,,
105,burstgpt,lahyper,util_sweep,8,0.65,0.75,even,0.00,5,water_agent,ok,96,96,multi-agent-summary,3.9230,17041.8470,620127.6140,7927.8410,46901.5200,,,,,,
105,burstgpt,lahyper,util_sweep,8,0.65,0.75,even,0.00,5,cost_agent,ok,96,96,multi-agent-summary,4.0409,15278.0200,1031247.2340,6491.7920,46826.2940,,,,,,
105,burstgpt,lahyper,util_sweep,8,0.65,0.75,even,0.00,5,Balanced,ok,96,96,multi-agent-summary,2.9528,16315.9240,784905.9900,7421.0520,46873.2220,,,,,,
105,burstgpt,lahyper,util_sweep,8,0.65,0.75,even,0.00,5,Pareto_Sample,ok,96,96,multi-agent-summary,6.3178,129203.6250,7533011.3960,60914.0320,383946.9190,,,,,,
106,burstgpt,parliament,util_sweep,8,0.65,0.75,even,0.00,1,run,ok,96,96,final-report,2.462478,24600.887,2313202.7856,11894.238,81711.157,,34.28,0,2026-06-07T13:38:11,2026-06-07T14:12:28,/home/hmoore01/anaconda3/envs/mrl/bin/python3 -u simulator_LLM.py --framework parliament --epoch 96 --num-dcs 8 --target-util 0.65 --autoscale-mode global_peak --autoscale-max-drop 0.02 --autoscale-max-mult 1500000 --autoscale-max-rows 16000000 --autoscale-search-steps 9 --distribution even
107,burstgpt,parliament,util_sweep,8,0.65,0.75,even,0.00,2,run,ok,96,96,final-report,2.217692,28447.705,2136115.2787,12079.525,84205.293,,32.18,0,2026-06-07T14:12:28,2026-06-07T14:44:39,/home/hmoore01/anaconda3/envs/mrl/bin/python3 -u simulator_LLM.py --framework parliament --epoch 96 --num-dcs 8 --target-util 0.65 --autoscale-mode global_peak --autoscale-max-drop 0.02 --autoscale-max-mult 1500000 --autoscale-max-rows 16000000 --autoscale-search-steps 9 --distribution even
108,burstgpt,parliament,util_sweep,8,0.65,0.75,even,0.00,3,run,ok,96,96,final-report,2.094039,27029.194,1456196.6982,12302.562,78390.063,,32.14,0,2026-06-07T14:44:39,2026-06-07T15:16:47,/home/hmoore01/anaconda3/envs/mrl/bin/python3 -u simulator_LLM.py --framework parliament --epoch 96 --num-dcs 8 --target-util 0.65 --autoscale-mode global_peak --autoscale-max-drop 0.02 --autoscale-max-mult 1500000 --autoscale-max-rows 16000000 --autoscale-search-steps 9 --distribution even
109,burstgpt,parliament,util_sweep,8,0.65,0.75,even,0.00,4,run,ok,96,96,final-report,2.102756,29807.770,1525746.6151,12507.789,85503.830,,31.75,0,2026-06-07T15:16:47,2026-06-07T15:48:32,/home/hmoore01/anaconda3/envs/mrl/bin/python3 -u simulator_LLM.py --framework parliament --epoch 96 --num-dcs 8 --target-util 0.65 --autoscale-mode global_peak --autoscale-max-drop 0.02 --autoscale-max-mult 1500000 --autoscale-max-rows 16000000 --autoscale-search-steps 9 --distribution even
110,burstgpt,parliament,util_sweep,8,0.65,0.75,even,0.00,5,run,ok,96,96,final-report,2.051010,29119.760,1445453.4919,13181.468,83798.852,,32.49,0,2026-06-07T15:48:32,2026-06-07T16:21:02,/home/hmoore01/anaconda3/envs/mrl/bin/python3 -u simulator_LLM.py --framework parliament --epoch 96 --num-dcs 8 --target-util 0.65 --autoscale-mode global_peak --autoscale-max-drop 0.02 --autoscale-max-mult 1500000 --autoscale-max-rows 16000000 --autoscale-search-steps 9 --distribution even
111,burstgpt,qlearning,util_sweep,8,0.65,0.75,even,0.00,1,run,ok,96,96,final-report,11.534659,47217.726,2090485.4519,18884.132,120576.812,,2.18,0,2026-06-07T16:21:02,2026-06-07T16:23:12,/home/hmoore01/anaconda3/envs/mrl/bin/python3 -u simulator_LLM.py --framework qlearning --epoch 96 --num-dcs 8 --target-util 0.65 --autoscale-mode global_peak --autoscale-max-drop 0.02 --autoscale-max-mult 1500000 --autoscale-max-rows 16000000 --autoscale-search-steps 9 --distribution even
112,burstgpt,qlearning,util_sweep,8,0.65,0.75,even,0.00,2,run,ok,96,96,final-report,11.970373,47829.591,2037722.2668,18901.334,120380.811,,2.12,0,2026-06-07T16:23:12,2026-06-07T16:25:19,/home/hmoore01/anaconda3/envs/mrl/bin/python3 -u simulator_LLM.py --framework qlearning --epoch 96 --num-dcs 8 --target-util 0.65 --autoscale-mode global_peak --autoscale-max-drop 0.02 --autoscale-max-mult 1500000 --autoscale-max-rows 16000000 --autoscale-search-steps 9 --distribution even
113,burstgpt,qlearning,util_sweep,8,0.65,0.75,even,0.00,3,run,ok,96,96,final-report,11.737278,47393.094,2042505.0462,18792.017,120223.153,,2.14,0,2026-06-07T16:25:19,2026-06-07T16:27:27,/home/hmoore01/anaconda3/envs/mrl/bin/python3 -u simulator_LLM.py --framework qlearning --epoch 96 --num-dcs 8 --target-util 0.65 --autoscale-mode global_peak --autoscale-max-drop 0.02 --autoscale-max-mult 1500000 --autoscale-max-rows 16000000 --autoscale-search-steps 9 --distribution even
114,burstgpt,qlearning,util_sweep,8,0.65,0.75,even,0.00,4,run,ok,96,96,final-report,11.369547,47260.759,2169417.9364,18793.735,120803.449,,2.22,0,2026-06-07T16:27:27,2026-06-07T16:29:40,/home/hmoore01/anaconda3/envs/mrl/bin/python3 -u simulator_LLM.py --framework qlearning --epoch 96 --num-dcs 8 --target-util 0.65 --autoscale-mode global_peak --autoscale-max-drop 0.02 --autoscale-max-mult 1500000 --autoscale-max-rows 16000000 --autoscale-search-steps 9 --distribution even
115,burstgpt,qlearning,util_sweep,8,0.65,0.75,even,0.00,5,run,ok,96,96,final-report,11.812026,47434.557,2142806.2161,18945.821,120548.256,,2.22,0,2026-06-07T16:29:40,2026-06-07T16:31:53,/home/hmoore01/anaconda3/envs/mrl/bin/python3 -u simulator_LLM.py --framework qlearning --epoch 96 --num-dcs 8 --target-util 0.65 --autoscale-mode global_peak --autoscale-max-drop 0.02 --autoscale-max-mult 1500000 --autoscale-max-rows 16000000 --autoscale-search-steps 9 --distribution even
116,burstgpt,ddqn,util_sweep,8,0.65,0.75,even,0.00,1,run,ok,96,96,final-report,11.281316,47221.791,2163497.3200,18917.482,120592.380,,2.23,0,2026-06-07T16:31:53,2026-06-07T16:34:07,/home/hmoore01/anaconda3/envs/mrl/bin/python3 -u simulator_LLM.py --framework ddqn --epoch 96 --num-dcs 8 --target-util 0.65 --autoscale-mode global_peak --autoscale-max-drop 0.02 --autoscale-max-mult 1500000 --autoscale-max-rows 16000000 --autoscale-search-steps 9 --distribution even
117,burstgpt,ddqn,util_sweep,8,0.65,0.75,even,0.00,2,run,ok,96,96,final-report,12.244013,47215.697,2060242.7231,18743.401,119889.435,,2.18,0,2026-06-07T16:34:07,2026-06-07T16:36:18,/home/hmoore01/anaconda3/envs/mrl/bin/python3 -u simulator_LLM.py --framework ddqn --epoch 96 --num-dcs 8 --target-util 0.65 --autoscale-mode global_peak --autoscale-max-drop 0.02 --autoscale-max-mult 1500000 --autoscale-max-rows 16000000 --autoscale-search-steps 9 --distribution even
118,burstgpt,ddqn,util_sweep,8,0.65,0.75,even,0.00,3,run,ok,96,96,final-report,11.707416,47146.821,2058406.8827,18726.839,120007.258,,2.20,0,2026-06-07T16:36:18,2026-06-07T16:38:30,/home/hmoore01/anaconda3/envs/mrl/bin/python3 -u simulator_LLM.py --framework ddqn --epoch 96 --num-dcs 8 --target-util 0.65 --autoscale-mode global_peak --autoscale-max-drop 0.02 --autoscale-max-mult 1500000 --autoscale-max-rows 16000000 --autoscale-search-steps 9 --distribution even
119,burstgpt,ddqn,util_sweep,8,0.65,0.75,even,0.00,4,run,ok,96,96,final-report,11.957882,47548.573,2028021.6378,18673.122,120063.877,,2.24,0,2026-06-07T16:38:30,2026-06-07T16:40:45,/home/hmoore01/anaconda3/envs/mrl/bin/python3 -u simulator_LLM.py --framework ddqn --epoch 96 --num-dcs 8 --target-util 0.65 --autoscale-mode global_peak --autoscale-max-drop 0.02 --autoscale-max-mult 1500000 --autoscale-max-rows 16000000 --autoscale-search-steps 9 --distribution even
120,burstgpt,ddqn,util_sweep,8,0.65,0.75,even,0.00,5,run,ok,96,96,final-report,12.226867,47422.969,2025579.8335,18653.632,119970.995,,2.28,0,2026-06-07T16:40:45,2026-06-07T16:43:01,/home/hmoore01/anaconda3/envs/mrl/bin/python3 -u simulator_LLM.py --framework ddqn --epoch 96 --num-dcs 8 --target-util 0.65 --autoscale-mode global_peak --autoscale-max-drop 0.02 --autoscale-max-mult 1500000 --autoscale-max-rows 16000000 --autoscale-search-steps 9 --distribution even
121,burstgpt,actorcritic,util_sweep,8,0.65,0.75,even,0.00,1,run,ok,96,96,final-report,12.236660,47187.140,2030929.0714,18664.321,119464.951,,2.18,0,2026-06-07T16:43:01,2026-06-07T16:45:12,/home/hmoore01/anaconda3/envs/mrl/bin/python3 -u simulator_LLM.py --framework actorcritic --epoch 96 --num-dcs 8 --target-util 0.65 --autoscale-mode global_peak --autoscale-max-drop 0.02 --autoscale-max-mult 1500000 --autoscale-max-rows 16000000 --autoscale-search-steps 9 --distribution even
122,burstgpt,actorcritic,util_sweep,8,0.65,0.75,even,0.00,2,run,ok,96,96,final-report,12.070788,47598.872,2115254.0378,18924.056,120790.936,,2.06,0,2026-06-07T16:45:12,2026-06-07T16:47:16,/home/hmoore01/anaconda3/envs/mrl/bin/python3 -u simulator_LLM.py --framework actorcritic --epoch 96 --num-dcs 8 --target-util 0.65 --autoscale-mode global_peak --autoscale-max-drop 0.02 --autoscale-max-mult 1500000 --autoscale-max-rows 16000000 --autoscale-search-steps 9 --distribution even
123,burstgpt,actorcritic,util_sweep,8,0.65,0.75,even,0.00,3,run,ok,96,96,final-report,12.215806,47298.793,2154588.3066,18810.759,120403.191,,2.02,0,2026-06-07T16:47:16,2026-06-07T16:49:18,/home/hmoore01/anaconda3/envs/mrl/bin/python3 -u simulator_LLM.py --framework actorcritic --epoch 96 --num-dcs 8 --target-util 0.65 --autoscale-mode global_peak --autoscale-max-drop 0.02 --autoscale-max-mult 1500000 --autoscale-max-rows 16000000 --autoscale-search-steps 9 --distribution even
124,burstgpt,actorcritic,util_sweep,8,0.65,0.75,even,0.00,4,run,ok,96,96,final-report,11.981654,47379.538,2125715.2926,18690.536,120440.692,,2.03,0,2026-06-07T16:49:18,2026-06-07T16:51:19,/home/hmoore01/anaconda3/envs/mrl/bin/python3 -u simulator_LLM.py --framework actorcritic --epoch 96 --num-dcs 8 --target-util 0.65 --autoscale-mode global_peak --autoscale-max-drop 0.02 --autoscale-max-mult 1500000 --autoscale-max-rows 16000000 --autoscale-search-steps 9 --distribution even
125,burstgpt,actorcritic,util_sweep,8,0.65,0.75,even,0.00,5,run,ok,96,96,final-report,12.415970,47708.201,2086350.3690,18802.569,120705.587,,2.02,0,2026-06-07T16:51:19,2026-06-07T16:53:20,/home/hmoore01/anaconda3/envs/mrl/bin/python3 -u simulator_LLM.py --framework actorcritic --epoch 96 --num-dcs 8 --target-util 0.65 --autoscale-mode global_peak --autoscale-max-drop 0.02 --autoscale-max-mult 1500000 --autoscale-max-rows 16000000 --autoscale-search-steps 9 --distribution even
126,burstgpt,lahyper,util_sweep,8,0.75,0.75,even,0.00,1,run,ok,96,96,final-report,3.045495,11538.843,559488.3986,2905.540,28718.303,4561061638356811.00,454.18,0,2026-06-07T16:53:20,2026-06-08T00:28:22,/home/hmoore01/anaconda3/envs/mrl/bin/python3 -u simulator_LLM.py --framework lahyper --epoch 96 --num-dcs 8 --target-util 0.75 --autoscale-mode global_peak --autoscale-max-drop 0.02 --autoscale-max-mult 1500000 --autoscale-max-rows 16000000 --autoscale-search-steps 9 --distribution even
126,burstgpt,lahyper,util_sweep,8,0.75,0.75,even,0.00,1,time_agent,ok,96,96,multi-agent-summary,1.7855,44344.8830,2648881.0930,17839.1950,122197.1750,,,,,,
126,burstgpt,lahyper,util_sweep,8,0.75,0.75,even,0.00,1,carbon_agent,ok,96,96,multi-agent-summary,2.6087,4902.9470,1298511.7090,3171.3120,30308.5170,,,,,,
126,burstgpt,lahyper,util_sweep,8,0.75,0.75,even,0.00,1,water_agent,ok,96,96,multi-agent-summary,5.0828,13270.1540,399711.8400,3524.3010,30092.2280,,,,,,
126,burstgpt,lahyper,util_sweep,8,0.75,0.75,even,0.00,1,cost_agent,ok,96,96,multi-agent-summary,2.8130,9382.2950,900035.7530,2281.3480,28967.0530,,,,,,
126,burstgpt,lahyper,util_sweep,8,0.75,0.75,even,0.00,1,Balanced,ok,96,96,multi-agent-summary,3.0455,11538.8430,559488.3990,2905.5400,28718.3030,,,,,,
126,burstgpt,lahyper,util_sweep,8,0.75,0.75,even,0.00,1,Pareto_Sample,ok,96,96,multi-agent-summary,4.4395,123647.8270,8025288.4180,46246.4630,348431.0900,,,,,,
127,burstgpt,lahyper,util_sweep,8,0.75,0.75,even,0.00,2,run,ok,96,96,final-report,2.962917,21508.059,1230773.3606,10839.880,65059.836,3913782619265540.50,473.69,0,2026-06-08T00:28:23,2026-06-08T08:22:53,/home/hmoore01/anaconda3/envs/mrl/bin/python3 -u simulator_LLM.py --framework lahyper --epoch 96 --num-dcs 8 --target-util 0.75 --autoscale-mode global_peak --autoscale-max-drop 0.02 --autoscale-max-mult 1500000 --autoscale-max-rows 16000000 --autoscale-search-steps 9 --distribution even
127,burstgpt,lahyper,util_sweep,8,0.75,0.75,even,0.00,2,time_agent,ok,96,96,multi-agent-summary,1.7605,49232.9310,2987379.0980,20252.3270,137234.1630,,,,,,
127,burstgpt,lahyper,util_sweep,8,0.75,0.75,even,0.00,2,carbon_agent,ok,96,96,multi-agent-summary,4.0558,19197.6620,1484595.1740,10629.2900,64411.9720,,,,,,
127,burstgpt,lahyper,util_sweep,8,0.75,0.75,even,0.00,2,water_agent,ok,96,96,multi-agent-summary,3.7403,22629.6970,1079475.3870,10995.9140,64941.4830,,,,,,
127,burstgpt,lahyper,util_sweep,8,0.75,0.75,even,0.00,2,cost_agent,ok,96,96,multi-agent-summary,4.4543,22064.8500,1377703.0200,9678.7270,64774.7720,,,,,,
127,burstgpt,lahyper,util_sweep,8,0.75,0.75,even,0.00,2,Balanced,ok,96,96,multi-agent-summary,2.9629,21508.0590,1230773.3610,10839.8800,65059.8360,,,,,,
127,burstgpt,lahyper,util_sweep,8,0.75,0.75,even,0.00,2,Pareto_Sample,ok,96,96,multi-agent-summary,3.7024,176477.0320,10218595.7030,79835.5670,509967.8540,,,,,,
128,burstgpt,lahyper,util_sweep,8,0.75,0.75,even,0.00,3,run,ok,96,96,final-report,2.751556,17347.450,1526798.3965,5731.599,52833.603,4718298793693111.00,512.46,0,2026-06-08T08:22:53,2026-06-08T16:56:11,/home/hmoore01/anaconda3/envs/mrl/bin/python3 -u simulator_LLM.py --framework lahyper --epoch 96 --num-dcs 8 --target-util 0.75 --autoscale-mode global_peak --autoscale-max-drop 0.02 --autoscale-max-mult 1500000 --autoscale-max-rows 16000000 --autoscale-search-steps 9 --distribution even
128,burstgpt,lahyper,util_sweep,8,0.75,0.75,even,0.00,3,time_agent,ok,96,96,multi-agent-summary,1.8179,52862.9630,3213239.7390,20720.2500,145201.7890,,,,,,
128,burstgpt,lahyper,util_sweep,8,0.75,0.75,even,0.00,3,carbon_agent,ok,96,96,multi-agent-summary,3.5595,14417.3170,1802745.5810,5736.2810,52592.6070,,,,,,
128,burstgpt,lahyper,util_sweep,8,0.75,0.75,even,0.00,3,water_agent,ok,96,96,multi-agent-summary,6.5032,20540.2080,1276234.4670,6152.8800,54938.2020,,,,,,
128,burstgpt,lahyper,util_sweep,8,0.75,0.75,even,0.00,3,cost_agent,ok,96,96,multi-agent-summary,3.5284,18115.8490,1524724.6500,5073.1360,52217.9310,,,,,,
128,burstgpt,lahyper,util_sweep,8,0.75,0.75,even,0.00,3,Balanced,ok,96,96,multi-agent-summary,2.7516,17347.4500,1526798.3960,5731.5990,52833.6030,,,,,,
128,burstgpt,lahyper,util_sweep,8,0.75,0.75,even,0.00,3,Pareto_Sample,ok,96,96,multi-agent-summary,8.1816,169317.9890,11937624.2860,60301.5200,481744.3260,,,,,,
129,burstgpt,lahyper,util_sweep,8,0.75,0.75,even,0.00,4,run,ok,96,96,final-report,3.263491,13216.798,687931.9343,6466.095,39611.371,3263550876491723.50,501.08,0,2026-06-08T16:56:11,2026-06-09T01:18:00,/home/hmoore01/anaconda3/envs/mrl/bin/python3 -u simulator_LLM.py --framework lahyper --epoch 96 --num-dcs 8 --target-util 0.75 --autoscale-mode global_peak --autoscale-max-drop 0.02 --autoscale-max-mult 1500000 --autoscale-max-rows 16000000 --autoscale-search-steps 9 --distribution even
129,burstgpt,lahyper,util_sweep,8,0.75,0.75,even,0.00,4,time_agent,ok,96,96,multi-agent-summary,1.8026,41845.5560,2512774.4840,17526.5510,116974.8340,,,,,,
129,burstgpt,lahyper,util_sweep,8,0.75,0.75,even,0.00,4,carbon_agent,ok,96,96,multi-agent-summary,3.6492,10891.4930,817175.8370,6493.0240,38317.4140,,,,,,
129,burstgpt,lahyper,util_sweep,8,0.75,0.75,even,0.00,4,water_agent,ok,96,96,multi-agent-summary,5.8197,13495.8530,601639.4780,6922.8090,39877.4300,,,,,,
129,burstgpt,lahyper,util_sweep,8,0.75,0.75,even,0.00,4,cost_agent,ok,96,96,multi-agent-summary,4.6506,12562.1850,793506.3180,5947.2560,38620.0730,,,,,,
129,burstgpt,lahyper,util_sweep,8,0.75,0.75,even,0.00,4,Balanced,ok,96,96,multi-agent-summary,3.2635,13216.7980,687931.9340,6466.0950,39611.3710,,,,,,
129,burstgpt,lahyper,util_sweep,8,0.75,0.75,even,0.00,4,Pareto_Sample,ok,96,96,multi-agent-summary,3.5400,150750.9060,9090835.2180,67761.8950,439982.5730,,,,,,
130,burstgpt,lahyper,util_sweep,8,0.75,0.75,even,0.00,5,run,ok,96,96,final-report,3.161456,19996.082,1052600.3644,6934.266,53078.781,3992426564073775.50,448.67,0,2026-06-09T01:18:00,2026-06-09T08:47:28,/home/hmoore01/anaconda3/envs/mrl/bin/python3 -u simulator_LLM.py --framework lahyper --epoch 96 --num-dcs 8 --target-util 0.75 --autoscale-mode global_peak --autoscale-max-drop 0.02 --autoscale-max-mult 1500000 --autoscale-max-rows 16000000 --autoscale-search-steps 9 --distribution even
130,burstgpt,lahyper,util_sweep,8,0.75,0.75,even,0.00,5,time_agent,ok,96,96,multi-agent-summary,1.6805,44611.2670,2679666.2420,17944.1760,123457.4160,,,,,,
130,burstgpt,lahyper,util_sweep,8,0.75,0.75,even,0.00,5,carbon_agent,ok,96,96,multi-agent-summary,2.7235,15451.3680,1528028.8950,7200.4570,53657.2260,,,,,,
130,burstgpt,lahyper,util_sweep,8,0.75,0.75,even,0.00,5,water_agent,ok,96,96,multi-agent-summary,4.0884,22953.9600,845142.1730,7808.7240,56459.0710,,,,,,
130,burstgpt,lahyper,util_sweep,8,0.75,0.75,even,0.00,5,cost_agent,ok,96,96,multi-agent-summary,3.4091,19499.0860,1141011.1120,6266.5870,52705.8410,,,,,,
130,burstgpt,lahyper,util_sweep,8,0.75,0.75,even,0.00,5,Balanced,ok,96,96,multi-agent-summary,3.1615,19996.0820,1052600.3640,6934.2660,53078.7810,,,,,,
130,burstgpt,lahyper,util_sweep,8,0.75,0.75,even,0.00,5,Pareto_Sample,ok,96,96,multi-agent-summary,5.1481,161538.6120,9224303.5860,60995.1220,440008.0460,,,,,,
131,burstgpt,parliament,util_sweep,8,0.75,0.75,even,0.00,1,run,ok,96,96,final-report,2.002787,32772.404,1510824.9815,13725.813,90468.617,,35.12,0,2026-06-09T08:47:28,2026-06-09T09:22:35,/home/hmoore01/anaconda3/envs/mrl/bin/python3 -u simulator_LLM.py --framework parliament --epoch 96 --num-dcs 8 --target-util 0.75 --autoscale-mode global_peak --autoscale-max-drop 0.02 --autoscale-max-mult 1500000 --autoscale-max-rows 16000000 --autoscale-search-steps 9 --distribution even
132,burstgpt,parliament,util_sweep,8,0.75,0.75,even,0.00,2,run,ok,96,96,final-report,1.946114,28826.609,1520035.2888,12253.362,80225.978,,35.09,0,2026-06-09T09:22:35,2026-06-09T09:57:40,/home/hmoore01/anaconda3/envs/mrl/bin/python3 -u simulator_LLM.py --framework parliament --epoch 96 --num-dcs 8 --target-util 0.75 --autoscale-mode global_peak --autoscale-max-drop 0.02 --autoscale-max-mult 1500000 --autoscale-max-rows 16000000 --autoscale-search-steps 9 --distribution even
133,burstgpt,parliament,util_sweep,8,0.75,0.75,even,0.00,3,run,ok,96,96,final-report,1.924266,31400.959,1431619.3627,12403.441,82734.291,,37.13,0,2026-06-09T09:57:40,2026-06-09T10:34:48,/home/hmoore01/anaconda3/envs/mrl/bin/python3 -u simulator_LLM.py --framework parliament --epoch 96 --num-dcs 8 --target-util 0.75 --autoscale-mode global_peak --autoscale-max-drop 0.02 --autoscale-max-mult 1500000 --autoscale-max-rows 16000000 --autoscale-search-steps 9 --distribution even
134,burstgpt,parliament,util_sweep,8,0.75,0.75,even,0.00,4,run,ok,96,96,final-report,1.948970,33693.517,1337567.4754,12400.809,87167.455,,36.81,0,2026-06-09T10:34:48,2026-06-09T11:11:36,/home/hmoore01/anaconda3/envs/mrl/bin/python3 -u simulator_LLM.py --framework parliament --epoch 96 --num-dcs 8 --target-util 0.75 --autoscale-mode global_peak --autoscale-max-drop 0.02 --autoscale-max-mult 1500000 --autoscale-max-rows 16000000 --autoscale-search-steps 9 --distribution even
135,burstgpt,parliament,util_sweep,8,0.75,0.75,even,0.00,5,run,ok,96,96,final-report,2.189632,32111.050,1284736.8665,12191.609,83657.441,,35.16,0,2026-06-09T11:11:36,2026-06-09T11:46:46,/home/hmoore01/anaconda3/envs/mrl/bin/python3 -u simulator_LLM.py --framework parliament --epoch 96 --num-dcs 8 --target-util 0.75 --autoscale-mode global_peak --autoscale-max-drop 0.02 --autoscale-max-mult 1500000 --autoscale-max-rows 16000000 --autoscale-search-steps 9 --distribution even
136,burstgpt,qlearning,util_sweep,8,0.75,0.75,even,0.00,1,run,ok,96,96,final-report,11.867593,48201.934,2103295.5057,18894.529,121765.595,,2.19,0,2026-06-09T11:46:46,2026-06-09T11:48:57,/home/hmoore01/anaconda3/envs/mrl/bin/python3 -u simulator_LLM.py --framework qlearning --epoch 96 --num-dcs 8 --target-util 0.75 --autoscale-mode global_peak --autoscale-max-drop 0.02 --autoscale-max-mult 1500000 --autoscale-max-rows 16000000 --autoscale-search-steps 9 --distribution even
137,burstgpt,qlearning,util_sweep,8,0.75,0.75,even,0.00,2,run,ok,96,96,final-report,11.735820,47620.691,2179682.4612,18984.152,121722.081,,2.15,0,2026-06-09T11:48:57,2026-06-09T11:51:06,/home/hmoore01/anaconda3/envs/mrl/bin/python3 -u simulator_LLM.py --framework qlearning --epoch 96 --num-dcs 8 --target-util 0.75 --autoscale-mode global_peak --autoscale-max-drop 0.02 --autoscale-max-mult 1500000 --autoscale-max-rows 16000000 --autoscale-search-steps 9 --distribution even
138,burstgpt,qlearning,util_sweep,8,0.75,0.75,even,0.00,3,run,ok,96,96,final-report,11.120863,48144.343,2109596.4033,18921.000,121875.079,,2.15,0,2026-06-09T11:51:06,2026-06-09T11:53:15,/home/hmoore01/anaconda3/envs/mrl/bin/python3 -u simulator_LLM.py --framework qlearning --epoch 96 --num-dcs 8 --target-util 0.75 --autoscale-mode global_peak --autoscale-max-drop 0.02 --autoscale-max-mult 1500000 --autoscale-max-rows 16000000 --autoscale-search-steps 9 --distribution even
139,burstgpt,qlearning,util_sweep,8,0.75,0.75,even,0.00,4,run,ok,96,96,final-report,10.821301,47395.118,2056224.7585,18901.292,120828.349,,2.16,0,2026-06-09T11:53:15,2026-06-09T11:55:25,/home/hmoore01/anaconda3/envs/mrl/bin/python3 -u simulator_LLM.py --framework qlearning --epoch 96 --num-dcs 8 --target-util 0.75 --autoscale-mode global_peak --autoscale-max-drop 0.02 --autoscale-max-mult 1500000 --autoscale-max-rows 16000000 --autoscale-search-steps 9 --distribution even
140,burstgpt,qlearning,util_sweep,8,0.75,0.75,even,0.00,5,run,ok,96,96,final-report,12.158017,47893.264,2107896.2772,19010.637,121894.138,,2.16,0,2026-06-09T11:55:25,2026-06-09T11:57:34,/home/hmoore01/anaconda3/envs/mrl/bin/python3 -u simulator_LLM.py --framework qlearning --epoch 96 --num-dcs 8 --target-util 0.75 --autoscale-mode global_peak --autoscale-max-drop 0.02 --autoscale-max-mult 1500000 --autoscale-max-rows 16000000 --autoscale-search-steps 9 --distribution even
141,burstgpt,ddqn,util_sweep,8,0.75,0.75,even,0.00,1,run,ok,96,96,final-report,12.041389,47667.755,2101801.7446,19065.326,121529.011,,2.17,0,2026-06-09T11:57:34,2026-06-09T11:59:44,/home/hmoore01/anaconda3/envs/mrl/bin/python3 -u simulator_LLM.py --framework ddqn --epoch 96 --num-dcs 8 --target-util 0.75 --autoscale-mode global_peak --autoscale-max-drop 0.02 --autoscale-max-mult 1500000 --autoscale-max-rows 16000000 --autoscale-search-steps 9 --distribution even
142,burstgpt,ddqn,util_sweep,8,0.75,0.75,even,0.00,2,run,ok,96,96,final-report,11.379408,48041.098,2138837.4060,19231.682,122058.937,,2.17,0,2026-06-09T11:59:44,2026-06-09T12:01:54,/home/hmoore01/anaconda3/envs/mrl/bin/python3 -u simulator_LLM.py --framework ddqn --epoch 96 --num-dcs 8 --target-util 0.75 --autoscale-mode global_peak --autoscale-max-drop 0.02 --autoscale-max-mult 1500000 --autoscale-max-rows 16000000 --autoscale-search-steps 9 --distribution even
143,burstgpt,ddqn,util_sweep,8,0.75,0.75,even,0.00,3,run,ok,96,96,final-report,11.781939,47942.802,2135769.2331,19006.435,121641.397,,2.18,0,2026-06-09T12:01:54,2026-06-09T12:04:05,/home/hmoore01/anaconda3/envs/mrl/bin/python3 -u simulator_LLM.py --framework ddqn --epoch 96 --num-dcs 8 --target-util 0.75 --autoscale-mode global_peak --autoscale-max-drop 0.02 --autoscale-max-mult 1500000 --autoscale-max-rows 16000000 --autoscale-search-steps 9 --distribution even
144,burstgpt,ddqn,util_sweep,8,0.75,0.75,even,0.00,4,run,ok,96,96,final-report,11.631524,47499.170,2225382.2903,19043.362,121663.947,,2.23,0,2026-06-09T12:04:05,2026-06-09T12:06:19,/home/hmoore01/anaconda3/envs/mrl/bin/python3 -u simulator_LLM.py --framework ddqn --epoch 96 --num-dcs 8 --target-util 0.75 --autoscale-mode global_peak --autoscale-max-drop 0.02 --autoscale-max-mult 1500000 --autoscale-max-rows 16000000 --autoscale-search-steps 9 --distribution even
145,burstgpt,ddqn,util_sweep,8,0.75,0.75,even,0.00,5,run,ok,96,96,final-report,11.565434,48123.864,2201461.4832,18934.441,122039.239,,2.22,0,2026-06-09T12:06:19,2026-06-09T12:08:32,/home/hmoore01/anaconda3/envs/mrl/bin/python3 -u simulator_LLM.py --framework ddqn --epoch 96 --num-dcs 8 --target-util 0.75 --autoscale-mode global_peak --autoscale-max-drop 0.02 --autoscale-max-mult 1500000 --autoscale-max-rows 16000000 --autoscale-search-steps 9 --distribution even
146,burstgpt,actorcritic,util_sweep,8,0.75,0.75,even,0.00,1,run,ok,96,96,final-report,11.968352,47611.474,2172119.7496,18993.705,121480.600,,2.33,0,2026-06-09T12:08:32,2026-06-09T12:10:52,/home/hmoore01/anaconda3/envs/mrl/bin/python3 -u simulator_LLM.py --framework actorcritic --epoch 96 --num-dcs 8 --target-util 0.75 --autoscale-mode global_peak --autoscale-max-drop 0.02 --autoscale-max-mult 1500000 --autoscale-max-rows 16000000 --autoscale-search-steps 9 --distribution even
147,burstgpt,actorcritic,util_sweep,8,0.75,0.75,even,0.00,2,run,ok,96,96,final-report,11.814326,47611.249,2181385.5121,18926.194,121615.104,,2.34,0,2026-06-09T12:10:52,2026-06-09T12:13:12,/home/hmoore01/anaconda3/envs/mrl/bin/python3 -u simulator_LLM.py --framework actorcritic --epoch 96 --num-dcs 8 --target-util 0.75 --autoscale-mode global_peak --autoscale-max-drop 0.02 --autoscale-max-mult 1500000 --autoscale-max-rows 16000000 --autoscale-search-steps 9 --distribution even
148,burstgpt,actorcritic,util_sweep,8,0.75,0.75,even,0.00,3,run,ok,96,96,final-report,11.502033,47351.831,2174576.4599,19123.337,121945.927,,2.36,0,2026-06-09T12:13:12,2026-06-09T12:15:34,/home/hmoore01/anaconda3/envs/mrl/bin/python3 -u simulator_LLM.py --framework actorcritic --epoch 96 --num-dcs 8 --target-util 0.75 --autoscale-mode global_peak --autoscale-max-drop 0.02 --autoscale-max-mult 1500000 --autoscale-max-rows 16000000 --autoscale-search-steps 9 --distribution even
149,burstgpt,actorcritic,util_sweep,8,0.75,0.75,even,0.00,4,run,ok,96,96,final-report,11.698249,47931.479,2116827.6991,18991.761,121327.630,,2.32,0,2026-06-09T12:15:34,2026-06-09T12:17:53,/home/hmoore01/anaconda3/envs/mrl/bin/python3 -u simulator_LLM.py --framework actorcritic --epoch 96 --num-dcs 8 --target-util 0.75 --autoscale-mode global_peak --autoscale-max-drop 0.02 --autoscale-max-mult 1500000 --autoscale-max-rows 16000000 --autoscale-search-steps 9 --distribution even
150,burstgpt,actorcritic,util_sweep,8,0.75,0.75,even,0.00,5,run,ok,96,96,final-report,11.287353,47734.376,2110382.7170,19091.248,121575.927,,2.30,0,2026-06-09T12:17:53,2026-06-09T12:20:11,/home/hmoore01/anaconda3/envs/mrl/bin/python3 -u simulator_LLM.py --framework actorcritic --epoch 96 --num-dcs 8 --target-util 0.75 --autoscale-mode global_peak --autoscale-max-drop 0.02 --autoscale-max-mult 1500000 --autoscale-max-rows 16000000 --autoscale-search-steps 9 --distribution even
151,burstgpt,lahyper,util_sweep,8,0.85,0.75,even,0.00,1,run,ok,96,96,final-report,2.341140,21425.357,1367496.9095,9983.621,65464.477,3135407873451266.50,530.17,0,2026-06-09T12:20:11,2026-06-09T21:11:11,/home/hmoore01/anaconda3/envs/mrl/bin/python3 -u simulator_LLM.py --framework lahyper --epoch 96 --num-dcs 8 --target-util 0.85 --autoscale-mode global_peak --autoscale-max-drop 0.02 --autoscale-max-mult 1500000 --autoscale-max-rows 16000000 --autoscale-search-steps 9 --distribution even
151,burstgpt,lahyper,util_sweep,8,0.85,0.75,even,0.00,1,time_agent,ok,96,96,multi-agent-summary,1.7505,45844.0560,2682082.5840,19024.0960,128029.4910,,,,,,
151,burstgpt,lahyper,util_sweep,8,0.85,0.75,even,0.00,1,carbon_agent,ok,96,96,multi-agent-summary,3.0385,18454.8530,1629808.6850,9984.0040,64709.9880,,,,,,
151,burstgpt,lahyper,util_sweep,8,0.85,0.75,even,0.00,1,water_agent,ok,96,96,multi-agent-summary,3.9065,25002.8570,1130170.4230,10839.3760,69106.1400,,,,,,
151,burstgpt,lahyper,util_sweep,8,0.85,0.75,even,0.00,1,cost_agent,ok,96,96,multi-agent-summary,2.8970,22342.8990,1450465.5100,9222.1720,65715.5750,,,,,,
151,burstgpt,lahyper,util_sweep,8,0.85,0.75,even,0.00,1,Balanced,ok,96,96,multi-agent-summary,2.3411,21425.3570,1367496.9100,9983.6210,65464.4770,,,,,,
151,burstgpt,lahyper,util_sweep,8,0.85,0.75,even,0.00,1,Pareto_Sample,ok,96,96,multi-agent-summary,3.8210,175108.9380,10331062.7580,76569.6790,507555.4040,,,,,,
1,burstgpt,perllm,baseline,8,0.95,0.75,even,0.00,1,run,ok,96,96,final-report,2.165880,62289.698,3379316.2624,25011.625,166287.955,,2.01,0,2026-06-03T12:43:31,2026-06-03T12:45:31,/home/hmoore01/anaconda3/bin/python3 -u simulator_LLM.py --framework perllm --epoch 96 --num-dcs 8 --target-util 0.95 --autoscale-mode global_peak --autoscale-max-drop 0.02 --autoscale-max-mult 1500000 --autoscale-max-rows 16000000 --autoscale-search-steps 9 --distribution even
2,burstgpt,perllm,baseline,8,0.95,0.75,even,0.00,2,run,ok,96,96,final-report,2.165880,62289.698,3379316.2624,25011.625,166287.955,,2.01,0,2026-06-03T12:45:31,2026-06-03T12:47:32,/home/hmoore01/anaconda3/bin/python3 -u simulator_LLM.py --framework perllm --epoch 96 --num-dcs 8 --target-util 0.95 --autoscale-mode global_peak --autoscale-max-drop 0.02 --autoscale-max-mult 1500000 --autoscale-max-rows 16000000 --autoscale-search-steps 9 --distribution even
3,burstgpt,perllm,baseline,8,0.95,0.75,even,0.00,3,run,ok,96,96,final-report,2.165880,62289.698,3379316.2624,25011.625,166287.955,,1.96,0,2026-06-03T12:47:32,2026-06-03T12:49:30,/home/hmoore01/anaconda3/bin/python3 -u simulator_LLM.py --framework perllm --epoch 96 --num-dcs 8 --target-util 0.95 --autoscale-mode global_peak --autoscale-max-drop 0.02 --autoscale-max-mult 1500000 --autoscale-max-rows 16000000 --autoscale-search-steps 9 --distribution even
4,burstgpt,perllm,baseline,8,0.95,0.75,even,0.00,4,run,ok,96,96,final-report,2.165880,62289.698,3379316.2624,25011.625,166287.955,,1.95,0,2026-06-03T12:49:30,2026-06-03T12:51:26,/home/hmoore01/anaconda3/bin/python3 -u simulator_LLM.py --framework perllm --epoch 96 --num-dcs 8 --target-util 0.95 --autoscale-mode global_peak --autoscale-max-drop 0.02 --autoscale-max-mult 1500000 --autoscale-max-rows 16000000 --autoscale-search-steps 9 --distribution even
5,burstgpt,perllm,baseline,8,0.95,0.75,even,0.00,5,run,ok,96,96,final-report,2.165880,62289.698,3379316.2624,25011.625,166287.955,,2.18,0,2026-06-03T12:51:26,2026-06-03T12:53:37,/home/hmoore01/anaconda3/bin/python3 -u simulator_LLM.py --framework perllm --epoch 96 --num-dcs 8 --target-util 0.95 --autoscale-mode global_peak --autoscale-max-drop 0.02 --autoscale-max-mult 1500000 --autoscale-max-rows 16000000 --autoscale-search-steps 9 --distribution even
6,burstgpt,helix,baseline,8,0.95,0.75,even,0.00,1,run,ok,96,96,final-report,2.298936,60560.559,3360472.9985,24820.273,167063.013,,2.09,0,2026-06-03T12:53:37,2026-06-03T12:55:43,/home/hmoore01/anaconda3/bin/python3 -u simulator_LLM.py --framework helix --epoch 96 --num-dcs 8 --target-util 0.95 --autoscale-mode global_peak --autoscale-max-drop 0.02 --autoscale-max-mult 1500000 --autoscale-max-rows 16000000 --autoscale-search-steps 9 --distribution even
7,burstgpt,helix,baseline,8,0.95,0.75,even,0.00,2,run,ok,96,96,final-report,2.298936,60560.559,3360472.9985,24820.273,167063.013,,1.94,0,2026-06-03T12:55:43,2026-06-03T12:57:39,/home/hmoore01/anaconda3/bin/python3 -u simulator_LLM.py --framework helix --epoch 96 --num-dcs 8 --target-util 0.95 --autoscale-mode global_peak --autoscale-max-drop 0.02 --autoscale-max-mult 1500000 --autoscale-max-rows 16000000 --autoscale-search-steps 9 --distribution even
8,burstgpt,helix,baseline,8,0.95,0.75,even,0.00,3,run,ok,96,96,final-report,2.298936,60560.559,3360472.9985,24820.273,167063.013,,1.99,0,2026-06-03T12:57:39,2026-06-03T12:59:39,/home/hmoore01/anaconda3/bin/python3 -u simulator_LLM.py --framework helix --epoch 96 --num-dcs 8 --target-util 0.95 --autoscale-mode global_peak --autoscale-max-drop 0.02 --autoscale-max-mult 1500000 --autoscale-max-rows 16000000 --autoscale-search-steps 9 --distribution even
9,burstgpt,helix,baseline,8,0.95,0.75,even,0.00,4,run,ok,96,96,final-report,2.298936,60560.559,3360472.9985,24820.273,167063.013,,1.94,0,2026-06-03T12:59:39,2026-06-03T13:01:35,/home/hmoore01/anaconda3/bin/python3 -u simulator_LLM.py --framework helix --epoch 96 --num-dcs 8 --target-util 0.95 --autoscale-mode global_peak --autoscale-max-drop 0.02 --autoscale-max-mult 1500000 --autoscale-max-rows 16000000 --autoscale-search-steps 9 --distribution even
10,burstgpt,helix,baseline,8,0.95,0.75,even,0.00,5,run,ok,96,96,final-report,2.298936,60560.559,3360472.9985,24820.273,167063.013,,1.94,0,2026-06-03T13:01:35,2026-06-03T13:03:32,/home/hmoore01/anaconda3/bin/python3 -u simulator_LLM.py --framework helix --epoch 96 --num-dcs 8 --target-util 0.95 --autoscale-mode global_peak --autoscale-max-drop 0.02 --autoscale-max-mult 1500000 --autoscale-max-rows 16000000 --autoscale-search-steps 9 --distribution even
11,burstgpt,splitwise,baseline,8,0.95,0.75,even,0.00,1,run,ok,96,96,final-report,2.093956,41901.850,1643950.5936,19787.947,124233.361,,2.18,0,2026-06-03T13:03:32,2026-06-03T13:05:42,/home/hmoore01/anaconda3/bin/python3 -u simulator_LLM.py --framework splitwise --epoch 96 --num-dcs 8 --target-util 0.95 --autoscale-mode global_peak --autoscale-max-drop 0.02 --autoscale-max-mult 1500000 --autoscale-max-rows 16000000 --autoscale-search-steps 9 --distribution even
12,burstgpt,splitwise,baseline,8,0.95,0.75,even,0.00,2,run,ok,96,96,final-report,2.093956,41901.850,1643950.5936,19787.947,124233.361,,2.14,0,2026-06-03T13:05:42,2026-06-03T13:07:51,/home/hmoore01/anaconda3/bin/python3 -u simulator_LLM.py --framework splitwise --epoch 96 --num-dcs 8 --target-util 0.95 --autoscale-mode global_peak --autoscale-max-drop 0.02 --autoscale-max-mult 1500000 --autoscale-max-rows 16000000 --autoscale-search-steps 9 --distribution even
13,burstgpt,splitwise,baseline,8,0.95,0.75,even,0.00,3,run,ok,96,96,final-report,2.093956,41901.850,1643950.5936,19787.947,124233.361,,2.11,0,2026-06-03T13:07:51,2026-06-03T13:09:57,/home/hmoore01/anaconda3/bin/python3 -u simulator_LLM.py --framework splitwise --epoch 96 --num-dcs 8 --target-util 0.95 --autoscale-mode global_peak --autoscale-max-drop 0.02 --autoscale-max-mult 1500000 --autoscale-max-rows 16000000 --autoscale-search-steps 9 --distribution even
14,burstgpt,splitwise,baseline,8,0.95,0.75,even,0.00,4,run,ok,96,96,final-report,2.093956,41901.850,1643950.5936,19787.947,124233.361,,2.13,0,2026-06-03T13:09:57,2026-06-03T13:12:05,/home/hmoore01/anaconda3/bin/python3 -u simulator_LLM.py --framework splitwise --epoch 96 --num-dcs 8 --target-util 0.95 --autoscale-mode global_peak --autoscale-max-drop 0.02 --autoscale-max-mult 1500000 --autoscale-max-rows 16000000 --autoscale-search-steps 9 --distribution even
15,burstgpt,splitwise,baseline,8,0.95,0.75,even,0.00,5,run,ok,96,96,final-report,2.093956,41901.850,1643950.5936,19787.947,124233.361,,2.15,0,2026-06-03T13:12:05,2026-06-03T13:14:14,/home/hmoore01/anaconda3/bin/python3 -u simulator_LLM.py --framework splitwise --epoch 96 --num-dcs 8 --target-util 0.95 --autoscale-mode global_peak --autoscale-max-drop 0.02 --autoscale-max-mult 1500000 --autoscale-max-rows 16000000 --autoscale-search-steps 9 --distribution even
16,burstgpt,hybrid,baseline,8,0.95,0.75,even,0.00,1,run,ok,96,96,final-report,2.337943,23518.842,1758040.8608,8010.629,76645.180,28124350014995.41,2.35,0,2026-06-03T13:14:14,2026-06-03T13:17:03,/home/hmoore01/anaconda3/bin/python3 -u simulator_LLM.py --framework hybrid --epoch 96 --num-dcs 8 --target-util 0.95 --autoscale-mode global_peak --autoscale-max-drop 0.02 --autoscale-max-mult 1500000 --autoscale-max-rows 16000000 --autoscale-search-steps 9 --distribution even
17,burstgpt,hybrid,baseline,8,0.95,0.75,even,0.00,2,run,ok,96,96,final-report,2.337943,23518.842,1758040.8608,8010.629,76645.180,28124350014995.41,2.45,0,2026-06-03T13:17:03,2026-06-03T13:19:58,/home/hmoore01/anaconda3/bin/python3 -u simulator_LLM.py --framework hybrid --epoch 96 --num-dcs 8 --target-util 0.95 --autoscale-mode global_peak --autoscale-max-drop 0.02 --autoscale-max-mult 1500000 --autoscale-max-rows 16000000 --autoscale-search-steps 9 --distribution even
18,burstgpt,hybrid,baseline,8,0.95,0.75,even,0.00,3,run,ok,96,96,final-report,2.337943,23518.842,1758040.8608,8010.629,76645.180,28124350014995.41,2.36,0,2026-06-03T13:19:58,2026-06-03T13:22:48,/home/hmoore01/anaconda3/bin/python3 -u simulator_LLM.py --framework hybrid --epoch 96 --num-dcs 8 --target-util 0.95 --autoscale-mode global_peak --autoscale-max-drop 0.02 --autoscale-max-mult 1500000 --autoscale-max-rows 16000000 --autoscale-search-steps 9 --distribution even
19,burstgpt,hybrid,baseline,8,0.95,0.75,even,0.00,4,run,ok,96,96,final-report,2.337943,23518.842,1758040.8608,8010.629,76645.180,28124350014995.41,2.32,0,2026-06-03T13:22:48,2026-06-03T13:25:35,/home/hmoore01/anaconda3/bin/python3 -u simulator_LLM.py --framework hybrid --epoch 96 --num-dcs 8 --target-util 0.95 --autoscale-mode global_peak --autoscale-max-drop 0.02 --autoscale-max-mult 1500000 --autoscale-max-rows 16000000 --autoscale-search-steps 9 --distribution even
20,burstgpt,hybrid,baseline,8,0.95,0.75,even,0.00,5,run,ok,96,96,final-report,2.337943,23518.842,1758040.8608,8010.629,76645.180,28124350014995.41,2.33,0,2026-06-03T13:25:35,2026-06-03T13:28:23,/home/hmoore01/anaconda3/bin/python3 -u simulator_LLM.py --framework hybrid --epoch 96 --num-dcs 8 --target-util 0.95 --autoscale-mode global_peak --autoscale-max-drop 0.02 --autoscale-max-mult 1500000 --autoscale-max-rows 16000000 --autoscale-search-steps 9 --distribution even
21,burstgpt,nsga2,baseline,8,0.95,0.75,even,0.00,1,run,ok,96,96,final-report,2.096248,41992.119,1653313.6683,19822.459,124464.560,1422268161238447.25,318.11,0,2026-06-03T13:28:23,2026-06-03T18:47:03,/home/hmoore01/anaconda3/bin/python3 -u simulator_LLM.py --framework nsga2 --epoch 96 --num-dcs 8 --target-util 0.95 --autoscale-mode global_peak --autoscale-max-drop 0.02 --autoscale-max-mult 1500000 --autoscale-max-rows 16000000 --autoscale-search-steps 9 --distribution even
22,burstgpt,nsga2,baseline,8,0.95,0.75,even,0.00,2,run,ok,96,96,final-report,2.096248,41992.119,1653313.6683,19822.459,124464.560,1422268161238447.25,315.30,0,2026-06-03T18:47:03,2026-06-04T00:02:55,/home/hmoore01/anaconda3/bin/python3 -u simulator_LLM.py --framework nsga2 --epoch 96 --num-dcs 8 --target-util 0.95 --autoscale-mode global_peak --autoscale-max-drop 0.02 --autoscale-max-mult 1500000 --autoscale-max-rows 16000000 --autoscale-search-steps 9 --distribution even
23,burstgpt,nsga2,baseline,8,0.95,0.75,even,0.00,3,run,ok,96,96,final-report,2.096248,41992.119,1653313.6683,19822.459,124464.560,1422268161238447.25,316.65,0,2026-06-04T00:02:55,2026-06-04T05:20:07,/home/hmoore01/anaconda3/bin/python3 -u simulator_LLM.py --framework nsga2 --epoch 96 --num-dcs 8 --target-util 0.95 --autoscale-mode global_peak --autoscale-max-drop 0.02 --autoscale-max-mult 1500000 --autoscale-max-rows 16000000 --autoscale-search-steps 9 --distribution even
24,burstgpt,nsga2,baseline,8,0.95,0.75,even,0.00,4,run,ok,96,96,final-report,2.096248,41992.119,1653313.6683,19822.459,124464.560,1422268161238447.25,317.32,0,2026-06-04T05:20:07,2026-06-04T10:37:59,/home/hmoore01/anaconda3/bin/python3 -u simulator_LLM.py --framework nsga2 --epoch 96 --num-dcs 8 --target-util 0.95 --autoscale-mode global_peak --autoscale-max-drop 0.02 --autoscale-max-mult 1500000 --autoscale-max-rows 16000000 --autoscale-search-steps 9 --distribution even
25,burstgpt,nsga2,baseline,8,0.95,0.75,even,0.00,5,run,ok,96,96,final-report,2.096248,41992.119,1653313.6683,19822.459,124464.560,1422268161238447.25,320.47,0,2026-06-04T10:37:59,2026-06-04T15:59:00,/home/hmoore01/anaconda3/bin/python3 -u simulator_LLM.py --framework nsga2 --epoch 96 --num-dcs 8 --target-util 0.95 --autoscale-mode global_peak --autoscale-max-drop 0.02 --autoscale-max-mult 1500000 --autoscale-max-rows 16000000 --autoscale-search-steps 9 --distribution even
26,burstgpt,perllm,dc_sweep,4,0.95,0.75,even,0.00,1,run,ok,96,96,final-report,1.953259,59830.462,2785521.2034,22723.308,150532.953,,2.15,0,2026-06-04T15:59:00,2026-06-04T16:01:09,/home/hmoore01/anaconda3/bin/python3 -u simulator_LLM.py --framework perllm --epoch 96 --num-dcs 4 --target-util 0.95 --autoscale-mode global_peak --autoscale-max-drop 0.02 --autoscale-max-mult 1500000 --autoscale-max-rows 16000000 --autoscale-search-steps 9 --distribution even
27,burstgpt,perllm,dc_sweep,4,0.95,0.75,even,0.00,2,run,ok,96,96,final-report,1.953259,59830.462,2785521.2034,22723.308,150532.953,,2.14,0,2026-06-04T16:01:09,2026-06-04T16:03:18,/home/hmoore01/anaconda3/bin/python3 -u simulator_LLM.py --framework perllm --epoch 96 --num-dcs 4 --target-util 0.95 --autoscale-mode global_peak --autoscale-max-drop 0.02 --autoscale-max-mult 1500000 --autoscale-max-rows 16000000 --autoscale-search-steps 9 --distribution even
28,burstgpt,perllm,dc_sweep,4,0.95,0.75,even,0.00,3,run,ok,96,96,final-report,1.953259,59830.462,2785521.2034,22723.308,150532.953,,2.15,0,2026-06-04T16:03:18,2026-06-04T16:05:27,/home/hmoore01/anaconda3/bin/python3 -u simulator_LLM.py --framework perllm --epoch 96 --num-dcs 4 --target-util 0.95 --autoscale-mode global_peak --autoscale-max-drop 0.02 --autoscale-max-mult 1500000 --autoscale-max-rows 16000000 --autoscale-search-steps 9 --distribution even
29,burstgpt,perllm,dc_sweep,4,0.95,0.75,even,0.00,4,run,ok,96,96,final-report,1.953259,59830.462,2785521.2034,22723.308,150532.953,,2.14,0,2026-06-04T16:05:27,2026-06-04T16:07:35,/home/hmoore01/anaconda3/bin/python3 -u simulator_LLM.py --framework perllm --epoch 96 --num-dcs 4 --target-util 0.95 --autoscale-mode global_peak --autoscale-max-drop 0.02 --autoscale-max-mult 1500000 --autoscale-max-rows 16000000 --autoscale-search-steps 9 --distribution even
30,burstgpt,perllm,dc_sweep,4,0.95,0.75,even,0.00,5,run,ok,96,96,final-report,1.953259,59830.462,2785521.2034,22723.308,150532.953,,2.14,0,2026-06-04T16:07:35,2026-06-04T16:09:44,/home/hmoore01/anaconda3/bin/python3 -u simulator_LLM.py --framework perllm --epoch 96 --num-dcs 4 --target-util 0.95 --autoscale-mode global_peak --autoscale-max-drop 0.02 --autoscale-max-mult 1500000 --autoscale-max-rows 16000000 --autoscale-search-steps 9 --distribution even
31,burstgpt,helix,dc_sweep,4,0.95,0.75,even,0.00,1,run,ok,96,96,final-report,2.387572,59746.199,3352708.3607,24791.621,166037.688,,2.17,0,2026-06-04T16:09:44,2026-06-04T16:11:54,/home/hmoore01/anaconda3/bin/python3 -u simulator_LLM.py --framework helix --epoch 96 --num-dcs 4 --target-util 0.95 --autoscale-mode global_peak --autoscale-max-drop 0.02 --autoscale-max-mult 1500000 --autoscale-max-rows 16000000 --autoscale-search-steps 9 --distribution even
32,burstgpt,helix,dc_sweep,4,0.95,0.75,even,0.00,2,run,ok,96,96,final-report,2.387572,59746.199,3352708.3607,24791.621,166037.688,,2.14,0,2026-06-04T16:11:54,2026-06-04T16:14:02,/home/hmoore01/anaconda3/bin/python3 -u simulator_LLM.py --framework helix --epoch 96 --num-dcs 4 --target-util 0.95 --autoscale-mode global_peak --autoscale-max-drop 0.02 --autoscale-max-mult 1500000 --autoscale-max-rows 16000000 --autoscale-search-steps 9 --distribution even
33,burstgpt,helix,dc_sweep,4,0.95,0.75,even,0.00,3,run,ok,96,96,final-report,2.387572,59746.199,3352708.3607,24791.621,166037.688,,2.16,0,2026-06-04T16:14:02,2026-06-04T16:16:11,/home/hmoore01/anaconda3/bin/python3 -u simulator_LLM.py --framework helix --epoch 96 --num-dcs 4 --target-util 0.95 --autoscale-mode global_peak --autoscale-max-drop 0.02 --autoscale-max-mult 1500000 --autoscale-max-rows 16000000 --autoscale-search-steps 9 --distribution even
34,burstgpt,helix,dc_sweep,4,0.95,0.75,even,0.00,4,run,ok,96,96,final-report,2.387572,59746.199,3352708.3607,24791.621,166037.688,,2.12,0,2026-06-04T16:16:11,2026-06-04T16:18:19,/home/hmoore01/anaconda3/bin/python3 -u simulator_LLM.py --framework helix --epoch 96 --num-dcs 4 --target-util 0.95 --autoscale-mode global_peak --autoscale-max-drop 0.02 --autoscale-max-mult 1500000 --autoscale-max-rows 16000000 --autoscale-search-steps 9 --distribution even
35,burstgpt,helix,dc_sweep,4,0.95,0.75,even,0.00,5,run,ok,96,96,final-report,2.387572,59746.199,3352708.3607,24791.621,166037.688,,2.14,0,2026-06-04T16:18:19,2026-06-04T16:20:27,/home/hmoore01/anaconda3/bin/python3 -u simulator_LLM.py --framework helix --epoch 96 --num-dcs 4 --target-util 0.95 --autoscale-mode global_peak --autoscale-max-drop 0.02 --autoscale-max-mult 1500000 --autoscale-max-rows 16000000 --autoscale-search-steps 9 --distribution even
36,burstgpt,splitwise,dc_sweep,4,0.95,0.75,even,0.00,1,run,ok,96,96,final-report,2.138882,21728.225,1181384.1949,9999.857,71422.988,,2.31,0,2026-06-04T16:20:27,2026-06-04T16:22:46,/home/hmoore01/anaconda3/bin/python3 -u simulator_LLM.py --framework splitwise --epoch 96 --num-dcs 4 --target-util 0.95 --autoscale-mode global_peak --autoscale-max-drop 0.02 --autoscale-max-mult 1500000 --autoscale-max-rows 16000000 --autoscale-search-steps 9 --distribution even
37,burstgpt,splitwise,dc_sweep,4,0.95,0.75,even,0.00,2,run,ok,96,96,final-report,2.138882,21728.225,1181384.1949,9999.857,71422.988,,2.30,0,2026-06-04T16:22:46,2026-06-04T16:25:04,/home/hmoore01/anaconda3/bin/python3 -u simulator_LLM.py --framework splitwise --epoch 96 --num-dcs 4 --target-util 0.95 --autoscale-mode global_peak --autoscale-max-drop 0.02 --autoscale-max-mult 1500000 --autoscale-max-rows 16000000 --autoscale-search-steps 9 --distribution even
38,burstgpt,splitwise,dc_sweep,4,0.95,0.75,even,0.00,3,run,ok,96,96,final-report,2.138882,21728.225,1181384.1949,9999.857,71422.988,,2.30,0,2026-06-04T16:25:04,2026-06-04T16:27:22,/home/hmoore01/anaconda3/bin/python3 -u simulator_LLM.py --framework splitwise --epoch 96 --num-dcs 4 --target-util 0.95 --autoscale-mode global_peak --autoscale-max-drop 0.02 --autoscale-max-mult 1500000 --autoscale-max-rows 16000000 --autoscale-search-steps 9 --distribution even
39,burstgpt,splitwise,dc_sweep,4,0.95,0.75,even,0.00,4,run,ok,96,96,final-report,2.138882,21728.225,1181384.1949,9999.857,71422.988,,2.29,0,2026-06-04T16:27:22,2026-06-04T16:29:39,/home/hmoore01/anaconda3/bin/python3 -u simulator_LLM.py --framework splitwise --epoch 96 --num-dcs 4 --target-util 0.95 --autoscale-mode global_peak --autoscale-max-drop 0.02 --autoscale-max-mult 1500000 --autoscale-max-rows 16000000 --autoscale-search-steps 9 --distribution even
40,burstgpt,splitwise,dc_sweep,4,0.95,0.75,even,0.00,5,run,ok,96,96,final-report,2.138882,21728.225,1181384.1949,9999.857,71422.988,,2.30,0,2026-06-04T16:29:39,2026-06-04T16:31:57,/home/hmoore01/anaconda3/bin/python3 -u simulator_LLM.py --framework splitwise --epoch 96 --num-dcs 4 --target-util 0.95 --autoscale-mode global_peak --autoscale-max-drop 0.02 --autoscale-max-mult 1500000 --autoscale-max-rows 16000000 --autoscale-search-steps 9 --distribution even
41,burstgpt,hybrid,dc_sweep,4,0.95,0.75,even,0.00,1,run,ok,96,96,final-report,2.274926,24169.258,1816615.5604,8242.498,78828.086,42982911403846.71,2.63,0,2026-06-04T16:31:57,2026-06-04T16:35:02,/home/hmoore01/anaconda3/bin/python3 -u simulator_LLM.py --framework hybrid --epoch 96 --num-dcs 4 --target-util 0.95 --autoscale-mode global_peak --autoscale-max-drop 0.02 --autoscale-max-mult 1500000 --autoscale-max-rows 16000000 --autoscale-search-steps 9 --distribution even
42,burstgpt,hybrid,dc_sweep,4,0.95,0.75,even,0.00,2,run,ok,96,96,final-report,2.274926,24169.258,1816615.5604,8242.498,78828.086,42982911403846.71,2.66,0,2026-06-04T16:35:02,2026-06-04T16:38:09,/home/hmoore01/anaconda3/bin/python3 -u simulator_LLM.py --framework hybrid --epoch 96 --num-dcs 4 --target-util 0.95 --autoscale-mode global_peak --autoscale-max-drop 0.02 --autoscale-max-mult 1500000 --autoscale-max-rows 16000000 --autoscale-search-steps 9 --distribution even
43,burstgpt,hybrid,dc_sweep,4,0.95,0.75,even,0.00,3,run,ok,96,96,final-report,2.274926,24169.258,1816615.5604,8242.498,78828.086,42982911403846.71,2.64,0,2026-06-04T16:38:09,2026-06-04T16:41:15,/home/hmoore01/anaconda3/bin/python3 -u simulator_LLM.py --framework hybrid --epoch 96 --num-dcs 4 --target-util 0.95 --autoscale-mode global_peak --autoscale-max-drop 0.02 --autoscale-max-mult 1500000 --autoscale-max-rows 16000000 --autoscale-search-steps 9 --distribution even
44,burstgpt,hybrid,dc_sweep,4,0.95,0.75,even,0.00,4,run,ok,96,96,final-report,2.274926,24169.258,1816615.5604,8242.498,78828.086,42982911403846.71,2.64,0,2026-06-04T16:41:15,2026-06-04T16:44:21,/home/hmoore01/anaconda3/bin/python3 -u simulator_LLM.py --framework hybrid --epoch 96 --num-dcs 4 --target-util 0.95 --autoscale-mode global_peak --autoscale-max-drop 0.02 --autoscale-max-mult 1500000 --autoscale-max-rows 16000000 --autoscale-search-steps 9 --distribution even
45,burstgpt,hybrid,dc_sweep,4,0.95,0.75,even,0.00,5,run,ok,96,96,final-report,2.274926,24169.258,1816615.5604,8242.498,78828.086,42982911403846.71,2.68,0,2026-06-04T16:44:21,2026-06-04T16:47:29,/home/hmoore01/anaconda3/bin/python3 -u simulator_LLM.py --framework hybrid --epoch 96 --num-dcs 4 --target-util 0.95 --autoscale-mode global_peak --autoscale-max-drop 0.02 --autoscale-max-mult 1500000 --autoscale-max-rows 16000000 --autoscale-search-steps 9 --distribution even
46,burstgpt,nsga2,dc_sweep,4,0.95,0.75,even,0.00,1,run,ok,96,96,final-report,2.132589,21901.357,1186004.5200,10085.485,71888.756,2124198407376828.50,358.65,0,2026-06-04T16:47:29,2026-06-04T22:46:50,/home/hmoore01/anaconda3/bin/python3 -u simulator_LLM.py --framework nsga2 --epoch 96 --num-dcs 4 --target-util 0.95 --autoscale-mode global_peak --autoscale-max-drop 0.02 --autoscale-max-mult 1500000 --autoscale-max-rows 16000000 --autoscale-search-steps 9 --distribution even
47,burstgpt,nsga2,dc_sweep,4,0.95,0.75,even,0.00,2,run,ok,96,96,final-report,2.132589,21901.357,1186004.5200,10085.485,71888.756,2124198407376828.50,361.80,0,2026-06-04T22:46:50,2026-06-05T04:49:21,/home/hmoore01/anaconda3/bin/python3 -u simulator_LLM.py --framework nsga2 --epoch 96 --num-dcs 4 --target-util 0.95 --autoscale-mode global_peak --autoscale-max-drop 0.02 --autoscale-max-mult 1500000 --autoscale-max-rows 16000000 --autoscale-search-steps 9 --distribution even
48,burstgpt,nsga2,dc_sweep,4,0.95,0.75,even,0.00,3,run,ok,96,96,final-report,2.132589,21901.357,1186004.5200,10085.485,71888.756,2124198407376828.50,359.55,0,2026-06-05T04:49:21,2026-06-05T10:49:36,/home/hmoore01/anaconda3/bin/python3 -u simulator_LLM.py --framework nsga2 --epoch 96 --num-dcs 4 --target-util 0.95 --autoscale-mode global_peak --autoscale-max-drop 0.02 --autoscale-max-mult 1500000 --autoscale-max-rows 16000000 --autoscale-search-steps 9 --distribution even
49,burstgpt,nsga2,dc_sweep,4,0.95,0.75,even,0.00,4,run,ok,96,96,final-report,2.132589,21901.357,1186004.5200,10085.485,71888.756,2124198407376828.50,364.13,0,2026-06-05T10:49:36,2026-06-05T16:54:26,/home/hmoore01/anaconda3/bin/python3 -u simulator_LLM.py --framework nsga2 --epoch 96 --num-dcs 4 --target-util 0.95 --autoscale-mode global_peak --autoscale-max-drop 0.02 --autoscale-max-mult 1500000 --autoscale-max-rows 16000000 --autoscale-search-steps 9 --distribution even
50,burstgpt,nsga2,dc_sweep,4,0.95,0.75,even,0.00,5,run,ok,96,96,final-report,2.132589,21901.357,1186004.5200,10085.485,71888.756,2124198407376828.50,361.65,0,2026-06-05T16:54:26,2026-06-05T22:56:47,/home/hmoore01/anaconda3/bin/python3 -u simulator_LLM.py --framework nsga2 --epoch 96 --num-dcs 4 --target-util 0.95 --autoscale-mode global_peak --autoscale-max-drop 0.02 --autoscale-max-mult 1500000 --autoscale-max-rows 16000000 --autoscale-search-steps 9 --distribution even
51,burstgpt,perllm,dc_sweep,6,0.95,0.75,even,0.00,1,run,ok,96,96,final-report,2.147790,63799.274,3242083.4072,25538.025,167019.596,,2.53,0,2026-06-05T22:56:47,2026-06-05T22:59:19,/home/hmoore01/anaconda3/bin/python3 -u simulator_LLM.py --framework perllm --epoch 96 --num-dcs 6 --target-util 0.95 --autoscale-mode global_peak --autoscale-max-drop 0.02 --autoscale-max-mult 1500000 --autoscale-max-rows 16000000 --autoscale-search-steps 9 --distribution even
52,burstgpt,perllm,dc_sweep,6,0.95,0.75,even,0.00,2,run,ok,96,96,final-report,2.147790,63799.274,3242083.4072,25538.025,167019.596,,2.53,0,2026-06-05T22:59:19,2026-06-05T23:01:50,/home/hmoore01/anaconda3/bin/python3 -u simulator_LLM.py --framework perllm --epoch 96 --num-dcs 6 --target-util 0.95 --autoscale-mode global_peak --autoscale-max-drop 0.02 --autoscale-max-mult 1500000 --autoscale-max-rows 16000000 --autoscale-search-steps 9 --distribution even
53,burstgpt,perllm,dc_sweep,6,0.95,0.75,even,0.00,3,run,ok,96,96,final-report,2.147790,63799.274,3242083.4072,25538.025,167019.596,,2.57,0,2026-06-05T23:01:50,2026-06-05T23:04:25,/home/hmoore01/anaconda3/bin/python3 -u simulator_LLM.py --framework perllm --epoch 96 --num-dcs 6 --target-util 0.95 --autoscale-mode global_peak --autoscale-max-drop 0.02 --autoscale-max-mult 1500000 --autoscale-max-rows 16000000 --autoscale-search-steps 9 --distribution even
54,burstgpt,perllm,dc_sweep,6,0.95,0.75,even,0.00,4,run,ok,96,96,final-report,2.147790,63799.274,3242083.4072,25538.025,167019.596,,2.52,0,2026-06-05T23:04:25,2026-06-05T23:06:56,/home/hmoore01/anaconda3/bin/python3 -u simulator_LLM.py --framework perllm --epoch 96 --num-dcs 6 --target-util 0.95 --autoscale-mode global_peak --autoscale-max-drop 0.02 --autoscale-max-mult 1500000 --autoscale-max-rows 16000000 --autoscale-search-steps 9 --distribution even
55,burstgpt,perllm,dc_sweep,6,0.95,0.75,even,0.00,5,run,ok,96,96,final-report,2.147790,63799.274,3242083.4072,25538.025,167019.596,,2.71,0,2026-06-05T23:06:56,2026-06-05T23:09:38,/home/hmoore01/anaconda3/bin/python3 -u simulator_LLM.py --framework perllm --epoch 96 --num-dcs 6 --target-util 0.95 --autoscale-mode global_peak --autoscale-max-drop 0.02 --autoscale-max-mult 1500000 --autoscale-max-rows 16000000 --autoscale-search-steps 9 --distribution even
56,burstgpt,helix,dc_sweep,6,0.95,0.75,even,0.00,1,run,ok,96,96,final-report,2.265954,61722.465,3462944.3085,25508.422,171188.005,,2.51,0,2026-06-05T23:09:38,2026-06-05T23:12:09,/home/hmoore01/anaconda3/bin/python3 -u simulator_LLM.py --framework helix --epoch 96 --num-dcs 6 --target-util 0.95 --autoscale-mode global_peak --autoscale-max-drop 0.02 --autoscale-max-mult 1500000 --autoscale-max-rows 16000000 --autoscale-search-steps 9 --distribution even
57,burstgpt,helix,dc_sweep,6,0.95,0.75,even,0.00,2,run,ok,96,96,final-report,2.265954,61722.465,3462944.3085,25508.422,171188.005,,2.55,0,2026-06-05T23:12:09,2026-06-05T23:14:42,/home/hmoore01/anaconda3/bin/python3 -u simulator_LLM.py --framework helix --epoch 96 --num-dcs 6 --target-util 0.95 --autoscale-mode global_peak --autoscale-max-drop 0.02 --autoscale-max-mult 1500000 --autoscale-max-rows 16000000 --autoscale-search-steps 9 --distribution even
58,burstgpt,helix,dc_sweep,6,0.95,0.75,even,0.00,3,run,ok,96,96,final-report,2.265954,61722.465,3462944.3085,25508.422,171188.005,,2.51,0,2026-06-05T23:14:42,2026-06-05T23:17:13,/home/hmoore01/anaconda3/bin/python3 -u simulator_LLM.py --framework helix --epoch 96 --num-dcs 6 --target-util 0.95 --autoscale-mode global_peak --autoscale-max-drop 0.02 --autoscale-max-mult 1500000 --autoscale-max-rows 16000000 --autoscale-search-steps 9 --distribution even
59,burstgpt,helix,dc_sweep,6,0.95,0.75,even,0.00,4,run,ok,96,96,final-report,2.265954,61722.465,3462944.3085,25508.422,171188.005,,2.50,0,2026-06-05T23:17:13,2026-06-05T23:19:43,/home/hmoore01/anaconda3/bin/python3 -u simulator_LLM.py --framework helix --epoch 96 --num-dcs 6 --target-util 0.95 --autoscale-mode global_peak --autoscale-max-drop 0.02 --autoscale-max-mult 1500000 --autoscale-max-rows 16000000 --autoscale-search-steps 9 --distribution even
60,burstgpt,helix,dc_sweep,6,0.95,0.75,even,0.00,5,run,ok,96,96,final-report,2.265954,61722.465,3462944.3085,25508.422,171188.005,,2.50,0,2026-06-05T23:19:43,2026-06-05T23:22:13,/home/hmoore01/anaconda3/bin/python3 -u simulator_LLM.py --framework helix --epoch 96 --num-dcs 6 --target-util 0.95 --autoscale-mode global_peak --autoscale-max-drop 0.02 --autoscale-max-mult 1500000 --autoscale-max-rows 16000000 --autoscale-search-steps 9 --distribution even
61,burstgpt,splitwise,dc_sweep,6,0.95,0.75,even,0.00,1,run,ok,96,96,final-report,1.787700,39283.441,1248442.1226,16114.271,106413.552,,2.75,0,2026-06-05T23:22:13,2026-06-05T23:24:58,/home/hmoore01/anaconda3/bin/python3 -u simulator_LLM.py --framework splitwise --epoch 96 --num-dcs 6 --target-util 0.95 --autoscale-mode global_peak --autoscale-max-drop 0.02 --autoscale-max-mult 1500000 --autoscale-max-rows 16000000 --autoscale-search-steps 9 --distribution even
62,burstgpt,splitwise,dc_sweep,6,0.95,0.75,even,0.00,2,run,ok,96,96,final-report,1.787700,39283.441,1248442.1226,16114.271,106413.552,,2.79,0,2026-06-05T23:24:58,2026-06-05T23:27:46,/home/hmoore01/anaconda3/bin/python3 -u simulator_LLM.py --framework splitwise --epoch 96 --num-dcs 6 --target-util 0.95 --autoscale-mode global_peak --autoscale-max-drop 0.02 --autoscale-max-mult 1500000 --autoscale-max-rows 16000000 --autoscale-search-steps 9 --distribution even
63,burstgpt,splitwise,dc_sweep,6,0.95,0.75,even,0.00,3,run,ok,96,96,final-report,1.787700,39283.441,1248442.1226,16114.271,106413.552,,2.74,0,2026-06-05T23:27:46,2026-06-05T23:30:30,/home/hmoore01/anaconda3/bin/python3 -u simulator_LLM.py --framework splitwise --epoch 96 --num-dcs 6 --target-util 0.95 --autoscale-mode global_peak --autoscale-max-drop 0.02 --autoscale-max-mult 1500000 --autoscale-max-rows 16000000 --autoscale-search-steps 9 --distribution even
64,burstgpt,splitwise,dc_sweep,6,0.95,0.75,even,0.00,4,run,ok,96,96,final-report,1.787700,39283.441,1248442.1226,16114.271,106413.552,,2.76,0,2026-06-05T23:30:30,2026-06-05T23:33:16,/home/hmoore01/anaconda3/bin/python3 -u simulator_LLM.py --framework splitwise --epoch 96 --num-dcs 6 --target-util 0.95 --autoscale-mode global_peak --autoscale-max-drop 0.02 --autoscale-max-mult 1500000 --autoscale-max-rows 16000000 --autoscale-search-steps 9 --distribution even
65,burstgpt,splitwise,dc_sweep,6,0.95,0.75,even,0.00,5,run,ok,96,96,final-report,1.787700,39283.441,1248442.1226,16114.271,106413.552,,2.74,0,2026-06-05T23:33:16,2026-06-05T23:36:00,/home/hmoore01/anaconda3/bin/python3 -u simulator_LLM.py --framework splitwise --epoch 96 --num-dcs 6 --target-util 0.95 --autoscale-mode global_peak --autoscale-max-drop 0.02 --autoscale-max-mult 1500000 --autoscale-max-rows 16000000 --autoscale-search-steps 9 --distribution even
66,burstgpt,hybrid,dc_sweep,6,0.95,0.75,even,0.00,1,run,ok,96,96,final-report,2.247302,25181.624,1907032.4256,8597.094,82217.402,64647035659410.09,3.22,0,2026-06-05T23:36:00,2026-06-05T23:39:41,/home/hmoore01/anaconda3/bin/python3 -u simulator_LLM.py --framework hybrid --epoch 96 --num-dcs 6 --target-util 0.95 --autoscale-mode global_peak --autoscale-max-drop 0.02 --autoscale-max-mult 1500000 --autoscale-max-rows 16000000 --autoscale-search-steps 9 --distribution even
67,burstgpt,hybrid,dc_sweep,6,0.95,0.75,even,0.00,2,run,ok,96,96,final-report,2.247302,25181.624,1907032.4256,8597.094,82217.402,64647035659410.09,3.21,0,2026-06-05T23:39:41,2026-06-05T23:43:21,/home/hmoore01/anaconda3/bin/python3 -u simulator_LLM.py --framework hybrid --epoch 96 --num-dcs 6 --target-util 0.95 --autoscale-mode global_peak --autoscale-max-drop 0.02 --autoscale-max-mult 1500000 --autoscale-max-rows 16000000 --autoscale-search-steps 9 --distribution even
68,burstgpt,hybrid,dc_sweep,6,0.95,0.75,even,0.00,3,run,ok,96,96,final-report,2.247302,25181.624,1907032.4256,8597.094,82217.402,64647035659410.09,3.18,0,2026-06-05T23:43:21,2026-06-05T23:47:00,/home/hmoore01/anaconda3/bin/python3 -u simulator_LLM.py --framework hybrid --epoch 96 --num-dcs 6 --target-util 0.95 --autoscale-mode global_peak --autoscale-max-drop 0.02 --autoscale-max-mult 1500000 --autoscale-max-rows 16000000 --autoscale-search-steps 9 --distribution even
69,burstgpt,hybrid,dc_sweep,6,0.95,0.75,even,0.00,4,run,ok,96,96,final-report,2.247302,25181.624,1907032.4256,8597.094,82217.402,64647035659410.09,3.17,0,2026-06-05T23:47:00,2026-06-05T23:50:38,/home/hmoore01/anaconda3/bin/python3 -u simulator_LLM.py --framework hybrid --epoch 96 --num-dcs 6 --target-util 0.95 --autoscale-mode global_peak --autoscale-max-drop 0.02 --autoscale-max-mult 1500000 --autoscale-max-rows 16000000 --autoscale-search-steps 9 --distribution even
70,burstgpt,hybrid,dc_sweep,6,0.95,0.75,even,0.00,5,run,ok,96,96,final-report,2.247302,25181.624,1907032.4256,8597.094,82217.402,64647035659410.09,3.16,0,2026-06-05T23:50:38,2026-06-05T23:54:16,/home/hmoore01/anaconda3/bin/python3 -u simulator_LLM.py --framework hybrid --epoch 96 --num-dcs 6 --target-util 0.95 --autoscale-mode global_peak --autoscale-max-drop 0.02 --autoscale-max-mult 1500000 --autoscale-max-rows 16000000 --autoscale-search-steps 9 --distribution even
71,burstgpt,nsga2,dc_sweep,6,0.95,0.75,even,0.00,1,run,ok,96,96,final-report,1.786771,39470.384,1263949.0682,16216.178,107010.406,1529149614737251.75,423.72,0,2026-06-05T23:54:16,2026-06-06T06:58:33,/home/hmoore01/anaconda3/bin/python3 -u simulator_LLM.py --framework nsga2 --epoch 96 --num-dcs 6 --target-util 0.95 --autoscale-mode global_peak --autoscale-max-drop 0.02 --autoscale-max-mult 1500000 --autoscale-max-rows 16000000 --autoscale-search-steps 9 --distribution even
72,burstgpt,nsga2,dc_sweep,6,0.95,0.75,even,0.00,2,run,ok,96,96,final-report,1.786771,39470.384,1263949.0682,16216.178,107010.406,1529149614737251.75,426.08,0,2026-06-06T06:58:33,2026-06-06T14:05:12,/home/hmoore01/anaconda3/bin/python3 -u simulator_LLM.py --framework nsga2 --epoch 96 --num-dcs 6 --target-util 0.95 --autoscale-mode global_peak --autoscale-max-drop 0.02 --autoscale-max-mult 1500000 --autoscale-max-rows 16000000 --autoscale-search-steps 9 --distribution even
73,burstgpt,nsga2,dc_sweep,6,0.95,0.75,even,0.00,3,run,ok,96,96,final-report,1.786771,39470.384,1263949.0682,16216.178,107010.406,1529149614737251.75,430.35,0,2026-06-06T14:05:12,2026-06-06T21:16:06,/home/hmoore01/anaconda3/bin/python3 -u simulator_LLM.py --framework nsga2 --epoch 96 --num-dcs 6 --target-util 0.95 --autoscale-mode global_peak --autoscale-max-drop 0.02 --autoscale-max-mult 1500000 --autoscale-max-rows 16000000 --autoscale-search-steps 9 --distribution even
74,burstgpt,nsga2,dc_sweep,6,0.95,0.75,even,0.00,4,run,ok,96,96,final-report,1.786771,39470.384,1263949.0682,16216.178,107010.406,1529149614737251.75,421.07,0,2026-06-06T21:16:06,2026-06-07T04:17:45,/home/hmoore01/anaconda3/bin/python3 -u simulator_LLM.py --framework nsga2 --epoch 96 --num-dcs 6 --target-util 0.95 --autoscale-mode global_peak --autoscale-max-drop 0.02 --autoscale-max-mult 1500000 --autoscale-max-rows 16000000 --autoscale-search-steps 9 --distribution even
75,burstgpt,nsga2,dc_sweep,6,0.95,0.75,even,0.00,5,run,ok,96,96,final-report,1.786771,39470.384,1263949.0682,16216.178,107010.406,1529149614737251.75,425.02,0,2026-06-07T04:17:45,2026-06-07T11:23:20,/home/hmoore01/anaconda3/bin/python3 -u simulator_LLM.py --framework nsga2 --epoch 96 --num-dcs 6 --target-util 0.95 --autoscale-mode global_peak --autoscale-max-drop 0.02 --autoscale-max-mult 1500000 --autoscale-max-rows 16000000 --autoscale-search-steps 9 --distribution even
76,burstgpt,perllm,dc_sweep,12,0.95,0.75,even,0.00,1,run,ok,96,96,final-report,2.147741,64562.761,3491152.3737,26008.497,172479.002,,2.54,0,2026-06-07T11:23:20,2026-06-07T11:25:52,/home/hmoore01/anaconda3/bin/python3 -u simulator_LLM.py --framework perllm --epoch 96 --num-dcs 12 --target-util 0.95 --autoscale-mode global_peak --autoscale-max-drop 0.02 --autoscale-max-mult 1500000 --autoscale-max-rows 16000000 --autoscale-search-steps 9 --distribution even
77,burstgpt,perllm,dc_sweep,12,0.95,0.75,even,0.00,2,run,ok,96,96,final-report,2.147741,64562.761,3491152.3737,26008.497,172479.002,,2.54,0,2026-06-07T11:25:52,2026-06-07T11:28:25,/home/hmoore01/anaconda3/bin/python3 -u simulator_LLM.py --framework perllm --epoch 96 --num-dcs 12 --target-util 0.95 --autoscale-mode global_peak --autoscale-max-drop 0.02 --autoscale-max-mult 1500000 --autoscale-max-rows 16000000 --autoscale-search-steps 9 --distribution even
78,burstgpt,perllm,dc_sweep,12,0.95,0.75,even,0.00,3,run,ok,96,96,final-report,2.147741,64562.761,3491152.3737,26008.497,172479.002,,2.54,0,2026-06-07T11:28:25,2026-06-07T11:30:57,/home/hmoore01/anaconda3/bin/python3 -u simulator_LLM.py --framework perllm --epoch 96 --num-dcs 12 --target-util 0.95 --autoscale-mode global_peak --autoscale-max-drop 0.02 --autoscale-max-mult 1500000 --autoscale-max-rows 16000000 --autoscale-search-steps 9 --distribution even
79,burstgpt,perllm,dc_sweep,12,0.95,0.75,even,0.00,4,run,ok,96,96,final-report,2.147741,64562.761,3491152.3737,26008.497,172479.002,,2.53,0,2026-06-07T11:30:57,2026-06-07T11:33:29,/home/hmoore01/anaconda3/bin/python3 -u simulator_LLM.py --framework perllm --epoch 96 --num-dcs 12 --target-util 0.95 --autoscale-mode global_peak --autoscale-max-drop 0.02 --autoscale-max-mult 1500000 --autoscale-max-rows 16000000 --autoscale-search-steps 9 --distribution even
80,burstgpt,perllm,dc_sweep,12,0.95,0.75,even,0.00,5,run,ok,96,96,final-report,2.147741,64562.761,3491152.3737,26008.497,172479.002,,2.54,0,2026-06-07T11:33:29,2026-06-07T11:36:01,/home/hmoore01/anaconda3/bin/python3 -u simulator_LLM.py --framework perllm --epoch 96 --num-dcs 12 --target-util 0.95 --autoscale-mode global_peak --autoscale-max-drop 0.02 --autoscale-max-mult 1500000 --autoscale-max-rows 16000000 --autoscale-search-steps 9 --distribution even
81,burstgpt,helix,dc_sweep,12,0.95,0.75,even,0.00,1,run,ok,96,96,final-report,2.244081,62663.845,3489330.3955,25651.702,172748.595,,2.50,0,2026-06-07T11:36:01,2026-06-07T11:38:32,/home/hmoore01/anaconda3/bin/python3 -u simulator_LLM.py --framework helix --epoch 96 --num-dcs 12 --target-util 0.95 --autoscale-mode global_peak --autoscale-max-drop 0.02 --autoscale-max-mult 1500000 --autoscale-max-rows 16000000 --autoscale-search-steps 9 --distribution even
82,burstgpt,helix,dc_sweep,12,0.95,0.75,even,0.00,2,run,ok,96,96,final-report,2.244081,62663.845,3489330.3955,25651.702,172748.595,,2.51,0,2026-06-07T11:38:32,2026-06-07T11:41:02,/home/hmoore01/anaconda3/bin/python3 -u simulator_LLM.py --framework helix --epoch 96 --num-dcs 12 --target-util 0.95 --autoscale-mode global_peak --autoscale-max-drop 0.02 --autoscale-max-mult 1500000 --autoscale-max-rows 16000000 --autoscale-search-steps 9 --distribution even
83,burstgpt,helix,dc_sweep,12,0.95,0.75,even,0.00,3,run,ok,96,96,final-report,2.244081,62663.845,3489330.3955,25651.702,172748.595,,2.51,0,2026-06-07T11:41:02,2026-06-07T11:43:33,/home/hmoore01/anaconda3/bin/python3 -u simulator_LLM.py --framework helix --epoch 96 --num-dcs 12 --target-util 0.95 --autoscale-mode global_peak --autoscale-max-drop 0.02 --autoscale-max-mult 1500000 --autoscale-max-rows 16000000 --autoscale-search-steps 9 --distribution even
84,burstgpt,helix,dc_sweep,12,0.95,0.75,even,0.00,4,run,ok,96,96,final-report,2.244081,62663.845,3489330.3955,25651.702,172748.595,,2.52,0,2026-06-07T11:43:33,2026-06-07T11:46:04,/home/hmoore01/anaconda3/bin/python3 -u simulator_LLM.py --framework helix --epoch 96 --num-dcs 12 --target-util 0.95 --autoscale-mode global_peak --autoscale-max-drop 0.02 --autoscale-max-mult 1500000 --autoscale-max-rows 16000000 --autoscale-search-steps 9 --distribution even
85,burstgpt,helix,dc_sweep,12,0.95,0.75,even,0.00,5,run,ok,96,96,final-report,2.244081,62663.845,3489330.3955,25651.702,172748.595,,2.51,0,2026-06-07T11:46:04,2026-06-07T11:48:34,/home/hmoore01/anaconda3/bin/python3 -u simulator_LLM.py --framework helix --epoch 96 --num-dcs 12 --target-util 0.95 --autoscale-mode global_peak --autoscale-max-drop 0.02 --autoscale-max-mult 1500000 --autoscale-max-rows 16000000 --autoscale-search-steps 9 --distribution even
86,burstgpt,splitwise,dc_sweep,12,0.95,0.75,even,0.00,1,run,ok,96,96,final-report,2.290898,63177.946,3643416.7454,25420.001,172666.729,,2.78,0,2026-06-07T11:48:34,2026-06-07T11:51:21,/home/hmoore01/anaconda3/bin/python3 -u simulator_LLM.py --framework splitwise --epoch 96 --num-dcs 12 --target-util 0.95 --autoscale-mode global_peak --autoscale-max-drop 0.02 --autoscale-max-mult 1500000 --autoscale-max-rows 16000000 --autoscale-search-steps 9 --distribution even
87,burstgpt,splitwise,dc_sweep,12,0.95,0.75,even,0.00,2,run,ok,96,96,final-report,2.290898,63177.946,3643416.7454,25420.001,172666.729,,2.80,0,2026-06-07T11:51:21,2026-06-07T11:54:09,/home/hmoore01/anaconda3/bin/python3 -u simulator_LLM.py --framework splitwise --epoch 96 --num-dcs 12 --target-util 0.95 --autoscale-mode global_peak --autoscale-max-drop 0.02 --autoscale-max-mult 1500000 --autoscale-max-rows 16000000 --autoscale-search-steps 9 --distribution even
88,burstgpt,splitwise,dc_sweep,12,0.95,0.75,even,0.00,3,run,ok,96,96,final-report,2.290898,63177.946,3643416.7454,25420.001,172666.729,,2.80,0,2026-06-07T11:54:09,2026-06-07T11:56:57,/home/hmoore01/anaconda3/bin/python3 -u simulator_LLM.py --framework splitwise --epoch 96 --num-dcs 12 --target-util 0.95 --autoscale-mode global_peak --autoscale-max-drop 0.02 --autoscale-max-mult 1500000 --autoscale-max-rows 16000000 --autoscale-search-steps 9 --distribution even
89,burstgpt,splitwise,dc_sweep,12,0.95,0.75,even,0.00,4,run,ok,96,96,final-report,2.290898,63177.946,3643416.7454,25420.001,172666.729,,2.78,0,2026-06-07T11:56:57,2026-06-07T11:59:44,/home/hmoore01/anaconda3/bin/python3 -u simulator_LLM.py --framework splitwise --epoch 96 --num-dcs 12 --target-util 0.95 --autoscale-mode global_peak --autoscale-max-drop 0.02 --autoscale-max-mult 1500000 --autoscale-max-rows 16000000 --autoscale-search-steps 9 --distribution even
90,burstgpt,splitwise,dc_sweep,12,0.95,0.75,even,0.00,5,run,ok,96,96,final-report,2.290898,63177.946,3643416.7454,25420.001,172666.729,,2.81,0,2026-06-07T11:59:44,2026-06-07T12:02:32,/home/hmoore01/anaconda3/bin/python3 -u simulator_LLM.py --framework splitwise --epoch 96 --num-dcs 12 --target-util 0.95 --autoscale-mode global_peak --autoscale-max-drop 0.02 --autoscale-max-mult 1500000 --autoscale-max-rows 16000000 --autoscale-search-steps 9 --distribution even
91,burstgpt,hybrid,dc_sweep,12,0.95,0.75,even,0.00,1,run,ok,96,96,final-report,2.286546,25230.849,1913480.7981,8620.735,82425.371,65006553681709.77,3.22,0,2026-06-07T12:02:32,2026-06-07T12:06:12,/home/hmoore01/anaconda3/bin/python3 -u simulator_LLM.py --framework hybrid --epoch 96 --num-dcs 12 --target-util 0.95 --autoscale-mode global_peak --autoscale-max-drop 0.02 --autoscale-max-mult 1500000 --autoscale-max-rows 16000000 --autoscale-search-steps 9 --distribution even
92,burstgpt,hybrid,dc_sweep,12,0.95,0.75,even,0.00,2,run,ok,96,96,final-report,2.286546,25230.849,1913480.7981,8620.735,82425.371,65006553681709.77,3.19,0,2026-06-07T12:06:12,2026-06-07T12:09:51,/home/hmoore01/anaconda3/bin/python3 -u simulator_LLM.py --framework hybrid --epoch 96 --num-dcs 12 --target-util 0.95 --autoscale-mode global_peak --autoscale-max-drop 0.02 --autoscale-max-mult 1500000 --autoscale-max-rows 16000000 --autoscale-search-steps 9 --distribution even
93,burstgpt,hybrid,dc_sweep,12,0.95,0.75,even,0.00,3,run,ok,96,96,final-report,2.286546,25230.849,1913480.7981,8620.735,82425.371,65006553681709.77,3.23,0,2026-06-07T12:09:51,2026-06-07T12:13:31,/home/hmoore01/anaconda3/bin/python3 -u simulator_LLM.py --framework hybrid --epoch 96 --num-dcs 12 --target-util 0.95 --autoscale-mode global_peak --autoscale-max-drop 0.02 --autoscale-max-mult 1500000 --autoscale-max-rows 16000000 --autoscale-search-steps 9 --distribution even
94,burstgpt,hybrid,dc_sweep,12,0.95,0.75,even,0.00,4,run,ok,96,96,final-report,2.286546,25230.849,1913480.7981,8620.735,82425.371,65006553681709.77,3.17,0,2026-06-07T12:13:31,2026-06-07T12:17:08,/home/hmoore01/anaconda3/bin/python3 -u simulator_LLM.py --framework hybrid --epoch 96 --num-dcs 12 --target-util 0.95 --autoscale-mode global_peak --autoscale-max-drop 0.02 --autoscale-max-mult 1500000 --autoscale-max-rows 16000000 --autoscale-search-steps 9 --distribution even
95,burstgpt,hybrid,dc_sweep,12,0.95,0.75,even,0.00,5,run,ok,96,96,final-report,2.286546,25230.849,1913480.7981,8620.735,82425.371,65006553681709.77,3.18,0,2026-06-07T12:17:08,2026-06-07T12:20:46,/home/hmoore01/anaconda3/bin/python3 -u simulator_LLM.py --framework hybrid --epoch 96 --num-dcs 12 --target-util 0.95 --autoscale-mode global_peak --autoscale-max-drop 0.02 --autoscale-max-mult 1500000 --autoscale-max-rows 16000000 --autoscale-search-steps 9 --distribution even
96,burstgpt,nsga2,dc_sweep,12,0.95,0.75,even,0.00,1,run,ok,96,96,final-report,2.181521,62995.409,3605086.7032,25359.478,171999.144,5186296295721674.00,463.75,0,2026-06-07T12:20:46,2026-06-07T20:05:06,/home/hmoore01/anaconda3/bin/python3 -u simulator_LLM.py --framework nsga2 --epoch 96 --num-dcs 12 --target-util 0.95 --autoscale-mode global_peak --autoscale-max-drop 0.02 --autoscale-max-mult 1500000 --autoscale-max-rows 16000000 --autoscale-search-steps 9 --distribution even
97,burstgpt,nsga2,dc_sweep,12,0.95,0.75,even,0.00,2,run,ok,96,96,final-report,2.181521,62995.409,3605086.7032,25359.478,171999.144,5186296295721674.00,460.87,0,2026-06-07T20:05:06,2026-06-08T03:46:35,/home/hmoore01/anaconda3/bin/python3 -u simulator_LLM.py --framework nsga2 --epoch 96 --num-dcs 12 --target-util 0.95 --autoscale-mode global_peak --autoscale-max-drop 0.02 --autoscale-max-mult 1500000 --autoscale-max-rows 16000000 --autoscale-search-steps 9 --distribution even
98,burstgpt,nsga2,dc_sweep,12,0.95,0.75,even,0.00,3,run,ok,96,96,final-report,2.181521,62995.409,3605086.7032,25359.478,171999.144,5186296295721674.00,459.89,0,2026-06-08T03:46:35,2026-06-08T11:27:04,/home/hmoore01/anaconda3/bin/python3 -u simulator_LLM.py --framework nsga2 --epoch 96 --num-dcs 12 --target-util 0.95 --autoscale-mode global_peak --autoscale-max-drop 0.02 --autoscale-max-mult 1500000 --autoscale-max-rows 16000000 --autoscale-search-steps 9 --distribution even
99,burstgpt,nsga2,dc_sweep,12,0.95,0.75,even,0.00,4,run,ok,96,96,final-report,2.181521,62995.409,3605086.7032,25359.478,171999.144,5186296295721674.00,459.95,0,2026-06-08T11:27:04,2026-06-08T19:07:37,/home/hmoore01/anaconda3/bin/python3 -u simulator_LLM.py --framework nsga2 --epoch 96 --num-dcs 12 --target-util 0.95 --autoscale-mode global_peak --autoscale-max-drop 0.02 --autoscale-max-mult 1500000 --autoscale-max-rows 16000000 --autoscale-search-steps 9 --distribution even
100,burstgpt,nsga2,dc_sweep,12,0.95,0.75,even,0.00,5,run,ok,96,96,final-report,2.181521,62995.409,3605086.7032,25359.478,171999.144,5186296295721674.00,461.75,0,2026-06-08T19:07:37,2026-06-09T02:49:58,/home/hmoore01/anaconda3/bin/python3 -u simulator_LLM.py --framework nsga2 --epoch 96 --num-dcs 12 --target-util 0.95 --autoscale-mode global_peak --autoscale-max-drop 0.02 --autoscale-max-mult 1500000 --autoscale-max-rows 16000000 --autoscale-search-steps 9 --distribution even
101,burstgpt,perllm,util_sweep,8,0.65,0.75,even,0.00,1,run,ok,96,96,final-report,2.177265,60929.439,3306133.1576,24471.313,162730.919,,1.50,0,2026-06-09T02:49:58,2026-06-09T02:51:28,/home/hmoore01/anaconda3/bin/python3 -u simulator_LLM.py --framework perllm --epoch 96 --num-dcs 8 --target-util 0.65 --autoscale-mode global_peak --autoscale-max-drop 0.02 --autoscale-max-mult 1500000 --autoscale-max-rows 16000000 --autoscale-search-steps 9 --distribution even
102,burstgpt,perllm,util_sweep,8,0.65,0.75,even,0.00,2,run,ok,96,96,final-report,2.177265,60929.439,3306133.1576,24471.313,162730.919,,1.50,0,2026-06-09T02:51:28,2026-06-09T02:52:58,/home/hmoore01/anaconda3/bin/python3 -u simulator_LLM.py --framework perllm --epoch 96 --num-dcs 8 --target-util 0.65 --autoscale-mode global_peak --autoscale-max-drop 0.02 --autoscale-max-mult 1500000 --autoscale-max-rows 16000000 --autoscale-search-steps 9 --distribution even
103,burstgpt,perllm,util_sweep,8,0.65,0.75,even,0.00,3,run,ok,96,96,final-report,2.177265,60929.439,3306133.1576,24471.313,162730.919,,1.49,0,2026-06-09T02:52:58,2026-06-09T02:54:27,/home/hmoore01/anaconda3/bin/python3 -u simulator_LLM.py --framework perllm --epoch 96 --num-dcs 8 --target-util 0.65 --autoscale-mode global_peak --autoscale-max-drop 0.02 --autoscale-max-mult 1500000 --autoscale-max-rows 16000000 --autoscale-search-steps 9 --distribution even
104,burstgpt,perllm,util_sweep,8,0.65,0.75,even,0.00,4,run,ok,96,96,final-report,2.177265,60929.439,3306133.1576,24471.313,162730.919,,1.49,0,2026-06-09T02:54:27,2026-06-09T02:55:57,/home/hmoore01/anaconda3/bin/python3 -u simulator_LLM.py --framework perllm --epoch 96 --num-dcs 8 --target-util 0.65 --autoscale-mode global_peak --autoscale-max-drop 0.02 --autoscale-max-mult 1500000 --autoscale-max-rows 16000000 --autoscale-search-steps 9 --distribution even
105,burstgpt,perllm,util_sweep,8,0.65,0.75,even,0.00,5,run,ok,96,96,final-report,2.177265,60929.439,3306133.1576,24471.313,162730.919,,1.50,0,2026-06-09T02:55:57,2026-06-09T02:57:27,/home/hmoore01/anaconda3/bin/python3 -u simulator_LLM.py --framework perllm --epoch 96 --num-dcs 8 --target-util 0.65 --autoscale-mode global_peak --autoscale-max-drop 0.02 --autoscale-max-mult 1500000 --autoscale-max-rows 16000000 --autoscale-search-steps 9 --distribution even
106,burstgpt,helix,util_sweep,8,0.65,0.75,even,0.00,1,run,ok,96,96,final-report,2.328708,59144.252,3280816.4262,24252.568,163248.532,,1.48,0,2026-06-09T02:57:27,2026-06-09T02:58:56,/home/hmoore01/anaconda3/bin/python3 -u simulator_LLM.py --framework helix --epoch 96 --num-dcs 8 --target-util 0.65 --autoscale-mode global_peak --autoscale-max-drop 0.02 --autoscale-max-mult 1500000 --autoscale-max-rows 16000000 --autoscale-search-steps 9 --distribution even
107,burstgpt,helix,util_sweep,8,0.65,0.75,even,0.00,2,run,ok,96,96,final-report,2.328708,59144.252,3280816.4262,24252.568,163248.532,,1.48,0,2026-06-09T02:58:56,2026-06-09T03:00:25,/home/hmoore01/anaconda3/bin/python3 -u simulator_LLM.py --framework helix --epoch 96 --num-dcs 8 --target-util 0.65 --autoscale-mode global_peak --autoscale-max-drop 0.02 --autoscale-max-mult 1500000 --autoscale-max-rows 16000000 --autoscale-search-steps 9 --distribution even
108,burstgpt,helix,util_sweep,8,0.65,0.75,even,0.00,3,run,ok,96,96,final-report,2.328708,59144.252,3280816.4262,24252.568,163248.532,,1.48,0,2026-06-09T03:00:25,2026-06-09T03:01:54,/home/hmoore01/anaconda3/bin/python3 -u simulator_LLM.py --framework helix --epoch 96 --num-dcs 8 --target-util 0.65 --autoscale-mode global_peak --autoscale-max-drop 0.02 --autoscale-max-mult 1500000 --autoscale-max-rows 16000000 --autoscale-search-steps 9 --distribution even
109,burstgpt,helix,util_sweep,8,0.65,0.75,even,0.00,4,run,ok,96,96,final-report,2.328708,59144.252,3280816.4262,24252.568,163248.532,,1.49,0,2026-06-09T03:01:54,2026-06-09T03:03:23,/home/hmoore01/anaconda3/bin/python3 -u simulator_LLM.py --framework helix --epoch 96 --num-dcs 8 --target-util 0.65 --autoscale-mode global_peak --autoscale-max-drop 0.02 --autoscale-max-mult 1500000 --autoscale-max-rows 16000000 --autoscale-search-steps 9 --distribution even
110,burstgpt,helix,util_sweep,8,0.65,0.75,even,0.00,5,run,ok,96,96,final-report,2.328708,59144.252,3280816.4262,24252.568,163248.532,,1.49,0,2026-06-09T03:03:23,2026-06-09T03:04:52,/home/hmoore01/anaconda3/bin/python3 -u simulator_LLM.py --framework helix --epoch 96 --num-dcs 8 --target-util 0.65 --autoscale-mode global_peak --autoscale-max-drop 0.02 --autoscale-max-mult 1500000 --autoscale-max-rows 16000000 --autoscale-search-steps 9 --distribution even
111,burstgpt,splitwise,util_sweep,8,0.65,0.75,even,0.00,1,run,ok,96,96,final-report,2.111973,40692.377,1581182.2799,19173.532,120395.700,,1.61,0,2026-06-09T03:04:52,2026-06-09T03:06:29,/home/hmoore01/anaconda3/bin/python3 -u simulator_LLM.py --framework splitwise --epoch 96 --num-dcs 8 --target-util 0.65 --autoscale-mode global_peak --autoscale-max-drop 0.02 --autoscale-max-mult 1500000 --autoscale-max-rows 16000000 --autoscale-search-steps 9 --distribution even
112,burstgpt,splitwise,util_sweep,8,0.65,0.75,even,0.00,2,run,ok,96,96,final-report,2.111973,40692.377,1581182.2799,19173.532,120395.700,,1.61,0,2026-06-09T03:06:29,2026-06-09T03:08:05,/home/hmoore01/anaconda3/bin/python3 -u simulator_LLM.py --framework splitwise --epoch 96 --num-dcs 8 --target-util 0.65 --autoscale-mode global_peak --autoscale-max-drop 0.02 --autoscale-max-mult 1500000 --autoscale-max-rows 16000000 --autoscale-search-steps 9 --distribution even
113,burstgpt,splitwise,util_sweep,8,0.65,0.75,even,0.00,3,run,ok,96,96,final-report,2.111973,40692.377,1581182.2799,19173.532,120395.700,,1.61,0,2026-06-09T03:08:05,2026-06-09T03:09:42,/home/hmoore01/anaconda3/bin/python3 -u simulator_LLM.py --framework splitwise --epoch 96 --num-dcs 8 --target-util 0.65 --autoscale-mode global_peak --autoscale-max-drop 0.02 --autoscale-max-mult 1500000 --autoscale-max-rows 16000000 --autoscale-search-steps 9 --distribution even
114,burstgpt,splitwise,util_sweep,8,0.65,0.75,even,0.00,4,run,ok,96,96,final-report,2.111973,40692.377,1581182.2799,19173.532,120395.700,,1.60,0,2026-06-09T03:09:42,2026-06-09T03:11:18,/home/hmoore01/anaconda3/bin/python3 -u simulator_LLM.py --framework splitwise --epoch 96 --num-dcs 8 --target-util 0.65 --autoscale-mode global_peak --autoscale-max-drop 0.02 --autoscale-max-mult 1500000 --autoscale-max-rows 16000000 --autoscale-search-steps 9 --distribution even
115,burstgpt,splitwise,util_sweep,8,0.65,0.75,even,0.00,5,run,ok,96,96,final-report,2.111973,40692.377,1581182.2799,19173.532,120395.700,,1.61,0,2026-06-09T03:11:18,2026-06-09T03:12:55,/home/hmoore01/anaconda3/bin/python3 -u simulator_LLM.py --framework splitwise --epoch 96 --num-dcs 8 --target-util 0.65 --autoscale-mode global_peak --autoscale-max-drop 0.02 --autoscale-max-mult 1500000 --autoscale-max-rows 16000000 --autoscale-search-steps 9 --distribution even
116,burstgpt,hybrid,util_sweep,8,0.65,0.75,even,0.00,1,run,ok,96,96,final-report,2.392439,22305.243,1651476.8823,7580.329,72585.046,13935950723701.96,1.75,0,2026-06-09T03:12:55,2026-06-09T03:15:07,/home/hmoore01/anaconda3/bin/python3 -u simulator_LLM.py --framework hybrid --epoch 96 --num-dcs 8 --target-util 0.65 --autoscale-mode global_peak --autoscale-max-drop 0.02 --autoscale-max-mult 1500000 --autoscale-max-rows 16000000 --autoscale-search-steps 9 --distribution even
117,burstgpt,hybrid,util_sweep,8,0.65,0.75,even,0.00,2,run,ok,96,96,final-report,2.392439,22305.243,1651476.8823,7580.329,72585.046,13935950723701.96,1.72,0,2026-06-09T03:15:07,2026-06-09T03:17:16,/home/hmoore01/anaconda3/bin/python3 -u simulator_LLM.py --framework hybrid --epoch 96 --num-dcs 8 --target-util 0.65 --autoscale-mode global_peak --autoscale-max-drop 0.02 --autoscale-max-mult 1500000 --autoscale-max-rows 16000000 --autoscale-search-steps 9 --distribution even
118,burstgpt,hybrid,util_sweep,8,0.65,0.75,even,0.00,3,run,ok,96,96,final-report,2.392439,22305.243,1651476.8823,7580.329,72585.046,13935950723701.96,1.75,0,2026-06-09T03:17:16,2026-06-09T03:19:27,/home/hmoore01/anaconda3/bin/python3 -u simulator_LLM.py --framework hybrid --epoch 96 --num-dcs 8 --target-util 0.65 --autoscale-mode global_peak --autoscale-max-drop 0.02 --autoscale-max-mult 1500000 --autoscale-max-rows 16000000 --autoscale-search-steps 9 --distribution even
119,burstgpt,hybrid,util_sweep,8,0.65,0.75,even,0.00,4,run,ok,96,96,final-report,2.392439,22305.243,1651476.8823,7580.329,72585.046,13935950723701.96,1.74,0,2026-06-09T03:19:27,2026-06-09T03:21:38,/home/hmoore01/anaconda3/bin/python3 -u simulator_LLM.py --framework hybrid --epoch 96 --num-dcs 8 --target-util 0.65 --autoscale-mode global_peak --autoscale-max-drop 0.02 --autoscale-max-mult 1500000 --autoscale-max-rows 16000000 --autoscale-search-steps 9 --distribution even
120,burstgpt,hybrid,util_sweep,8,0.65,0.75,even,0.00,5,run,ok,96,96,final-report,2.392439,22305.243,1651476.8823,7580.329,72585.046,13935950723701.96,1.73,0,2026-06-09T03:21:38,2026-06-09T03:23:49,/home/hmoore01/anaconda3/bin/python3 -u simulator_LLM.py --framework hybrid --epoch 96 --num-dcs 8 --target-util 0.65 --autoscale-mode global_peak --autoscale-max-drop 0.02 --autoscale-max-mult 1500000 --autoscale-max-rows 16000000 --autoscale-search-steps 9 --distribution even
121,burstgpt,nsga2,util_sweep,8,0.65,0.75,even,0.00,1,run,ok,96,96,final-report,2.110060,40821.534,1581933.0755,19204.783,120631.040,1162400963511866.50,237.79,0,2026-06-09T03:23:49,2026-06-09T07:22:10,/home/hmoore01/anaconda3/bin/python3 -u simulator_LLM.py --framework nsga2 --epoch 96 --num-dcs 8 --target-util 0.65 --autoscale-mode global_peak --autoscale-max-drop 0.02 --autoscale-max-mult 1500000 --autoscale-max-rows 16000000 --autoscale-search-steps 9 --distribution even
122,burstgpt,nsga2,util_sweep,8,0.65,0.75,even,0.00,2,run,ok,96,96,final-report,2.110060,40821.534,1581933.0755,19204.783,120631.040,1162400963511866.50,237.67,0,2026-06-09T07:22:10,2026-06-09T11:20:24,/home/hmoore01/anaconda3/bin/python3 -u simulator_LLM.py --framework nsga2 --epoch 96 --num-dcs 8 --target-util 0.65 --autoscale-mode global_peak --autoscale-max-drop 0.02 --autoscale-max-mult 1500000 --autoscale-max-rows 16000000 --autoscale-search-steps 9 --distribution even
123,burstgpt,nsga2,util_sweep,8,0.65,0.75,even,0.00,3,run,ok,96,96,final-report,2.110060,40821.534,1581933.0755,19204.783,120631.040,1162400963511866.50,239.72,0,2026-06-09T11:20:24,2026-06-09T15:20:42,/home/hmoore01/anaconda3/bin/python3 -u simulator_LLM.py --framework nsga2 --epoch 96 --num-dcs 8 --target-util 0.65 --autoscale-mode global_peak --autoscale-max-drop 0.02 --autoscale-max-mult 1500000 --autoscale-max-rows 16000000 --autoscale-search-steps 9 --distribution even
124,burstgpt,nsga2,util_sweep,8,0.65,0.75,even,0.00,4,run,ok,96,96,final-report,2.110060,40821.534,1581933.0755,19204.783,120631.040,1162400963511866.50,236.97,0,2026-06-09T15:20:42,2026-06-09T19:18:14,/home/hmoore01/anaconda3/bin/python3 -u simulator_LLM.py --framework nsga2 --epoch 96 --num-dcs 8 --target-util 0.65 --autoscale-mode global_peak --autoscale-max-drop 0.02 --autoscale-max-mult 1500000 --autoscale-max-rows 16000000 --autoscale-search-steps 9 --distribution even
125,burstgpt,nsga2,util_sweep,8,0.65,0.75,even,0.00,5,run,ok,96,96,final-report,2.110060,40821.534,1581933.0755,19204.783,120631.040,1162400963511866.50,237.61,0,2026-06-09T19:18:14,2026-06-09T23:16:25,/home/hmoore01/anaconda3/bin/python3 -u simulator_LLM.py --framework nsga2 --epoch 96 --num-dcs 8 --target-util 0.65 --autoscale-mode global_peak --autoscale-max-drop 0.02 --autoscale-max-mult 1500000 --autoscale-max-rows 16000000 --autoscale-search-steps 9 --distribution even
126,burstgpt,perllm,util_sweep,8,0.75,0.75,even,0.00,1,run,ok,96,96,final-report,2.173668,61380.261,3330631.7557,24655.193,163918.786,,1.64,0,2026-06-09T23:16:25,2026-06-09T23:18:04,/home/hmoore01/anaconda3/bin/python3 -u simulator_LLM.py --framework perllm --epoch 96 --num-dcs 8 --target-util 0.75 --autoscale-mode global_peak --autoscale-max-drop 0.02 --autoscale-max-mult 1500000 --autoscale-max-rows 16000000 --autoscale-search-steps 9 --distribution even
127,burstgpt,perllm,util_sweep,8,0.75,0.75,even,0.00,2,run,ok,96,96,final-report,2.173668,61380.261,3330631.7557,24655.193,163918.786,,1.65,0,2026-06-09T23:18:04,2026-06-09T23:19:42,/home/hmoore01/anaconda3/bin/python3 -u simulator_LLM.py --framework perllm --epoch 96 --num-dcs 8 --target-util 0.75 --autoscale-mode global_peak --autoscale-max-drop 0.02 --autoscale-max-mult 1500000 --autoscale-max-rows 16000000 --autoscale-search-steps 9 --distribution even
128,burstgpt,perllm,util_sweep,8,0.75,0.75,even,0.00,3,run,ok,96,96,final-report,2.173668,61380.261,3330631.7557,24655.193,163918.786,,1.65,0,2026-06-09T23:19:42,2026-06-09T23:21:21,/home/hmoore01/anaconda3/bin/python3 -u simulator_LLM.py --framework perllm --epoch 96 --num-dcs 8 --target-util 0.75 --autoscale-mode global_peak --autoscale-max-drop 0.02 --autoscale-max-mult 1500000 --autoscale-max-rows 16000000 --autoscale-search-steps 9 --distribution even
129,burstgpt,perllm,util_sweep,8,0.75,0.75,even,0.00,4,run,ok,96,96,final-report,2.173668,61380.261,3330631.7557,24655.193,163918.786,,1.65,0,2026-06-09T23:21:21,2026-06-09T23:23:00,/home/hmoore01/anaconda3/bin/python3 -u simulator_LLM.py --framework perllm --epoch 96 --num-dcs 8 --target-util 0.75 --autoscale-mode global_peak --autoscale-max-drop 0.02 --autoscale-max-mult 1500000 --autoscale-max-rows 16000000 --autoscale-search-steps 9 --distribution even
130,burstgpt,perllm,util_sweep,8,0.75,0.75,even,0.00,5,run,ok,96,96,final-report,2.173668,61380.261,3330631.7557,24655.193,163918.786,,1.64,0,2026-06-09T23:23:00,2026-06-09T23:24:38,/home/hmoore01/anaconda3/bin/python3 -u simulator_LLM.py --framework perllm --epoch 96 --num-dcs 8 --target-util 0.75 --autoscale-mode global_peak --autoscale-max-drop 0.02 --autoscale-max-mult 1500000 --autoscale-max-rows 16000000 --autoscale-search-steps 9 --distribution even
131,burstgpt,helix,util_sweep,8,0.75,0.75,even,0.00,1,run,ok,96,96,final-report,2.318145,59620.764,3307290.9801,24444.372,164537.394,,1.63,0,2026-06-09T23:24:38,2026-06-09T23:26:16,/home/hmoore01/anaconda3/bin/python3 -u simulator_LLM.py --framework helix --epoch 96 --num-dcs 8 --target-util 0.75 --autoscale-mode global_peak --autoscale-max-drop 0.02 --autoscale-max-mult 1500000 --autoscale-max-rows 16000000 --autoscale-search-steps 9 --distribution even
132,burstgpt,helix,util_sweep,8,0.75,0.75,even,0.00,2,run,ok,96,96,final-report,2.318145,59620.764,3307290.9801,24444.372,164537.394,,1.64,0,2026-06-09T23:26:16,2026-06-09T23:27:54,/home/hmoore01/anaconda3/bin/python3 -u simulator_LLM.py --framework helix --epoch 96 --num-dcs 8 --target-util 0.75 --autoscale-mode global_peak --autoscale-max-drop 0.02 --autoscale-max-mult 1500000 --autoscale-max-rows 16000000 --autoscale-search-steps 9 --distribution even
133,burstgpt,helix,util_sweep,8,0.75,0.75,even,0.00,3,run,ok,96,96,final-report,2.318145,59620.764,3307290.9801,24444.372,164537.394,,1.62,0,2026-06-09T23:27:54,2026-06-09T23:29:32,/home/hmoore01/anaconda3/bin/python3 -u simulator_LLM.py --framework helix --epoch 96 --num-dcs 8 --target-util 0.75 --autoscale-mode global_peak --autoscale-max-drop 0.02 --autoscale-max-mult 1500000 --autoscale-max-rows 16000000 --autoscale-search-steps 9 --distribution even
134,burstgpt,helix,util_sweep,8,0.75,0.75,even,0.00,4,run,ok,96,96,final-report,2.318145,59620.764,3307290.9801,24444.372,164537.394,,1.63,0,2026-06-09T23:29:32,2026-06-09T23:31:10,/home/hmoore01/anaconda3/bin/python3 -u simulator_LLM.py --framework helix --epoch 96 --num-dcs 8 --target-util 0.75 --autoscale-mode global_peak --autoscale-max-drop 0.02 --autoscale-max-mult 1500000 --autoscale-max-rows 16000000 --autoscale-search-steps 9 --distribution even
135,burstgpt,helix,util_sweep,8,0.75,0.75,even,0.00,5,run,ok,96,96,final-report,2.318145,59620.764,3307290.9801,24444.372,164537.394,,1.63,0,2026-06-09T23:31:10,2026-06-09T23:32:47,/home/hmoore01/anaconda3/bin/python3 -u simulator_LLM.py --framework helix --epoch 96 --num-dcs 8 --target-util 0.75 --autoscale-mode global_peak --autoscale-max-drop 0.02 --autoscale-max-mult 1500000 --autoscale-max-rows 16000000 --autoscale-search-steps 9 --distribution even
136,burstgpt,splitwise,util_sweep,8,0.75,0.75,even,0.00,1,run,ok,96,96,final-report,2.111213,41109.347,1602031.9339,19382.958,121705.238,,1.79,0,2026-06-09T23:32:47,2026-06-09T23:34:34,/home/hmoore01/anaconda3/bin/python3 -u simulator_LLM.py --framework splitwise --epoch 96 --num-dcs 8 --target-util 0.75 --autoscale-mode global_peak --autoscale-max-drop 0.02 --autoscale-max-mult 1500000 --autoscale-max-rows 16000000 --autoscale-search-steps 9 --distribution even
137,burstgpt,splitwise,util_sweep,8,0.75,0.75,even,0.00,2,run,ok,96,96,final-report,2.111213,41109.347,1602031.9339,19382.958,121705.238,,1.78,0,2026-06-09T23:34:34,2026-06-09T23:36:21,/home/hmoore01/anaconda3/bin/python3 -u simulator_LLM.py --framework splitwise --epoch 96 --num-dcs 8 --target-util 0.75 --autoscale-mode global_peak --autoscale-max-drop 0.02 --autoscale-max-mult 1500000 --autoscale-max-rows 16000000 --autoscale-search-steps 9 --distribution even
138,burstgpt,splitwise,util_sweep,8,0.75,0.75,even,0.00,3,run,ok,96,96,final-report,2.111213,41109.347,1602031.9339,19382.958,121705.238,,1.78,0,2026-06-09T23:36:21,2026-06-09T23:38:08,/home/hmoore01/anaconda3/bin/python3 -u simulator_LLM.py --framework splitwise --epoch 96 --num-dcs 8 --target-util 0.75 --autoscale-mode global_peak --autoscale-max-drop 0.02 --autoscale-max-mult 1500000 --autoscale-max-rows 16000000 --autoscale-search-steps 9 --distribution even
139,burstgpt,splitwise,util_sweep,8,0.75,0.75,even,0.00,4,run,ok,96,96,final-report,2.111213,41109.347,1602031.9339,19382.958,121705.238,,1.77,0,2026-06-09T23:38:08,2026-06-09T23:39:54,/home/hmoore01/anaconda3/bin/python3 -u simulator_LLM.py --framework splitwise --epoch 96 --num-dcs 8 --target-util 0.75 --autoscale-mode global_peak --autoscale-max-drop 0.02 --autoscale-max-mult 1500000 --autoscale-max-rows 16000000 --autoscale-search-steps 9 --distribution even
140,burstgpt,splitwise,util_sweep,8,0.75,0.75,even,0.00,5,run,ok,96,96,final-report,2.111213,41109.347,1602031.9339,19382.958,121705.238,,1.77,0,2026-06-09T23:39:54,2026-06-09T23:41:40,/home/hmoore01/anaconda3/bin/python3 -u simulator_LLM.py --framework splitwise --epoch 96 --num-dcs 8 --target-util 0.75 --autoscale-mode global_peak --autoscale-max-drop 0.02 --autoscale-max-mult 1500000 --autoscale-max-rows 16000000 --autoscale-search-steps 9 --distribution even
141,burstgpt,hybrid,util_sweep,8,0.75,0.75,even,0.00,1,run,ok,96,96,final-report,2.359367,22735.014,1689477.9623,7733.534,74029.635,19143697700358.64,1.96,0,2026-06-09T23:41:40,2026-06-09T23:44:04,/home/hmoore01/anaconda3/bin/python3 -u simulator_LLM.py --framework hybrid --epoch 96 --num-dcs 8 --target-util 0.75 --autoscale-mode global_peak --autoscale-max-drop 0.02 --autoscale-max-mult 1500000 --autoscale-max-rows 16000000 --autoscale-search-steps 9 --distribution even
142,burstgpt,hybrid,util_sweep,8,0.75,0.75,even,0.00,2,run,ok,96,96,final-report,2.359367,22735.014,1689477.9623,7733.534,74029.635,19143697700358.64,1.93,0,2026-06-09T23:44:04,2026-06-09T23:46:26,/home/hmoore01/anaconda3/bin/python3 -u simulator_LLM.py --framework hybrid --epoch 96 --num-dcs 8 --target-util 0.75 --autoscale-mode global_peak --autoscale-max-drop 0.02 --autoscale-max-mult 1500000 --autoscale-max-rows 16000000 --autoscale-search-steps 9 --distribution even
143,burstgpt,hybrid,util_sweep,8,0.75,0.75,even,0.00,3,run,ok,96,96,final-report,2.359367,22735.014,1689477.9623,7733.534,74029.635,19143697700358.64,1.92,0,2026-06-09T23:46:26,2026-06-09T23:48:48,/home/hmoore01/anaconda3/bin/python3 -u simulator_LLM.py --framework hybrid --epoch 96 --num-dcs 8 --target-util 0.75 --autoscale-mode global_peak --autoscale-max-drop 0.02 --autoscale-max-mult 1500000 --autoscale-max-rows 16000000 --autoscale-search-steps 9 --distribution even
144,burstgpt,hybrid,util_sweep,8,0.75,0.75,even,0.00,4,run,ok,96,96,final-report,2.359367,22735.014,1689477.9623,7733.534,74029.635,19143697700358.64,1.93,0,2026-06-09T23:48:48,2026-06-09T23:51:11,/home/hmoore01/anaconda3/bin/python3 -u simulator_LLM.py --framework hybrid --epoch 96 --num-dcs 8 --target-util 0.75 --autoscale-mode global_peak --autoscale-max-drop 0.02 --autoscale-max-mult 1500000 --autoscale-max-rows 16000000 --autoscale-search-steps 9 --distribution even
145,burstgpt,hybrid,util_sweep,8,0.75,0.75,even,0.00,5,run,ok,96,96,final-report,2.359367,22735.014,1689477.9623,7733.534,74029.635,19143697700358.64,1.94,0,2026-06-09T23:51:11,2026-06-09T23:53:34,/home/hmoore01/anaconda3/bin/python3 -u simulator_LLM.py --framework hybrid --epoch 96 --num-dcs 8 --target-util 0.75 --autoscale-mode global_peak --autoscale-max-drop 0.02 --autoscale-max-mult 1500000 --autoscale-max-rows 16000000 --autoscale-search-steps 9 --distribution even
146,burstgpt,nsga2,util_sweep,8,0.75,0.75,even,0.00,1,run,ok,96,96,final-report,2.108721,41241.811,1606380.3205,19398.040,121951.163,1248589938084390.50,269.88,0,2026-06-09T23:53:34,2026-06-10T04:24:02,/home/hmoore01/anaconda3/bin/python3 -u simulator_LLM.py --framework nsga2 --epoch 96 --num-dcs 8 --target-util 0.75 --autoscale-mode global_peak --autoscale-max-drop 0.02 --autoscale-max-mult 1500000 --autoscale-max-rows 16000000 --autoscale-search-steps 9 --distribution even
147,burstgpt,nsga2,util_sweep,8,0.75,0.75,even,0.00,2,run,ok,96,96,final-report,2.108721,41241.811,1606380.3205,19398.040,121951.163,1248589938084390.50,266.07,0,2026-06-10T04:24:02,2026-06-10T08:50:40,/home/hmoore01/anaconda3/bin/python3 -u simulator_LLM.py --framework nsga2 --epoch 96 --num-dcs 8 --target-util 0.75 --autoscale-mode global_peak --autoscale-max-drop 0.02 --autoscale-max-mult 1500000 --autoscale-max-rows 16000000 --autoscale-search-steps 9 --distribution even
61,burstgpt,parliament,util_sweep,8,0.85,0.75,even,0.00,1,run,no-data,0,96,none,,,,,,,0.02,1,2026-06-10T15:33:37,2026-06-10T15:33:38,/home/sirui/anaconda3/bin/python3 -u simulator_LLM.py --framework parliament --epoch 96 --num-dcs 8 --target-util 0.85 --autoscale-mode global_peak --autoscale-max-drop 0.02 --autoscale-max-mult 1500000 --autoscale-max-rows 16000000 --autoscale-search-steps 9 --distribution even
62,burstgpt,parliament,util_sweep,8,0.85,0.75,even,0.00,2,run,no-data,0,96,none,,,,,,,0.02,1,2026-06-10T15:33:38,2026-06-10T15:33:39,/home/sirui/anaconda3/bin/python3 -u simulator_LLM.py --framework parliament --epoch 96 --num-dcs 8 --target-util 0.85 --autoscale-mode global_peak --autoscale-max-drop 0.02 --autoscale-max-mult 1500000 --autoscale-max-rows 16000000 --autoscale-search-steps 9 --distribution even
63,burstgpt,parliament,util_sweep,8,0.85,0.75,even,0.00,3,run,no-data,0,96,none,,,,,,,0.02,1,2026-06-10T15:33:39,2026-06-10T15:33:40,/home/sirui/anaconda3/bin/python3 -u simulator_LLM.py --framework parliament --epoch 96 --num-dcs 8 --target-util 0.85 --autoscale-mode global_peak --autoscale-max-drop 0.02 --autoscale-max-mult 1500000 --autoscale-max-rows 16000000 --autoscale-search-steps 9 --distribution even
64,burstgpt,parliament,util_sweep,8,0.85,0.75,even,0.00,4,run,no-data,0,96,none,,,,,,,0.02,1,2026-06-10T15:33:40,2026-06-10T15:33:41,/home/sirui/anaconda3/bin/python3 -u simulator_LLM.py --framework parliament --epoch 96 --num-dcs 8 --target-util 0.85 --autoscale-mode global_peak --autoscale-max-drop 0.02 --autoscale-max-mult 1500000 --autoscale-max-rows 16000000 --autoscale-search-steps 9 --distribution even
65,burstgpt,parliament,util_sweep,8,0.85,0.75,even,0.00,5,run,no-data,0,96,none,,,,,,,0.02,1,2026-06-10T15:33:41,2026-06-10T15:33:42,/home/sirui/anaconda3/bin/python3 -u simulator_LLM.py --framework parliament --epoch 96 --num-dcs 8 --target-util 0.85 --autoscale-mode global_peak --autoscale-max-drop 0.02 --autoscale-max-mult 1500000 --autoscale-max-rows 16000000 --autoscale-search-steps 9 --distribution even
66,burstgpt,hybrid,util_sweep,8,0.85,0.75,even,0.00,1,run,no-data,0,96,none,,,,,,,0.02,1,2026-06-10T15:33:42,2026-06-10T15:33:43,/home/sirui/anaconda3/bin/python3 -u simulator_LLM.py --framework hybrid --epoch 96 --num-dcs 8 --target-util 0.85 --autoscale-mode global_peak --autoscale-max-drop 0.02 --autoscale-max-mult 1500000 --autoscale-max-rows 16000000 --autoscale-search-steps 9 --distribution even
67,burstgpt,hybrid,util_sweep,8,0.85,0.75,even,0.00,2,run,no-data,0,96,none,,,,,,,0.02,1,2026-06-10T15:33:43,2026-06-10T15:33:44,/home/sirui/anaconda3/bin/python3 -u simulator_LLM.py --framework hybrid --epoch 96 --num-dcs 8 --target-util 0.85 --autoscale-mode global_peak --autoscale-max-drop 0.02 --autoscale-max-mult 1500000 --autoscale-max-rows 16000000 --autoscale-search-steps 9 --distribution even
68,burstgpt,hybrid,util_sweep,8,0.85,0.75,even,0.00,3,run,no-data,0,96,none,,,,,,,0.02,1,2026-06-10T15:33:44,2026-06-10T15:33:45,/home/sirui/anaconda3/bin/python3 -u simulator_LLM.py --framework hybrid --epoch 96 --num-dcs 8 --target-util 0.85 --autoscale-mode global_peak --autoscale-max-drop 0.02 --autoscale-max-mult 1500000 --autoscale-max-rows 16000000 --autoscale-search-steps 9 --distribution even
69,burstgpt,hybrid,util_sweep,8,0.85,0.75,even,0.00,4,run,no-data,0,96,none,,,,,,,0.02,1,2026-06-10T15:33:45,2026-06-10T15:33:46,/home/sirui/anaconda3/bin/python3 -u simulator_LLM.py --framework hybrid --epoch 96 --num-dcs 8 --target-util 0.85 --autoscale-mode global_peak --autoscale-max-drop 0.02 --autoscale-max-mult 1500000 --autoscale-max-rows 16000000 --autoscale-search-steps 9 --distribution even
70,burstgpt,hybrid,util_sweep,8,0.85,0.75,even,0.00,5,run,no-data,0,96,none,,,,,,,0.02,1,2026-06-10T15:33:46,2026-06-10T15:33:48,/home/sirui/anaconda3/bin/python3 -u simulator_LLM.py --framework hybrid --epoch 96 --num-dcs 8 --target-util 0.85 --autoscale-mode global_peak --autoscale-max-drop 0.02 --autoscale-max-mult 1500000 --autoscale-max-rows 16000000 --autoscale-search-steps 9 --distribution even
71,burstgpt,parliament,util_sweep,8,1.05,0.75,even,0.00,1,run,no-data,0,96,none,,,,,,,0.02,1,2026-06-10T15:33:48,2026-06-10T15:33:49,/home/sirui/anaconda3/bin/python3 -u simulator_LLM.py --framework parliament --epoch 96 --num-dcs 8 --target-util 1.05 --autoscale-mode global_peak --autoscale-max-drop 0.02 --autoscale-max-mult 1500000 --autoscale-max-rows 16000000 --autoscale-search-steps 9 --distribution even
72,burstgpt,parliament,util_sweep,8,1.05,0.75,even,0.00,2,run,no-data,0,96,none,,,,,,,0.02,1,2026-06-10T15:33:49,2026-06-10T15:33:50,/home/sirui/anaconda3/bin/python3 -u simulator_LLM.py --framework parliament --epoch 96 --num-dcs 8 --target-util 1.05 --autoscale-mode global_peak --autoscale-max-drop 0.02 --autoscale-max-mult 1500000 --autoscale-max-rows 16000000 --autoscale-search-steps 9 --distribution even
73,burstgpt,parliament,util_sweep,8,1.05,0.75,even,0.00,3,run,no-data,0,96,none,,,,,,,0.02,1,2026-06-10T15:33:50,2026-06-10T15:33:51,/home/sirui/anaconda3/bin/python3 -u simulator_LLM.py --framework parliament --epoch 96 --num-dcs 8 --target-util 1.05 --autoscale-mode global_peak --autoscale-max-drop 0.02 --autoscale-max-mult 1500000 --autoscale-max-rows 16000000 --autoscale-search-steps 9 --distribution even
74,burstgpt,parliament,util_sweep,8,1.05,0.75,even,0.00,4,run,no-data,0,96,none,,,,,,,0.02,1,2026-06-10T15:33:51,2026-06-10T15:33:52,/home/sirui/anaconda3/bin/python3 -u simulator_LLM.py --framework parliament --epoch 96 --num-dcs 8 --target-util 1.05 --autoscale-mode global_peak --autoscale-max-drop 0.02 --autoscale-max-mult 1500000 --autoscale-max-rows 16000000 --autoscale-search-steps 9 --distribution even
75,burstgpt,parliament,util_sweep,8,1.05,0.75,even,0.00,5,run,no-data,0,96,none,,,,,,,0.02,1,2026-06-10T15:33:52,2026-06-10T15:33:53,/home/sirui/anaconda3/bin/python3 -u simulator_LLM.py --framework parliament --epoch 96 --num-dcs 8 --target-util 1.05 --autoscale-mode global_peak --autoscale-max-drop 0.02 --autoscale-max-mult 1500000 --autoscale-max-rows 16000000 --autoscale-search-steps 9 --distribution even
76,burstgpt,hybrid,util_sweep,8,1.05,0.75,even,0.00,1,run,no-data,0,96,none,,,,,,,0.02,1,2026-06-10T15:33:53,2026-06-10T15:33:54,/home/sirui/anaconda3/bin/python3 -u simulator_LLM.py --framework hybrid --epoch 96 --num-dcs 8 --target-util 1.05 --autoscale-mode global_peak --autoscale-max-drop 0.02 --autoscale-max-mult 1500000 --autoscale-max-rows 16000000 --autoscale-search-steps 9 --distribution even
77,burstgpt,hybrid,util_sweep,8,1.05,0.75,even,0.00,2,run,no-data,0,96,none,,,,,,,0.02,1,2026-06-10T15:33:54,2026-06-10T15:33:55,/home/sirui/anaconda3/bin/python3 -u simulator_LLM.py --framework hybrid --epoch 96 --num-dcs 8 --target-util 1.05 --autoscale-mode global_peak --autoscale-max-drop 0.02 --autoscale-max-mult 1500000 --autoscale-max-rows 16000000 --autoscale-search-steps 9 --distribution even
78,burstgpt,hybrid,util_sweep,8,1.05,0.75,even,0.00,3,run,no-data,0,96,none,,,,,,,0.02,1,2026-06-10T15:33:55,2026-06-10T15:33:56,/home/sirui/anaconda3/bin/python3 -u simulator_LLM.py --framework hybrid --epoch 96 --num-dcs 8 --target-util 1.05 --autoscale-mode global_peak --autoscale-max-drop 0.02 --autoscale-max-mult 1500000 --autoscale-max-rows 16000000 --autoscale-search-steps 9 --distribution even
79,burstgpt,hybrid,util_sweep,8,1.05,0.75,even,0.00,4,run,no-data,0,96,none,,,,,,,0.02,1,2026-06-10T15:33:56,2026-06-10T15:33:57,/home/sirui/anaconda3/bin/python3 -u simulator_LLM.py --framework hybrid --epoch 96 --num-dcs 8 --target-util 1.05 --autoscale-mode global_peak --autoscale-max-drop 0.02 --autoscale-max-mult 1500000 --autoscale-max-rows 16000000 --autoscale-search-steps 9 --distribution even
80,burstgpt,hybrid,util_sweep,8,1.05,0.75,even,0.00,5,run,no-data,0,96,none,,,,,,,0.02,1,2026-06-10T15:33:57,2026-06-10T15:33:58,/home/sirui/anaconda3/bin/python3 -u simulator_LLM.py --framework hybrid --epoch 96 --num-dcs 8 --target-util 1.05 --autoscale-mode global_peak --autoscale-max-drop 0.02 --autoscale-max-mult 1500000 --autoscale-max-rows 16000000 --autoscale-search-steps 9 --distribution even
81,burstgpt,parliament,mix_sweep,8,0.95,0.00,even,0.00,1,run,no-data,0,96,none,,,,,,,0.02,1,2026-06-10T15:33:58,2026-06-10T15:33:59,/home/sirui/anaconda3/bin/python3 -u simulator_LLM.py --framework parliament --epoch 96 --num-dcs 8 --target-util 0.95 --autoscale-mode global_peak --autoscale-max-drop 0.02 --autoscale-max-mult 1500000 --autoscale-max-rows 16000000 --autoscale-search-steps 9 --distribution even
82,burstgpt,parliament,mix_sweep,8,0.95,0.00,even,0.00,2,run,no-data,0,96,none,,,,,,,0.02,1,2026-06-10T15:33:59,2026-06-10T15:34:00,/home/sirui/anaconda3/bin/python3 -u simulator_LLM.py --framework parliament --epoch 96 --num-dcs 8 --target-util 0.95 --autoscale-mode global_peak --autoscale-max-drop 0.02 --autoscale-max-mult 1500000 --autoscale-max-rows 16000000 --autoscale-search-steps 9 --distribution even
83,burstgpt,parliament,mix_sweep,8,0.95,0.00,even,0.00,3,run,no-data,0,96,none,,,,,,,0.02,1,2026-06-10T15:34:00,2026-06-10T15:34:01,/home/sirui/anaconda3/bin/python3 -u simulator_LLM.py --framework parliament --epoch 96 --num-dcs 8 --target-util 0.95 --autoscale-mode global_peak --autoscale-max-drop 0.02 --autoscale-max-mult 1500000 --autoscale-max-rows 16000000 --autoscale-search-steps 9 --distribution even
84,burstgpt,parliament,mix_sweep,8,0.95,0.00,even,0.00,4,run,no-data,0,96,none,,,,,,,0.02,1,2026-06-10T15:34:01,2026-06-10T15:34:02,/home/sirui/anaconda3/bin/python3 -u simulator_LLM.py --framework parliament --epoch 96 --num-dcs 8 --target-util 0.95 --autoscale-mode global_peak --autoscale-max-drop 0.02 --autoscale-max-mult 1500000 --autoscale-max-rows 16000000 --autoscale-search-steps 9 --distribution even
85,burstgpt,parliament,mix_sweep,8,0.95,0.00,even,0.00,5,run,no-data,0,96,none,,,,,,,0.02,1,2026-06-10T15:34:02,2026-06-10T15:34:03,/home/sirui/anaconda3/bin/python3 -u simulator_LLM.py --framework parliament --epoch 96 --num-dcs 8 --target-util 0.95 --autoscale-mode global_peak --autoscale-max-drop 0.02 --autoscale-max-mult 1500000 --autoscale-max-rows 16000000 --autoscale-search-steps 9 --distribution even
86,burstgpt,hybrid,mix_sweep,8,0.95,0.00,even,0.00,1,run,no-data,0,96,none,,,,,,,0.02,1,2026-06-10T15:34:03,2026-06-10T15:34:04,/home/sirui/anaconda3/bin/python3 -u simulator_LLM.py --framework hybrid --epoch 96 --num-dcs 8 --target-util 0.95 --autoscale-mode global_peak --autoscale-max-drop 0.02 --autoscale-max-mult 1500000 --autoscale-max-rows 16000000 --autoscale-search-steps 9 --distribution even
87,burstgpt,hybrid,mix_sweep,8,0.95,0.00,even,0.00,2,run,no-data,0,96,none,,,,,,,0.02,1,2026-06-10T15:34:04,2026-06-10T15:34:05,/home/sirui/anaconda3/bin/python3 -u simulator_LLM.py --framework hybrid --epoch 96 --num-dcs 8 --target-util 0.95 --autoscale-mode global_peak --autoscale-max-drop 0.02 --autoscale-max-mult 1500000 --autoscale-max-rows 16000000 --autoscale-search-steps 9 --distribution even
88,burstgpt,hybrid,mix_sweep,8,0.95,0.00,even,0.00,3,run,no-data,0,96,none,,,,,,,0.02,1,2026-06-10T15:34:05,2026-06-10T15:34:06,/home/sirui/anaconda3/bin/python3 -u simulator_LLM.py --framework hybrid --epoch 96 --num-dcs 8 --target-util 0.95 --autoscale-mode global_peak --autoscale-max-drop 0.02 --autoscale-max-mult 1500000 --autoscale-max-rows 16000000 --autoscale-search-steps 9 --distribution even
89,burstgpt,hybrid,mix_sweep,8,0.95,0.00,even,0.00,4,run,no-data,0,96,none,,,,,,,0.02,1,2026-06-10T15:34:06,2026-06-10T15:34:07,/home/sirui/anaconda3/bin/python3 -u simulator_LLM.py --framework hybrid --epoch 96 --num-dcs 8 --target-util 0.95 --autoscale-mode global_peak --autoscale-max-drop 0.02 --autoscale-max-mult 1500000 --autoscale-max-rows 16000000 --autoscale-search-steps 9 --distribution even
90,burstgpt,hybrid,mix_sweep,8,0.95,0.00,even,0.00,5,run,no-data,0,96,none,,,,,,,0.02,1,2026-06-10T15:34:07,2026-06-10T15:34:08,/home/sirui/anaconda3/bin/python3 -u simulator_LLM.py --framework hybrid --epoch 96 --num-dcs 8 --target-util 0.95 --autoscale-mode global_peak --autoscale-max-drop 0.02 --autoscale-max-mult 1500000 --autoscale-max-rows 16000000 --autoscale-search-steps 9 --distribution even
91,burstgpt,parliament,mix_sweep,8,0.95,0.25,even,0.00,1,run,no-data,0,96,none,,,,,,,0.02,1,2026-06-10T15:34:08,2026-06-10T15:34:09,/home/sirui/anaconda3/bin/python3 -u simulator_LLM.py --framework parliament --epoch 96 --num-dcs 8 --target-util 0.95 --autoscale-mode global_peak --autoscale-max-drop 0.02 --autoscale-max-mult 1500000 --autoscale-max-rows 16000000 --autoscale-search-steps 9 --distribution even
92,burstgpt,parliament,mix_sweep,8,0.95,0.25,even,0.00,2,run,no-data,0,96,none,,,,,,,0.02,1,2026-06-10T15:34:09,2026-06-10T15:34:10,/home/sirui/anaconda3/bin/python3 -u simulator_LLM.py --framework parliament --epoch 96 --num-dcs 8 --target-util 0.95 --autoscale-mode global_peak --autoscale-max-drop 0.02 --autoscale-max-mult 1500000 --autoscale-max-rows 16000000 --autoscale-search-steps 9 --distribution even
93,burstgpt,parliament,mix_sweep,8,0.95,0.25,even,0.00,3,run,no-data,0,96,none,,,,,,,0.02,1,2026-06-10T15:34:10,2026-06-10T15:34:11,/home/sirui/anaconda3/bin/python3 -u simulator_LLM.py --framework parliament --epoch 96 --num-dcs 8 --target-util 0.95 --autoscale-mode global_peak --autoscale-max-drop 0.02 --autoscale-max-mult 1500000 --autoscale-max-rows 16000000 --autoscale-search-steps 9 --distribution even
94,burstgpt,parliament,mix_sweep,8,0.95,0.25,even,0.00,4,run,no-data,0,96,none,,,,,,,0.02,1,2026-06-10T15:34:11,2026-06-10T15:34:12,/home/sirui/anaconda3/bin/python3 -u simulator_LLM.py --framework parliament --epoch 96 --num-dcs 8 --target-util 0.95 --autoscale-mode global_peak --autoscale-max-drop 0.02 --autoscale-max-mult 1500000 --autoscale-max-rows 16000000 --autoscale-search-steps 9 --distribution even
95,burstgpt,parliament,mix_sweep,8,0.95,0.25,even,0.00,5,run,no-data,0,96,none,,,,,,,0.02,1,2026-06-10T15:34:12,2026-06-10T15:34:13,/home/sirui/anaconda3/bin/python3 -u simulator_LLM.py --framework parliament --epoch 96 --num-dcs 8 --target-util 0.95 --autoscale-mode global_peak --autoscale-max-drop 0.02 --autoscale-max-mult 1500000 --autoscale-max-rows 16000000 --autoscale-search-steps 9 --distribution even
96,burstgpt,hybrid,mix_sweep,8,0.95,0.25,even,0.00,1,run,no-data,0,96,none,,,,,,,0.02,1,2026-06-10T15:34:13,2026-06-10T15:34:14,/home/sirui/anaconda3/bin/python3 -u simulator_LLM.py --framework hybrid --epoch 96 --num-dcs 8 --target-util 0.95 --autoscale-mode global_peak --autoscale-max-drop 0.02 --autoscale-max-mult 1500000 --autoscale-max-rows 16000000 --autoscale-search-steps 9 --distribution even
97,burstgpt,hybrid,mix_sweep,8,0.95,0.25,even,0.00,2,run,no-data,0,96,none,,,,,,,0.02,1,2026-06-10T15:34:14,2026-06-10T15:34:15,/home/sirui/anaconda3/bin/python3 -u simulator_LLM.py --framework hybrid --epoch 96 --num-dcs 8 --target-util 0.95 --autoscale-mode global_peak --autoscale-max-drop 0.02 --autoscale-max-mult 1500000 --autoscale-max-rows 16000000 --autoscale-search-steps 9 --distribution even
98,burstgpt,hybrid,mix_sweep,8,0.95,0.25,even,0.00,3,run,no-data,0,96,none,,,,,,,0.02,1,2026-06-10T15:34:15,2026-06-10T15:34:16,/home/sirui/anaconda3/bin/python3 -u simulator_LLM.py --framework hybrid --epoch 96 --num-dcs 8 --target-util 0.95 --autoscale-mode global_peak --autoscale-max-drop 0.02 --autoscale-max-mult 1500000 --autoscale-max-rows 16000000 --autoscale-search-steps 9 --distribution even
99,burstgpt,hybrid,mix_sweep,8,0.95,0.25,even,0.00,4,run,no-data,0,96,none,,,,,,,0.02,1,2026-06-10T15:34:16,2026-06-10T15:34:17,/home/sirui/anaconda3/bin/python3 -u simulator_LLM.py --framework hybrid --epoch 96 --num-dcs 8 --target-util 0.95 --autoscale-mode global_peak --autoscale-max-drop 0.02 --autoscale-max-mult 1500000 --autoscale-max-rows 16000000 --autoscale-search-steps 9 --distribution even
100,burstgpt,hybrid,mix_sweep,8,0.95,0.25,even,0.00,5,run,no-data,0,96,none,,,,,,,0.02,1,2026-06-10T15:34:17,2026-06-10T15:34:18,/home/sirui/anaconda3/bin/python3 -u simulator_LLM.py --framework hybrid --epoch 96 --num-dcs 8 --target-util 0.95 --autoscale-mode global_peak --autoscale-max-drop 0.02 --autoscale-max-mult 1500000 --autoscale-max-rows 16000000 --autoscale-search-steps 9 --distribution even
101,burstgpt,parliament,mix_sweep,8,0.95,0.50,even,0.00,1,run,no-data,0,96,none,,,,,,,0.02,1,2026-06-10T15:34:18,2026-06-10T15:34:19,/home/sirui/anaconda3/bin/python3 -u simulator_LLM.py --framework parliament --epoch 96 --num-dcs 8 --target-util 0.95 --autoscale-mode global_peak --autoscale-max-drop 0.02 --autoscale-max-mult 1500000 --autoscale-max-rows 16000000 --autoscale-search-steps 9 --distribution even
102,burstgpt,parliament,mix_sweep,8,0.95,0.50,even,0.00,2,run,no-data,0,96,none,,,,,,,0.02,1,2026-06-10T15:34:19,2026-06-10T15:34:20,/home/sirui/anaconda3/bin/python3 -u simulator_LLM.py --framework parliament --epoch 96 --num-dcs 8 --target-util 0.95 --autoscale-mode global_peak --autoscale-max-drop 0.02 --autoscale-max-mult 1500000 --autoscale-max-rows 16000000 --autoscale-search-steps 9 --distribution even
103,burstgpt,parliament,mix_sweep,8,0.95,0.50,even,0.00,3,run,no-data,0,96,none,,,,,,,0.02,1,2026-06-10T15:34:20,2026-06-10T15:34:21,/home/sirui/anaconda3/bin/python3 -u simulator_LLM.py --framework parliament --epoch 96 --num-dcs 8 --target-util 0.95 --autoscale-mode global_peak --autoscale-max-drop 0.02 --autoscale-max-mult 1500000 --autoscale-max-rows 16000000 --autoscale-search-steps 9 --distribution even
104,burstgpt,parliament,mix_sweep,8,0.95,0.50,even,0.00,4,run,no-data,0,96,none,,,,,,,0.02,1,2026-06-10T15:34:21,2026-06-10T15:34:22,/home/sirui/anaconda3/bin/python3 -u simulator_LLM.py --framework parliament --epoch 96 --num-dcs 8 --target-util 0.95 --autoscale-mode global_peak --autoscale-max-drop 0.02 --autoscale-max-mult 1500000 --autoscale-max-rows 16000000 --autoscale-search-steps 9 --distribution even
105,burstgpt,parliament,mix_sweep,8,0.95,0.50,even,0.00,5,run,no-data,0,96,none,,,,,,,0.02,1,2026-06-10T15:34:22,2026-06-10T15:34:23,/home/sirui/anaconda3/bin/python3 -u simulator_LLM.py --framework parliament --epoch 96 --num-dcs 8 --target-util 0.95 --autoscale-mode global_peak --autoscale-max-drop 0.02 --autoscale-max-mult 1500000 --autoscale-max-rows 16000000 --autoscale-search-steps 9 --distribution even
106,burstgpt,hybrid,mix_sweep,8,0.95,0.50,even,0.00,1,run,no-data,0,96,none,,,,,,,0.02,1,2026-06-10T15:34:23,2026-06-10T15:34:24,/home/sirui/anaconda3/bin/python3 -u simulator_LLM.py --framework hybrid --epoch 96 --num-dcs 8 --target-util 0.95 --autoscale-mode global_peak --autoscale-max-drop 0.02 --autoscale-max-mult 1500000 --autoscale-max-rows 16000000 --autoscale-search-steps 9 --distribution even
107,burstgpt,hybrid,mix_sweep,8,0.95,0.50,even,0.00,2,run,no-data,0,96,none,,,,,,,0.02,1,2026-06-10T15:34:24,2026-06-10T15:34:25,/home/sirui/anaconda3/bin/python3 -u simulator_LLM.py --framework hybrid --epoch 96 --num-dcs 8 --target-util 0.95 --autoscale-mode global_peak --autoscale-max-drop 0.02 --autoscale-max-mult 1500000 --autoscale-max-rows 16000000 --autoscale-search-steps 9 --distribution even
108,burstgpt,hybrid,mix_sweep,8,0.95,0.50,even,0.00,3,run,no-data,0,96,none,,,,,,,0.02,1,2026-06-10T15:34:25,2026-06-10T15:34:26,/home/sirui/anaconda3/bin/python3 -u simulator_LLM.py --framework hybrid --epoch 96 --num-dcs 8 --target-util 0.95 --autoscale-mode global_peak --autoscale-max-drop 0.02 --autoscale-max-mult 1500000 --autoscale-max-rows 16000000 --autoscale-search-steps 9 --distribution even
109,burstgpt,hybrid,mix_sweep,8,0.95,0.50,even,0.00,4,run,no-data,0,96,none,,,,,,,0.02,1,2026-06-10T15:34:26,2026-06-10T15:34:27,/home/sirui/anaconda3/bin/python3 -u simulator_LLM.py --framework hybrid --epoch 96 --num-dcs 8 --target-util 0.95 --autoscale-mode global_peak --autoscale-max-drop 0.02 --autoscale-max-mult 1500000 --autoscale-max-rows 16000000 --autoscale-search-steps 9 --distribution even
110,burstgpt,hybrid,mix_sweep,8,0.95,0.50,even,0.00,5,run,no-data,0,96,none,,,,,,,0.02,1,2026-06-10T15:34:27,2026-06-10T15:34:28,/home/sirui/anaconda3/bin/python3 -u simulator_LLM.py --framework hybrid --epoch 96 --num-dcs 8 --target-util 0.95 --autoscale-mode global_peak --autoscale-max-drop 0.02 --autoscale-max-mult 1500000 --autoscale-max-rows 16000000 --autoscale-search-steps 9 --distribution even
111,burstgpt,parliament,mix_sweep,8,0.95,1.00,even,0.00,1,run,no-data,0,96,none,,,,,,,0.02,1,2026-06-10T15:34:28,2026-06-10T15:34:29,/home/sirui/anaconda3/bin/python3 -u simulator_LLM.py --framework parliament --epoch 96 --num-dcs 8 --target-util 0.95 --autoscale-mode global_peak --autoscale-max-drop 0.02 --autoscale-max-mult 1500000 --autoscale-max-rows 16000000 --autoscale-search-steps 9 --distribution even
112,burstgpt,parliament,mix_sweep,8,0.95,1.00,even,0.00,2,run,no-data,0,96,none,,,,,,,0.02,1,2026-06-10T15:34:29,2026-06-10T15:34:30,/home/sirui/anaconda3/bin/python3 -u simulator_LLM.py --framework parliament --epoch 96 --num-dcs 8 --target-util 0.95 --autoscale-mode global_peak --autoscale-max-drop 0.02 --autoscale-max-mult 1500000 --autoscale-max-rows 16000000 --autoscale-search-steps 9 --distribution even
113,burstgpt,parliament,mix_sweep,8,0.95,1.00,even,0.00,3,run,no-data,0,96,none,,,,,,,0.02,1,2026-06-10T15:34:30,2026-06-10T15:34:31,/home/sirui/anaconda3/bin/python3 -u simulator_LLM.py --framework parliament --epoch 96 --num-dcs 8 --target-util 0.95 --autoscale-mode global_peak --autoscale-max-drop 0.02 --autoscale-max-mult 1500000 --autoscale-max-rows 16000000 --autoscale-search-steps 9 --distribution even
114,burstgpt,parliament,mix_sweep,8,0.95,1.00,even,0.00,4,run,no-data,0,96,none,,,,,,,0.02,1,2026-06-10T15:34:31,2026-06-10T15:34:32,/home/sirui/anaconda3/bin/python3 -u simulator_LLM.py --framework parliament --epoch 96 --num-dcs 8 --target-util 0.95 --autoscale-mode global_peak --autoscale-max-drop 0.02 --autoscale-max-mult 1500000 --autoscale-max-rows 16000000 --autoscale-search-steps 9 --distribution even
115,burstgpt,parliament,mix_sweep,8,0.95,1.00,even,0.00,5,run,no-data,0,96,none,,,,,,,0.02,1,2026-06-10T15:34:32,2026-06-10T15:34:33,/home/sirui/anaconda3/bin/python3 -u simulator_LLM.py --framework parliament --epoch 96 --num-dcs 8 --target-util 0.95 --autoscale-mode global_peak --autoscale-max-drop 0.02 --autoscale-max-mult 1500000 --autoscale-max-rows 16000000 --autoscale-search-steps 9 --distribution even
116,burstgpt,hybrid,mix_sweep,8,0.95,1.00,even,0.00,1,run,no-data,0,96,none,,,,,,,0.02,1,2026-06-10T15:34:33,2026-06-10T15:34:34,/home/sirui/anaconda3/bin/python3 -u simulator_LLM.py --framework hybrid --epoch 96 --num-dcs 8 --target-util 0.95 --autoscale-mode global_peak --autoscale-max-drop 0.02 --autoscale-max-mult 1500000 --autoscale-max-rows 16000000 --autoscale-search-steps 9 --distribution even
117,burstgpt,hybrid,mix_sweep,8,0.95,1.00,even,0.00,2,run,no-data,0,96,none,,,,,,,0.02,1,2026-06-10T15:34:34,2026-06-10T15:34:35,/home/sirui/anaconda3/bin/python3 -u simulator_LLM.py --framework hybrid --epoch 96 --num-dcs 8 --target-util 0.95 --autoscale-mode global_peak --autoscale-max-drop 0.02 --autoscale-max-mult 1500000 --autoscale-max-rows 16000000 --autoscale-search-steps 9 --distribution even
118,burstgpt,hybrid,mix_sweep,8,0.95,1.00,even,0.00,3,run,no-data,0,96,none,,,,,,,0.02,1,2026-06-10T15:34:35,2026-06-10T15:34:37,/home/sirui/anaconda3/bin/python3 -u simulator_LLM.py --framework hybrid --epoch 96 --num-dcs 8 --target-util 0.95 --autoscale-mode global_peak --autoscale-max-drop 0.02 --autoscale-max-mult 1500000 --autoscale-max-rows 16000000 --autoscale-search-steps 9 --distribution even
119,burstgpt,hybrid,mix_sweep,8,0.95,1.00,even,0.00,4,run,no-data,0,96,none,,,,,,,0.02,1,2026-06-10T15:34:37,2026-06-10T15:34:38,/home/sirui/anaconda3/bin/python3 -u simulator_LLM.py --framework hybrid --epoch 96 --num-dcs 8 --target-util 0.95 --autoscale-mode global_peak --autoscale-max-drop 0.02 --autoscale-max-mult 1500000 --autoscale-max-rows 16000000 --autoscale-search-steps 9 --distribution even
120,burstgpt,hybrid,mix_sweep,8,0.95,1.00,even,0.00,5,run,no-data,0,96,none,,,,,,,0.02,1,2026-06-10T15:34:38,2026-06-10T15:34:39,/home/sirui/anaconda3/bin/python3 -u simulator_LLM.py --framework hybrid --epoch 96 --num-dcs 8 --target-util 0.95 --autoscale-mode global_peak --autoscale-max-drop 0.02 --autoscale-max-mult 1500000 --autoscale-max-rows 16000000 --autoscale-search-steps 9 --distribution even
121,burstgpt,parliament,origin_sweep,8,0.95,0.75,population,0.00,1,run,no-data,0,96,none,,,,,,,0.02,1,2026-06-10T15:34:39,2026-06-10T15:34:40,/home/sirui/anaconda3/bin/python3 -u simulator_LLM.py --framework parliament --epoch 96 --num-dcs 8 --target-util 0.95 --autoscale-mode global_peak --autoscale-max-drop 0.02 --autoscale-max-mult 1500000 --autoscale-max-rows 16000000 --autoscale-search-steps 9 --distribution population
122,burstgpt,parliament,origin_sweep,8,0.95,0.75,population,0.00,2,run,no-data,0,96,none,,,,,,,0.02,1,2026-06-10T15:34:40,2026-06-10T15:34:41,/home/sirui/anaconda3/bin/python3 -u simulator_LLM.py --framework parliament --epoch 96 --num-dcs 8 --target-util 0.95 --autoscale-mode global_peak --autoscale-max-drop 0.02 --autoscale-max-mult 1500000 --autoscale-max-rows 16000000 --autoscale-search-steps 9 --distribution population
123,burstgpt,parliament,origin_sweep,8,0.95,0.75,population,0.00,3,run,no-data,0,96,none,,,,,,,0.02,1,2026-06-10T15:34:41,2026-06-10T15:34:42,/home/sirui/anaconda3/bin/python3 -u simulator_LLM.py --framework parliament --epoch 96 --num-dcs 8 --target-util 0.95 --autoscale-mode global_peak --autoscale-max-drop 0.02 --autoscale-max-mult 1500000 --autoscale-max-rows 16000000 --autoscale-search-steps 9 --distribution population
124,burstgpt,parliament,origin_sweep,8,0.95,0.75,population,0.00,4,run,no-data,0,96,none,,,,,,,0.02,1,2026-06-10T15:34:42,2026-06-10T15:34:43,/home/sirui/anaconda3/bin/python3 -u simulator_LLM.py --framework parliament --epoch 96 --num-dcs 8 --target-util 0.95 --autoscale-mode global_peak --autoscale-max-drop 0.02 --autoscale-max-mult 1500000 --autoscale-max-rows 16000000 --autoscale-search-steps 9 --distribution population
125,burstgpt,parliament,origin_sweep,8,0.95,0.75,population,0.00,5,run,no-data,0,96,none,,,,,,,0.02,1,2026-06-10T15:34:43,2026-06-10T15:34:44,/home/sirui/anaconda3/bin/python3 -u simulator_LLM.py --framework parliament --epoch 96 --num-dcs 8 --target-util 0.95 --autoscale-mode global_peak --autoscale-max-drop 0.02 --autoscale-max-mult 1500000 --autoscale-max-rows 16000000 --autoscale-search-steps 9 --distribution population
126,burstgpt,hybrid,origin_sweep,8,0.95,0.75,population,0.00,1,run,no-data,0,96,none,,,,,,,0.02,1,2026-06-10T15:34:44,2026-06-10T15:34:45,/home/sirui/anaconda3/bin/python3 -u simulator_LLM.py --framework hybrid --epoch 96 --num-dcs 8 --target-util 0.95 --autoscale-mode global_peak --autoscale-max-drop 0.02 --autoscale-max-mult 1500000 --autoscale-max-rows 16000000 --autoscale-search-steps 9 --distribution population
127,burstgpt,hybrid,origin_sweep,8,0.95,0.75,population,0.00,2,run,no-data,0,96,none,,,,,,,0.02,1,2026-06-10T15:34:45,2026-06-10T15:34:46,/home/sirui/anaconda3/bin/python3 -u simulator_LLM.py --framework hybrid --epoch 96 --num-dcs 8 --target-util 0.95 --autoscale-mode global_peak --autoscale-max-drop 0.02 --autoscale-max-mult 1500000 --autoscale-max-rows 16000000 --autoscale-search-steps 9 --distribution population
128,burstgpt,hybrid,origin_sweep,8,0.95,0.75,population,0.00,3,run,no-data,0,96,none,,,,,,,0.02,1,2026-06-10T15:34:46,2026-06-10T15:34:47,/home/sirui/anaconda3/bin/python3 -u simulator_LLM.py --framework hybrid --epoch 96 --num-dcs 8 --target-util 0.95 --autoscale-mode global_peak --autoscale-max-drop 0.02 --autoscale-max-mult 1500000 --autoscale-max-rows 16000000 --autoscale-search-steps 9 --distribution population
129,burstgpt,hybrid,origin_sweep,8,0.95,0.75,population,0.00,4,run,no-data,0,96,none,,,,,,,0.02,1,2026-06-10T15:34:47,2026-06-10T15:34:48,/home/sirui/anaconda3/bin/python3 -u simulator_LLM.py --framework hybrid --epoch 96 --num-dcs 8 --target-util 0.95 --autoscale-mode global_peak --autoscale-max-drop 0.02 --autoscale-max-mult 1500000 --autoscale-max-rows 16000000 --autoscale-search-steps 9 --distribution population
130,burstgpt,hybrid,origin_sweep,8,0.95,0.75,population,0.00,5,run,no-data,0,96,none,,,,,,,0.02,1,2026-06-10T15:34:48,2026-06-10T15:34:49,/home/sirui/anaconda3/bin/python3 -u simulator_LLM.py --framework hybrid --epoch 96 --num-dcs 8 --target-util 0.95 --autoscale-mode global_peak --autoscale-max-drop 0.02 --autoscale-max-mult 1500000 --autoscale-max-rows 16000000 --autoscale-search-steps 9 --distribution population
131,burstgpt,parliament,origin_sweep,8,0.95,0.75,time,0.00,1,run,no-data,0,96,none,,,,,,,0.02,1,2026-06-10T15:34:49,2026-06-10T15:34:50,/home/sirui/anaconda3/bin/python3 -u simulator_LLM.py --framework parliament --epoch 96 --num-dcs 8 --target-util 0.95 --autoscale-mode global_peak --autoscale-max-drop 0.02 --autoscale-max-mult 1500000 --autoscale-max-rows 16000000 --autoscale-search-steps 9 --distribution time
132,burstgpt,parliament,origin_sweep,8,0.95,0.75,time,0.00,2,run,no-data,0,96,none,,,,,,,0.02,1,2026-06-10T15:34:50,2026-06-10T15:34:51,/home/sirui/anaconda3/bin/python3 -u simulator_LLM.py --framework parliament --epoch 96 --num-dcs 8 --target-util 0.95 --autoscale-mode global_peak --autoscale-max-drop 0.02 --autoscale-max-mult 1500000 --autoscale-max-rows 16000000 --autoscale-search-steps 9 --distribution time
133,burstgpt,parliament,origin_sweep,8,0.95,0.75,time,0.00,3,run,no-data,0,96,none,,,,,,,0.02,1,2026-06-10T15:34:51,2026-06-10T15:34:52,/home/sirui/anaconda3/bin/python3 -u simulator_LLM.py --framework parliament --epoch 96 --num-dcs 8 --target-util 0.95 --autoscale-mode global_peak --autoscale-max-drop 0.02 --autoscale-max-mult 1500000 --autoscale-max-rows 16000000 --autoscale-search-steps 9 --distribution time
134,burstgpt,parliament,origin_sweep,8,0.95,0.75,time,0.00,4,run,no-data,0,96,none,,,,,,,0.02,1,2026-06-10T15:34:52,2026-06-10T15:34:53,/home/sirui/anaconda3/bin/python3 -u simulator_LLM.py --framework parliament --epoch 96 --num-dcs 8 --target-util 0.95 --autoscale-mode global_peak --autoscale-max-drop 0.02 --autoscale-max-mult 1500000 --autoscale-max-rows 16000000 --autoscale-search-steps 9 --distribution time
135,burstgpt,parliament,origin_sweep,8,0.95,0.75,time,0.00,5,run,no-data,0,96,none,,,,,,,0.02,1,2026-06-10T15:34:53,2026-06-10T15:34:54,/home/sirui/anaconda3/bin/python3 -u simulator_LLM.py --framework parliament --epoch 96 --num-dcs 8 --target-util 0.95 --autoscale-mode global_peak --autoscale-max-drop 0.02 --autoscale-max-mult 1500000 --autoscale-max-rows 16000000 --autoscale-search-steps 9 --distribution time
136,burstgpt,hybrid,origin_sweep,8,0.95,0.75,time,0.00,1,run,no-data,0,96,none,,,,,,,0.02,1,2026-06-10T15:34:54,2026-06-10T15:34:55,/home/sirui/anaconda3/bin/python3 -u simulator_LLM.py --framework hybrid --epoch 96 --num-dcs 8 --target-util 0.95 --autoscale-mode global_peak --autoscale-max-drop 0.02 --autoscale-max-mult 1500000 --autoscale-max-rows 16000000 --autoscale-search-steps 9 --distribution time
137,burstgpt,hybrid,origin_sweep,8,0.95,0.75,time,0.00,2,run,no-data,0,96,none,,,,,,,0.02,1,2026-06-10T15:34:55,2026-06-10T15:34:56,/home/sirui/anaconda3/bin/python3 -u simulator_LLM.py --framework hybrid --epoch 96 --num-dcs 8 --target-util 0.95 --autoscale-mode global_peak --autoscale-max-drop 0.02 --autoscale-max-mult 1500000 --autoscale-max-rows 16000000 --autoscale-search-steps 9 --distribution time
138,burstgpt,hybrid,origin_sweep,8,0.95,0.75,time,0.00,3,run,no-data,0,96,none,,,,,,,0.02,1,2026-06-10T15:34:56,2026-06-10T15:34:57,/home/sirui/anaconda3/bin/python3 -u simulator_LLM.py --framework hybrid --epoch 96 --num-dcs 8 --target-util 0.95 --autoscale-mode global_peak --autoscale-max-drop 0.02 --autoscale-max-mult 1500000 --autoscale-max-rows 16000000 --autoscale-search-steps 9 --distribution time
139,burstgpt,hybrid,origin_sweep,8,0.95,0.75,time,0.00,4,run,no-data,0,96,none,,,,,,,0.02,1,2026-06-10T15:34:57,2026-06-10T15:34:58,/home/sirui/anaconda3/bin/python3 -u simulator_LLM.py --framework hybrid --epoch 96 --num-dcs 8 --target-util 0.95 --autoscale-mode global_peak --autoscale-max-drop 0.02 --autoscale-max-mult 1500000 --autoscale-max-rows 16000000 --autoscale-search-steps 9 --distribution time
140,burstgpt,hybrid,origin_sweep,8,0.95,0.75,time,0.00,5,run,no-data,0,96,none,,,,,,,0.02,1,2026-06-10T15:34:58,2026-06-10T15:34:59,/home/sirui/anaconda3/bin/python3 -u simulator_LLM.py --framework hybrid --epoch 96 --num-dcs 8 --target-util 0.95 --autoscale-mode global_peak --autoscale-max-drop 0.02 --autoscale-max-mult 1500000 --autoscale-max-rows 16000000 --autoscale-search-steps 9 --distribution time
141,burstgpt,parliament,noise_sweep,8,0.95,0.75,even,0.10,1,run,no-data,0,96,none,,,,,,,0.02,1,2026-06-10T15:34:59,2026-06-10T15:35:00,/home/sirui/anaconda3/bin/python3 -u simulator_LLM.py --framework parliament --epoch 96 --num-dcs 8 --target-util 0.95 --autoscale-mode global_peak --autoscale-max-drop 0.02 --autoscale-max-mult 1500000 --autoscale-max-rows 16000000 --autoscale-search-steps 9 --distribution even --prediction-noise 0.1
142,burstgpt,parliament,noise_sweep,8,0.95,0.75,even,0.10,2,run,no-data,0,96,none,,,,,,,0.02,1,2026-06-10T15:35:00,2026-06-10T15:35:01,/home/sirui/anaconda3/bin/python3 -u simulator_LLM.py --framework parliament --epoch 96 --num-dcs 8 --target-util 0.95 --autoscale-mode global_peak --autoscale-max-drop 0.02 --autoscale-max-mult 1500000 --autoscale-max-rows 16000000 --autoscale-search-steps 9 --distribution even --prediction-noise 0.1
143,burstgpt,parliament,noise_sweep,8,0.95,0.75,even,0.10,3,run,no-data,0,96,none,,,,,,,0.02,1,2026-06-10T15:35:01,2026-06-10T15:35:02,/home/sirui/anaconda3/bin/python3 -u simulator_LLM.py --framework parliament --epoch 96 --num-dcs 8 --target-util 0.95 --autoscale-mode global_peak --autoscale-max-drop 0.02 --autoscale-max-mult 1500000 --autoscale-max-rows 16000000 --autoscale-search-steps 9 --distribution even --prediction-noise 0.1
144,burstgpt,parliament,noise_sweep,8,0.95,0.75,even,0.10,4,run,no-data,0,96,none,,,,,,,0.02,1,2026-06-10T15:35:02,2026-06-10T15:35:03,/home/sirui/anaconda3/bin/python3 -u simulator_LLM.py --framework parliament --epoch 96 --num-dcs 8 --target-util 0.95 --autoscale-mode global_peak --autoscale-max-drop 0.02 --autoscale-max-mult 1500000 --autoscale-max-rows 16000000 --autoscale-search-steps 9 --distribution even --prediction-noise 0.1
145,burstgpt,parliament,noise_sweep,8,0.95,0.75,even,0.10,5,run,no-data,0,96,none,,,,,,,0.02,1,2026-06-10T15:35:03,2026-06-10T15:35:04,/home/sirui/anaconda3/bin/python3 -u simulator_LLM.py --framework parliament --epoch 96 --num-dcs 8 --target-util 0.95 --autoscale-mode global_peak --autoscale-max-drop 0.02 --autoscale-max-mult 1500000 --autoscale-max-rows 16000000 --autoscale-search-steps 9 --distribution even --prediction-noise 0.1
146,burstgpt,hybrid,noise_sweep,8,0.95,0.75,even,0.10,1,run,no-data,0,96,none,,,,,,,0.02,1,2026-06-10T15:35:04,2026-06-10T15:35:05,/home/sirui/anaconda3/bin/python3 -u simulator_LLM.py --framework hybrid --epoch 96 --num-dcs 8 --target-util 0.95 --autoscale-mode global_peak --autoscale-max-drop 0.02 --autoscale-max-mult 1500000 --autoscale-max-rows 16000000 --autoscale-search-steps 9 --distribution even --prediction-noise 0.1
147,burstgpt,hybrid,noise_sweep,8,0.95,0.75,even,0.10,2,run,no-data,0,96,none,,,,,,,0.02,1,2026-06-10T15:35:05,2026-06-10T15:35:06,/home/sirui/anaconda3/bin/python3 -u simulator_LLM.py --framework hybrid --epoch 96 --num-dcs 8 --target-util 0.95 --autoscale-mode global_peak --autoscale-max-drop 0.02 --autoscale-max-mult 1500000 --autoscale-max-rows 16000000 --autoscale-search-steps 9 --distribution even --prediction-noise 0.1
148,burstgpt,hybrid,noise_sweep,8,0.95,0.75,even,0.10,3,run,no-data,0,96,none,,,,,,,0.02,1,2026-06-10T15:35:06,2026-06-10T15:35:07,/home/sirui/anaconda3/bin/python3 -u simulator_LLM.py --framework hybrid --epoch 96 --num-dcs 8 --target-util 0.95 --autoscale-mode global_peak --autoscale-max-drop 0.02 --autoscale-max-mult 1500000 --autoscale-max-rows 16000000 --autoscale-search-steps 9 --distribution even --prediction-noise 0.1
149,burstgpt,hybrid,noise_sweep,8,0.95,0.75,even,0.10,4,run,no-data,0,96,none,,,,,,,0.02,1,2026-06-10T15:35:07,2026-06-10T15:35:08,/home/sirui/anaconda3/bin/python3 -u simulator_LLM.py --framework hybrid --epoch 96 --num-dcs 8 --target-util 0.95 --autoscale-mode global_peak --autoscale-max-drop 0.02 --autoscale-max-mult 1500000 --autoscale-max-rows 16000000 --autoscale-search-steps 9 --distribution even --prediction-noise 0.1
150,burstgpt,hybrid,noise_sweep,8,0.95,0.75,even,0.10,5,run,no-data,0,96,none,,,,,,,0.02,1,2026-06-10T15:35:08,2026-06-10T15:35:09,/home/sirui/anaconda3/bin/python3 -u simulator_LLM.py --framework hybrid --epoch 96 --num-dcs 8 --target-util 0.95 --autoscale-mode global_peak --autoscale-max-drop 0.02 --autoscale-max-mult 1500000 --autoscale-max-rows 16000000 --autoscale-search-steps 9 --distribution even --prediction-noise 0.1
151,burstgpt,parliament,noise_sweep,8,0.95,0.75,even,0.20,1,run,no-data,0,96,none,,,,,,,0.02,1,2026-06-10T15:35:09,2026-06-10T15:35:10,/home/sirui/anaconda3/bin/python3 -u simulator_LLM.py --framework parliament --epoch 96 --num-dcs 8 --target-util 0.95 --autoscale-mode global_peak --autoscale-max-drop 0.02 --autoscale-max-mult 1500000 --autoscale-max-rows 16000000 --autoscale-search-steps 9 --distribution even --prediction-noise 0.2
152,burstgpt,parliament,noise_sweep,8,0.95,0.75,even,0.20,2,run,no-data,0,96,none,,,,,,,0.02,1,2026-06-10T15:35:10,2026-06-10T15:35:11,/home/sirui/anaconda3/bin/python3 -u simulator_LLM.py --framework parliament --epoch 96 --num-dcs 8 --target-util 0.95 --autoscale-mode global_peak --autoscale-max-drop 0.02 --autoscale-max-mult 1500000 --autoscale-max-rows 16000000 --autoscale-search-steps 9 --distribution even --prediction-noise 0.2
153,burstgpt,parliament,noise_sweep,8,0.95,0.75,even,0.20,3,run,no-data,0,96,none,,,,,,,0.02,1,2026-06-10T15:35:11,2026-06-10T15:35:12,/home/sirui/anaconda3/bin/python3 -u simulator_LLM.py --framework parliament --epoch 96 --num-dcs 8 --target-util 0.95 --autoscale-mode global_peak --autoscale-max-drop 0.02 --autoscale-max-mult 1500000 --autoscale-max-rows 16000000 --autoscale-search-steps 9 --distribution even --prediction-noise 0.2
154,burstgpt,parliament,noise_sweep,8,0.95,0.75,even,0.20,4,run,no-data,0,96,none,,,,,,,0.02,1,2026-06-10T15:35:12,2026-06-10T15:35:13,/home/sirui/anaconda3/bin/python3 -u simulator_LLM.py --framework parliament --epoch 96 --num-dcs 8 --target-util 0.95 --autoscale-mode global_peak --autoscale-max-drop 0.02 --autoscale-max-mult 1500000 --autoscale-max-rows 16000000 --autoscale-search-steps 9 --distribution even --prediction-noise 0.2
155,burstgpt,parliament,noise_sweep,8,0.95,0.75,even,0.20,5,run,no-data,0,96,none,,,,,,,0.02,1,2026-06-10T15:35:13,2026-06-10T15:35:14,/home/sirui/anaconda3/bin/python3 -u simulator_LLM.py --framework parliament --epoch 96 --num-dcs 8 --target-util 0.95 --autoscale-mode global_peak --autoscale-max-drop 0.02 --autoscale-max-mult 1500000 --autoscale-max-rows 16000000 --autoscale-search-steps 9 --distribution even --prediction-noise 0.2
156,burstgpt,hybrid,noise_sweep,8,0.95,0.75,even,0.20,1,run,no-data,0,96,none,,,,,,,0.02,1,2026-06-10T15:35:14,2026-06-10T15:35:15,/home/sirui/anaconda3/bin/python3 -u simulator_LLM.py --framework hybrid --epoch 96 --num-dcs 8 --target-util 0.95 --autoscale-mode global_peak --autoscale-max-drop 0.02 --autoscale-max-mult 1500000 --autoscale-max-rows 16000000 --autoscale-search-steps 9 --distribution even --prediction-noise 0.2
157,burstgpt,hybrid,noise_sweep,8,0.95,0.75,even,0.20,2,run,no-data,0,96,none,,,,,,,0.02,1,2026-06-10T15:35:15,2026-06-10T15:35:16,/home/sirui/anaconda3/bin/python3 -u simulator_LLM.py --framework hybrid --epoch 96 --num-dcs 8 --target-util 0.95 --autoscale-mode global_peak --autoscale-max-drop 0.02 --autoscale-max-mult 1500000 --autoscale-max-rows 16000000 --autoscale-search-steps 9 --distribution even --prediction-noise 0.2
158,burstgpt,hybrid,noise_sweep,8,0.95,0.75,even,0.20,3,run,no-data,0,96,none,,,,,,,0.02,1,2026-06-10T15:35:16,2026-06-10T15:35:17,/home/sirui/anaconda3/bin/python3 -u simulator_LLM.py --framework hybrid --epoch 96 --num-dcs 8 --target-util 0.95 --autoscale-mode global_peak --autoscale-max-drop 0.02 --autoscale-max-mult 1500000 --autoscale-max-rows 16000000 --autoscale-search-steps 9 --distribution even --prediction-noise 0.2
159,burstgpt,hybrid,noise_sweep,8,0.95,0.75,even,0.20,4,run,no-data,0,96,none,,,,,,,0.02,1,2026-06-10T15:35:17,2026-06-10T15:35:18,/home/sirui/anaconda3/bin/python3 -u simulator_LLM.py --framework hybrid --epoch 96 --num-dcs 8 --target-util 0.95 --autoscale-mode global_peak --autoscale-max-drop 0.02 --autoscale-max-mult 1500000 --autoscale-max-rows 16000000 --autoscale-search-steps 9 --distribution even --prediction-noise 0.2
160,burstgpt,hybrid,noise_sweep,8,0.95,0.75,even,0.20,5,run,no-data,0,96,none,,,,,,,0.02,1,2026-06-10T15:35:18,2026-06-10T15:35:19,/home/sirui/anaconda3/bin/python3 -u simulator_LLM.py --framework hybrid --epoch 96 --num-dcs 8 --target-util 0.95 --autoscale-mode global_peak --autoscale-max-drop 0.02 --autoscale-max-mult 1500000 --autoscale-max-rows 16000000 --autoscale-search-steps 9 --distribution even --prediction-noise 0.2
161,burstgpt,parliament,noise_sweep,8,0.95,0.75,even,0.30,1,run,no-data,0,96,none,,,,,,,0.02,1,2026-06-10T15:35:19,2026-06-10T15:35:20,/home/sirui/anaconda3/bin/python3 -u simulator_LLM.py --framework parliament --epoch 96 --num-dcs 8 --target-util 0.95 --autoscale-mode global_peak --autoscale-max-drop 0.02 --autoscale-max-mult 1500000 --autoscale-max-rows 16000000 --autoscale-search-steps 9 --distribution even --prediction-noise 0.3
162,burstgpt,parliament,noise_sweep,8,0.95,0.75,even,0.30,2,run,no-data,0,96,none,,,,,,,0.02,1,2026-06-10T15:35:20,2026-06-10T15:35:21,/home/sirui/anaconda3/bin/python3 -u simulator_LLM.py --framework parliament --epoch 96 --num-dcs 8 --target-util 0.95 --autoscale-mode global_peak --autoscale-max-drop 0.02 --autoscale-max-mult 1500000 --autoscale-max-rows 16000000 --autoscale-search-steps 9 --distribution even --prediction-noise 0.3
163,burstgpt,parliament,noise_sweep,8,0.95,0.75,even,0.30,3,run,no-data,0,96,none,,,,,,,0.02,1,2026-06-10T15:35:21,2026-06-10T15:35:22,/home/sirui/anaconda3/bin/python3 -u simulator_LLM.py --framework parliament --epoch 96 --num-dcs 8 --target-util 0.95 --autoscale-mode global_peak --autoscale-max-drop 0.02 --autoscale-max-mult 1500000 --autoscale-max-rows 16000000 --autoscale-search-steps 9 --distribution even --prediction-noise 0.3
164,burstgpt,parliament,noise_sweep,8,0.95,0.75,even,0.30,4,run,no-data,0,96,none,,,,,,,0.02,1,2026-06-10T15:35:22,2026-06-10T15:35:23,/home/sirui/anaconda3/bin/python3 -u simulator_LLM.py --framework parliament --epoch 96 --num-dcs 8 --target-util 0.95 --autoscale-mode global_peak --autoscale-max-drop 0.02 --autoscale-max-mult 1500000 --autoscale-max-rows 16000000 --autoscale-search-steps 9 --distribution even --prediction-noise 0.3
165,burstgpt,parliament,noise_sweep,8,0.95,0.75,even,0.30,5,run,no-data,0,96,none,,,,,,,0.02,1,2026-06-10T15:35:23,2026-06-10T15:35:24,/home/sirui/anaconda3/bin/python3 -u simulator_LLM.py --framework parliament --epoch 96 --num-dcs 8 --target-util 0.95 --autoscale-mode global_peak --autoscale-max-drop 0.02 --autoscale-max-mult 1500000 --autoscale-max-rows 16000000 --autoscale-search-steps 9 --distribution even --prediction-noise 0.3
166,burstgpt,hybrid,noise_sweep,8,0.95,0.75,even,0.30,1,run,no-data,0,96,none,,,,,,,0.02,1,2026-06-10T15:35:24,2026-06-10T15:35:25,/home/sirui/anaconda3/bin/python3 -u simulator_LLM.py --framework hybrid --epoch 96 --num-dcs 8 --target-util 0.95 --autoscale-mode global_peak --autoscale-max-drop 0.02 --autoscale-max-mult 1500000 --autoscale-max-rows 16000000 --autoscale-search-steps 9 --distribution even --prediction-noise 0.3
167,burstgpt,hybrid,noise_sweep,8,0.95,0.75,even,0.30,2,run,no-data,0,96,none,,,,,,,0.02,1,2026-06-10T15:35:25,2026-06-10T15:35:26,/home/sirui/anaconda3/bin/python3 -u simulator_LLM.py --framework hybrid --epoch 96 --num-dcs 8 --target-util 0.95 --autoscale-mode global_peak --autoscale-max-drop 0.02 --autoscale-max-mult 1500000 --autoscale-max-rows 16000000 --autoscale-search-steps 9 --distribution even --prediction-noise 0.3
168,burstgpt,hybrid,noise_sweep,8,0.95,0.75,even,0.30,3,run,no-data,0,96,none,,,,,,,0.02,1,2026-06-10T15:35:26,2026-06-10T15:35:27,/home/sirui/anaconda3/bin/python3 -u simulator_LLM.py --framework hybrid --epoch 96 --num-dcs 8 --target-util 0.95 --autoscale-mode global_peak --autoscale-max-drop 0.02 --autoscale-max-mult 1500000 --autoscale-max-rows 16000000 --autoscale-search-steps 9 --distribution even --prediction-noise 0.3
169,burstgpt,hybrid,noise_sweep,8,0.95,0.75,even,0.30,4,run,no-data,0,96,none,,,,,,,0.02,1,2026-06-10T15:35:27,2026-06-10T15:35:28,/home/sirui/anaconda3/bin/python3 -u simulator_LLM.py --framework hybrid --epoch 96 --num-dcs 8 --target-util 0.95 --autoscale-mode global_peak --autoscale-max-drop 0.02 --autoscale-max-mult 1500000 --autoscale-max-rows 16000000 --autoscale-search-steps 9 --distribution even --prediction-noise 0.3
170,burstgpt,hybrid,noise_sweep,8,0.95,0.75,even,0.30,5,run,no-data,0,96,none,,,,,,,0.02,1,2026-06-10T15:35:28,2026-06-10T15:35:29,/home/sirui/anaconda3/bin/python3 -u simulator_LLM.py --framework hybrid --epoch 96 --num-dcs 8 --target-util 0.95 --autoscale-mode global_peak --autoscale-max-drop 0.02 --autoscale-max-mult 1500000 --autoscale-max-rows 16000000 --autoscale-search-steps 9 --distribution even --prediction-noise 0.3
171,azure_code,parliament,baseline,8,0.95,0.75,even,0.00,1,run,no-data,0,96,none,,,,,,,0.02,1,2026-06-10T15:35:30,2026-06-10T15:35:31,/home/sirui/anaconda3/bin/python3 -u simulator_LLM.py --framework parliament --epoch 96 --num-dcs 8 --target-util 0.95 --autoscale-mode global_peak --autoscale-max-drop 0.02 --autoscale-max-mult 1500000 --autoscale-max-rows 16000000 --autoscale-search-steps 9 --distribution even
172,azure_code,parliament,baseline,8,0.95,0.75,even,0.00,2,run,no-data,0,96,none,,,,,,,0.02,1,2026-06-10T15:35:31,2026-06-10T15:35:32,/home/sirui/anaconda3/bin/python3 -u simulator_LLM.py --framework parliament --epoch 96 --num-dcs 8 --target-util 0.95 --autoscale-mode global_peak --autoscale-max-drop 0.02 --autoscale-max-mult 1500000 --autoscale-max-rows 16000000 --autoscale-search-steps 9 --distribution even
173,azure_code,parliament,baseline,8,0.95,0.75,even,0.00,3,run,no-data,0,96,none,,,,,,,0.02,1,2026-06-10T15:35:32,2026-06-10T15:35:33,/home/sirui/anaconda3/bin/python3 -u simulator_LLM.py --framework parliament --epoch 96 --num-dcs 8 --target-util 0.95 --autoscale-mode global_peak --autoscale-max-drop 0.02 --autoscale-max-mult 1500000 --autoscale-max-rows 16000000 --autoscale-search-steps 9 --distribution even
174,azure_code,parliament,baseline,8,0.95,0.75,even,0.00,4,run,no-data,0,96,none,,,,,,,0.02,1,2026-06-10T15:35:33,2026-06-10T15:35:34,/home/sirui/anaconda3/bin/python3 -u simulator_LLM.py --framework parliament --epoch 96 --num-dcs 8 --target-util 0.95 --autoscale-mode global_peak --autoscale-max-drop 0.02 --autoscale-max-mult 1500000 --autoscale-max-rows 16000000 --autoscale-search-steps 9 --distribution even
175,azure_code,parliament,baseline,8,0.95,0.75,even,0.00,5,run,no-data,0,96,none,,,,,,,0.02,1,2026-06-10T15:35:34,2026-06-10T15:35:35,/home/sirui/anaconda3/bin/python3 -u simulator_LLM.py --framework parliament --epoch 96 --num-dcs 8 --target-util 0.95 --autoscale-mode global_peak --autoscale-max-drop 0.02 --autoscale-max-mult 1500000 --autoscale-max-rows 16000000 --autoscale-search-steps 9 --distribution even
176,azure_code,hybrid,baseline,8,0.95,0.75,even,0.00,1,run,no-data,0,96,none,,,,,,,0.02,1,2026-06-10T15:35:35,2026-06-10T15:35:36,/home/sirui/anaconda3/bin/python3 -u simulator_LLM.py --framework hybrid --epoch 96 --num-dcs 8 --target-util 0.95 --autoscale-mode global_peak --autoscale-max-drop 0.02 --autoscale-max-mult 1500000 --autoscale-max-rows 16000000 --autoscale-search-steps 9 --distribution even
177,azure_code,hybrid,baseline,8,0.95,0.75,even,0.00,2,run,no-data,0,96,none,,,,,,,0.02,1,2026-06-10T15:35:36,2026-06-10T15:35:37,/home/sirui/anaconda3/bin/python3 -u simulator_LLM.py --framework hybrid --epoch 96 --num-dcs 8 --target-util 0.95 --autoscale-mode global_peak --autoscale-max-drop 0.02 --autoscale-max-mult 1500000 --autoscale-max-rows 16000000 --autoscale-search-steps 9 --distribution even
178,azure_code,hybrid,baseline,8,0.95,0.75,even,0.00,3,run,no-data,0,96,none,,,,,,,0.02,1,2026-06-10T15:35:37,2026-06-10T15:35:38,/home/sirui/anaconda3/bin/python3 -u simulator_LLM.py --framework hybrid --epoch 96 --num-dcs 8 --target-util 0.95 --autoscale-mode global_peak --autoscale-max-drop 0.02 --autoscale-max-mult 1500000 --autoscale-max-rows 16000000 --autoscale-search-steps 9 --distribution even
179,azure_code,hybrid,baseline,8,0.95,0.75,even,0.00,4,run,no-data,0,96,none,,,,,,,0.02,1,2026-06-10T15:35:38,2026-06-10T15:35:39,/home/sirui/anaconda3/bin/python3 -u simulator_LLM.py --framework hybrid --epoch 96 --num-dcs 8 --target-util 0.95 --autoscale-mode global_peak --autoscale-max-drop 0.02 --autoscale-max-mult 1500000 --autoscale-max-rows 16000000 --autoscale-search-steps 9 --distribution even
180,azure_code,hybrid,baseline,8,0.95,0.75,even,0.00,5,run,no-data,0,96,none,,,,,,,0.02,1,2026-06-10T15:35:39,2026-06-10T15:35:40,/home/sirui/anaconda3/bin/python3 -u simulator_LLM.py --framework hybrid --epoch 96 --num-dcs 8 --target-util 0.95 --autoscale-mode global_peak --autoscale-max-drop 0.02 --autoscale-max-mult 1500000 --autoscale-max-rows 16000000 --autoscale-search-steps 9 --distribution even
181,azure_code,parliament,dc_sweep,4,0.95,0.75,even,0.00,1,run,no-data,0,96,none,,,,,,,0.02,1,2026-06-10T15:35:40,2026-06-10T15:35:41,/home/sirui/anaconda3/bin/python3 -u simulator_LLM.py --framework parliament --epoch 96 --num-dcs 4 --target-util 0.95 --autoscale-mode global_peak --autoscale-max-drop 0.02 --autoscale-max-mult 1500000 --autoscale-max-rows 16000000 --autoscale-search-steps 9 --distribution even
182,azure_code,parliament,dc_sweep,4,0.95,0.75,even,0.00,2,run,no-data,0,96,none,,,,,,,0.02,1,2026-06-10T15:35:41,2026-06-10T15:35:42,/home/sirui/anaconda3/bin/python3 -u simulator_LLM.py --framework parliament --epoch 96 --num-dcs 4 --target-util 0.95 --autoscale-mode global_peak --autoscale-max-drop 0.02 --autoscale-max-mult 1500000 --autoscale-max-rows 16000000 --autoscale-search-steps 9 --distribution even
183,azure_code,parliament,dc_sweep,4,0.95,0.75,even,0.00,3,run,no-data,0,96,none,,,,,,,0.02,1,2026-06-10T15:35:42,2026-06-10T15:35:43,/home/sirui/anaconda3/bin/python3 -u simulator_LLM.py --framework parliament --epoch 96 --num-dcs 4 --target-util 0.95 --autoscale-mode global_peak --autoscale-max-drop 0.02 --autoscale-max-mult 1500000 --autoscale-max-rows 16000000 --autoscale-search-steps 9 --distribution even
184,azure_code,parliament,dc_sweep,4,0.95,0.75,even,0.00,4,run,no-data,0,96,none,,,,,,,0.02,1,2026-06-10T15:35:43,2026-06-10T15:35:44,/home/sirui/anaconda3/bin/python3 -u simulator_LLM.py --framework parliament --epoch 96 --num-dcs 4 --target-util 0.95 --autoscale-mode global_peak --autoscale-max-drop 0.02 --autoscale-max-mult 1500000 --autoscale-max-rows 16000000 --autoscale-search-steps 9 --distribution even
185,azure_code,parliament,dc_sweep,4,0.95,0.75,even,0.00,5,run,no-data,0,96,none,,,,,,,0.02,1,2026-06-10T15:35:44,2026-06-10T15:35:45,/home/sirui/anaconda3/bin/python3 -u simulator_LLM.py --framework parliament --epoch 96 --num-dcs 4 --target-util 0.95 --autoscale-mode global_peak --autoscale-max-drop 0.02 --autoscale-max-mult 1500000 --autoscale-max-rows 16000000 --autoscale-search-steps 9 --distribution even
186,azure_code,hybrid,dc_sweep,4,0.95,0.75,even,0.00,1,run,no-data,0,96,none,,,,,,,0.02,1,2026-06-10T15:35:45,2026-06-10T15:35:46,/home/sirui/anaconda3/bin/python3 -u simulator_LLM.py --framework hybrid --epoch 96 --num-dcs 4 --target-util 0.95 --autoscale-mode global_peak --autoscale-max-drop 0.02 --autoscale-max-mult 1500000 --autoscale-max-rows 16000000 --autoscale-search-steps 9 --distribution even
187,azure_code,hybrid,dc_sweep,4,0.95,0.75,even,0.00,2,run,no-data,0,96,none,,,,,,,0.02,1,2026-06-10T15:35:46,2026-06-10T15:35:47,/home/sirui/anaconda3/bin/python3 -u simulator_LLM.py --framework hybrid --epoch 96 --num-dcs 4 --target-util 0.95 --autoscale-mode global_peak --autoscale-max-drop 0.02 --autoscale-max-mult 1500000 --autoscale-max-rows 16000000 --autoscale-search-steps 9 --distribution even
188,azure_code,hybrid,dc_sweep,4,0.95,0.75,even,0.00,3,run,no-data,0,96,none,,,,,,,0.02,1,2026-06-10T15:35:47,2026-06-10T15:35:48,/home/sirui/anaconda3/bin/python3 -u simulator_LLM.py --framework hybrid --epoch 96 --num-dcs 4 --target-util 0.95 --autoscale-mode global_peak --autoscale-max-drop 0.02 --autoscale-max-mult 1500000 --autoscale-max-rows 16000000 --autoscale-search-steps 9 --distribution even
189,azure_code,hybrid,dc_sweep,4,0.95,0.75,even,0.00,4,run,no-data,0,96,none,,,,,,,0.02,1,2026-06-10T15:35:48,2026-06-10T15:35:49,/home/sirui/anaconda3/bin/python3 -u simulator_LLM.py --framework hybrid --epoch 96 --num-dcs 4 --target-util 0.95 --autoscale-mode global_peak --autoscale-max-drop 0.02 --autoscale-max-mult 1500000 --autoscale-max-rows 16000000 --autoscale-search-steps 9 --distribution even
190,azure_code,hybrid,dc_sweep,4,0.95,0.75,even,0.00,5,run,no-data,0,96,none,,,,,,,0.02,1,2026-06-10T15:35:49,2026-06-10T15:35:50,/home/sirui/anaconda3/bin/python3 -u simulator_LLM.py --framework hybrid --epoch 96 --num-dcs 4 --target-util 0.95 --autoscale-mode global_peak --autoscale-max-drop 0.02 --autoscale-max-mult 1500000 --autoscale-max-rows 16000000 --autoscale-search-steps 9 --distribution even
191,azure_code,parliament,dc_sweep,6,0.95,0.75,even,0.00,1,run,no-data,0,96,none,,,,,,,0.02,1,2026-06-10T15:35:50,2026-06-10T15:35:51,/home/sirui/anaconda3/bin/python3 -u simulator_LLM.py --framework parliament --epoch 96 --num-dcs 6 --target-util 0.95 --autoscale-mode global_peak --autoscale-max-drop 0.02 --autoscale-max-mult 1500000 --autoscale-max-rows 16000000 --autoscale-search-steps 9 --distribution even
192,azure_code,parliament,dc_sweep,6,0.95,0.75,even,0.00,2,run,no-data,0,96,none,,,,,,,0.02,1,2026-06-10T15:35:51,2026-06-10T15:35:52,/home/sirui/anaconda3/bin/python3 -u simulator_LLM.py --framework parliament --epoch 96 --num-dcs 6 --target-util 0.95 --autoscale-mode global_peak --autoscale-max-drop 0.02 --autoscale-max-mult 1500000 --autoscale-max-rows 16000000 --autoscale-search-steps 9 --distribution even
193,azure_code,parliament,dc_sweep,6,0.95,0.75,even,0.00,3,run,no-data,0,96,none,,,,,,,0.02,1,2026-06-10T15:35:52,2026-06-10T15:35:53,/home/sirui/anaconda3/bin/python3 -u simulator_LLM.py --framework parliament --epoch 96 --num-dcs 6 --target-util 0.95 --autoscale-mode global_peak --autoscale-max-drop 0.02 --autoscale-max-mult 1500000 --autoscale-max-rows 16000000 --autoscale-search-steps 9 --distribution even
194,azure_code,parliament,dc_sweep,6,0.95,0.75,even,0.00,4,run,no-data,0,96,none,,,,,,,0.02,1,2026-06-10T15:35:53,2026-06-10T15:35:54,/home/sirui/anaconda3/bin/python3 -u simulator_LLM.py --framework parliament --epoch 96 --num-dcs 6 --target-util 0.95 --autoscale-mode global_peak --autoscale-max-drop 0.02 --autoscale-max-mult 1500000 --autoscale-max-rows 16000000 --autoscale-search-steps 9 --distribution even
195,azure_code,parliament,dc_sweep,6,0.95,0.75,even,0.00,5,run,no-data,0,96,none,,,,,,,0.02,1,2026-06-10T15:35:54,2026-06-10T15:35:55,/home/sirui/anaconda3/bin/python3 -u simulator_LLM.py --framework parliament --epoch 96 --num-dcs 6 --target-util 0.95 --autoscale-mode global_peak --autoscale-max-drop 0.02 --autoscale-max-mult 1500000 --autoscale-max-rows 16000000 --autoscale-search-steps 9 --distribution even
196,azure_code,hybrid,dc_sweep,6,0.95,0.75,even,0.00,1,run,no-data,0,96,none,,,,,,,0.02,1,2026-06-10T15:35:55,2026-06-10T15:35:56,/home/sirui/anaconda3/bin/python3 -u simulator_LLM.py --framework hybrid --epoch 96 --num-dcs 6 --target-util 0.95 --autoscale-mode global_peak --autoscale-max-drop 0.02 --autoscale-max-mult 1500000 --autoscale-max-rows 16000000 --autoscale-search-steps 9 --distribution even
197,azure_code,hybrid,dc_sweep,6,0.95,0.75,even,0.00,2,run,no-data,0,96,none,,,,,,,0.02,1,2026-06-10T15:35:56,2026-06-10T15:35:57,/home/sirui/anaconda3/bin/python3 -u simulator_LLM.py --framework hybrid --epoch 96 --num-dcs 6 --target-util 0.95 --autoscale-mode global_peak --autoscale-max-drop 0.02 --autoscale-max-mult 1500000 --autoscale-max-rows 16000000 --autoscale-search-steps 9 --distribution even
198,azure_code,hybrid,dc_sweep,6,0.95,0.75,even,0.00,3,run,no-data,0,96,none,,,,,,,0.02,1,2026-06-10T15:35:57,2026-06-10T15:35:58,/home/sirui/anaconda3/bin/python3 -u simulator_LLM.py --framework hybrid --epoch 96 --num-dcs 6 --target-util 0.95 --autoscale-mode global_peak --autoscale-max-drop 0.02 --autoscale-max-mult 1500000 --autoscale-max-rows 16000000 --autoscale-search-steps 9 --distribution even
199,azure_code,hybrid,dc_sweep,6,0.95,0.75,even,0.00,4,run,no-data,0,96,none,,,,,,,0.02,1,2026-06-10T15:35:58,2026-06-10T15:35:59,/home/sirui/anaconda3/bin/python3 -u simulator_LLM.py --framework hybrid --epoch 96 --num-dcs 6 --target-util 0.95 --autoscale-mode global_peak --autoscale-max-drop 0.02 --autoscale-max-mult 1500000 --autoscale-max-rows 16000000 --autoscale-search-steps 9 --distribution even
200,azure_code,hybrid,dc_sweep,6,0.95,0.75,even,0.00,5,run,no-data,0,96,none,,,,,,,0.02,1,2026-06-10T15:35:59,2026-06-10T15:36:00,/home/sirui/anaconda3/bin/python3 -u simulator_LLM.py --framework hybrid --epoch 96 --num-dcs 6 --target-util 0.95 --autoscale-mode global_peak --autoscale-max-drop 0.02 --autoscale-max-mult 1500000 --autoscale-max-rows 16000000 --autoscale-search-steps 9 --distribution even
201,azure_code,parliament,dc_sweep,12,0.95,0.75,even,0.00,1,run,no-data,0,96,none,,,,,,,0.02,1,2026-06-10T15:36:00,2026-06-10T15:36:01,/home/sirui/anaconda3/bin/python3 -u simulator_LLM.py --framework parliament --epoch 96 --num-dcs 12 --target-util 0.95 --autoscale-mode global_peak --autoscale-max-drop 0.02 --autoscale-max-mult 1500000 --autoscale-max-rows 16000000 --autoscale-search-steps 9 --distribution even
202,azure_code,parliament,dc_sweep,12,0.95,0.75,even,0.00,2,run,no-data,0,96,none,,,,,,,0.02,1,2026-06-10T15:36:01,2026-06-10T15:36:02,/home/sirui/anaconda3/bin/python3 -u simulator_LLM.py --framework parliament --epoch 96 --num-dcs 12 --target-util 0.95 --autoscale-mode global_peak --autoscale-max-drop 0.02 --autoscale-max-mult 1500000 --autoscale-max-rows 16000000 --autoscale-search-steps 9 --distribution even
203,azure_code,parliament,dc_sweep,12,0.95,0.75,even,0.00,3,run,no-data,0,96,none,,,,,,,0.02,1,2026-06-10T15:36:02,2026-06-10T15:36:03,/home/sirui/anaconda3/bin/python3 -u simulator_LLM.py --framework parliament --epoch 96 --num-dcs 12 --target-util 0.95 --autoscale-mode global_peak --autoscale-max-drop 0.02 --autoscale-max-mult 1500000 --autoscale-max-rows 16000000 --autoscale-search-steps 9 --distribution even
204,azure_code,parliament,dc_sweep,12,0.95,0.75,even,0.00,4,run,no-data,0,96,none,,,,,,,0.02,1,2026-06-10T15:36:03,2026-06-10T15:36:04,/home/sirui/anaconda3/bin/python3 -u simulator_LLM.py --framework parliament --epoch 96 --num-dcs 12 --target-util 0.95 --autoscale-mode global_peak --autoscale-max-drop 0.02 --autoscale-max-mult 1500000 --autoscale-max-rows 16000000 --autoscale-search-steps 9 --distribution even
205,azure_code,parliament,dc_sweep,12,0.95,0.75,even,0.00,5,run,no-data,0,96,none,,,,,,,0.02,1,2026-06-10T15:36:04,2026-06-10T15:36:06,/home/sirui/anaconda3/bin/python3 -u simulator_LLM.py --framework parliament --epoch 96 --num-dcs 12 --target-util 0.95 --autoscale-mode global_peak --autoscale-max-drop 0.02 --autoscale-max-mult 1500000 --autoscale-max-rows 16000000 --autoscale-search-steps 9 --distribution even
206,azure_code,hybrid,dc_sweep,12,0.95,0.75,even,0.00,1,run,no-data,0,96,none,,,,,,,0.02,1,2026-06-10T15:36:06,2026-06-10T15:36:07,/home/sirui/anaconda3/bin/python3 -u simulator_LLM.py --framework hybrid --epoch 96 --num-dcs 12 --target-util 0.95 --autoscale-mode global_peak --autoscale-max-drop 0.02 --autoscale-max-mult 1500000 --autoscale-max-rows 16000000 --autoscale-search-steps 9 --distribution even
207,azure_code,hybrid,dc_sweep,12,0.95,0.75,even,0.00,2,run,no-data,0,96,none,,,,,,,0.02,1,2026-06-10T15:36:07,2026-06-10T15:36:08,/home/sirui/anaconda3/bin/python3 -u simulator_LLM.py --framework hybrid --epoch 96 --num-dcs 12 --target-util 0.95 --autoscale-mode global_peak --autoscale-max-drop 0.02 --autoscale-max-mult 1500000 --autoscale-max-rows 16000000 --autoscale-search-steps 9 --distribution even
208,azure_code,hybrid,dc_sweep,12,0.95,0.75,even,0.00,3,run,no-data,0,96,none,,,,,,,0.02,1,2026-06-10T15:36:08,2026-06-10T15:36:09,/home/sirui/anaconda3/bin/python3 -u simulator_LLM.py --framework hybrid --epoch 96 --num-dcs 12 --target-util 0.95 --autoscale-mode global_peak --autoscale-max-drop 0.02 --autoscale-max-mult 1500000 --autoscale-max-rows 16000000 --autoscale-search-steps 9 --distribution even
209,azure_code,hybrid,dc_sweep,12,0.95,0.75,even,0.00,4,run,no-data,0,96,none,,,,,,,0.02,1,2026-06-10T15:36:09,2026-06-10T15:36:10,/home/sirui/anaconda3/bin/python3 -u simulator_LLM.py --framework hybrid --epoch 96 --num-dcs 12 --target-util 0.95 --autoscale-mode global_peak --autoscale-max-drop 0.02 --autoscale-max-mult 1500000 --autoscale-max-rows 16000000 --autoscale-search-steps 9 --distribution even
210,azure_code,hybrid,dc_sweep,12,0.95,0.75,even,0.00,5,run,no-data,0,96,none,,,,,,,0.02,1,2026-06-10T15:36:10,2026-06-10T15:36:11,/home/sirui/anaconda3/bin/python3 -u simulator_LLM.py --framework hybrid --epoch 96 --num-dcs 12 --target-util 0.95 --autoscale-mode global_peak --autoscale-max-drop 0.02 --autoscale-max-mult 1500000 --autoscale-max-rows 16000000 --autoscale-search-steps 9 --distribution even
211,azure_code,parliament,util_sweep,8,0.65,0.75,even,0.00,1,run,no-data,0,96,none,,,,,,,0.02,1,2026-06-10T15:36:11,2026-06-10T15:36:12,/home/sirui/anaconda3/bin/python3 -u simulator_LLM.py --framework parliament --epoch 96 --num-dcs 8 --target-util 0.65 --autoscale-mode global_peak --autoscale-max-drop 0.02 --autoscale-max-mult 1500000 --autoscale-max-rows 16000000 --autoscale-search-steps 9 --distribution even
212,azure_code,parliament,util_sweep,8,0.65,0.75,even,0.00,2,run,no-data,0,96,none,,,,,,,0.02,1,2026-06-10T15:36:12,2026-06-10T15:36:13,/home/sirui/anaconda3/bin/python3 -u simulator_LLM.py --framework parliament --epoch 96 --num-dcs 8 --target-util 0.65 --autoscale-mode global_peak --autoscale-max-drop 0.02 --autoscale-max-mult 1500000 --autoscale-max-rows 16000000 --autoscale-search-steps 9 --distribution even
213,azure_code,parliament,util_sweep,8,0.65,0.75,even,0.00,3,run,no-data,0,96,none,,,,,,,0.02,1,2026-06-10T15:36:13,2026-06-10T15:36:14,/home/sirui/anaconda3/bin/python3 -u simulator_LLM.py --framework parliament --epoch 96 --num-dcs 8 --target-util 0.65 --autoscale-mode global_peak --autoscale-max-drop 0.02 --autoscale-max-mult 1500000 --autoscale-max-rows 16000000 --autoscale-search-steps 9 --distribution even
214,azure_code,parliament,util_sweep,8,0.65,0.75,even,0.00,4,run,no-data,0,96,none,,,,,,,0.02,1,2026-06-10T15:36:14,2026-06-10T15:36:15,/home/sirui/anaconda3/bin/python3 -u simulator_LLM.py --framework parliament --epoch 96 --num-dcs 8 --target-util 0.65 --autoscale-mode global_peak --autoscale-max-drop 0.02 --autoscale-max-mult 1500000 --autoscale-max-rows 16000000 --autoscale-search-steps 9 --distribution even
61,burstgpt,parliament,util_sweep,8,0.85,0.75,even,0.00,1,run,ok,96,96,final-report,2.225394,28757.126,1606565.2451,12011.793,80332.302,,70.56,0,2026-06-10T15:42:40,2026-06-10T16:53:14,/home/sirui/anaconda3/bin/python3 -u simulator_LLM.py --framework parliament --epoch 96 --num-dcs 8 --target-util 0.85 --autoscale-mode global_peak --autoscale-max-drop 0.02 --autoscale-max-mult 1500000 --autoscale-max-rows 16000000 --autoscale-search-steps 9 --distribution even
62,burstgpt,parliament,util_sweep,8,0.85,0.75,even,0.00,2,run,ok,96,96,final-report,2.079849,33362.517,1674960.0202,14111.752,96564.299,,70.63,0,2026-06-10T16:53:14,2026-06-10T18:03:51,/home/sirui/anaconda3/bin/python3 -u simulator_LLM.py --framework parliament --epoch 96 --num-dcs 8 --target-util 0.85 --autoscale-mode global_peak --autoscale-max-drop 0.02 --autoscale-max-mult 1500000 --autoscale-max-rows 16000000 --autoscale-search-steps 9 --distribution even
63,burstgpt,parliament,util_sweep,8,0.85,0.75,even,0.00,3,run,ok,96,96,final-report,2.120216,33543.178,2065337.6312,14637.056,99055.521,,71.24,0,2026-06-10T18:03:51,2026-06-10T19:15:06,/home/sirui/anaconda3/bin/python3 -u simulator_LLM.py --framework parliament --epoch 96 --num-dcs 8 --target-util 0.85 --autoscale-mode global_peak --autoscale-max-drop 0.02 --autoscale-max-mult 1500000 --autoscale-max-rows 16000000 --autoscale-search-steps 9 --distribution even
64,burstgpt,parliament,util_sweep,8,0.85,0.75,even,0.00,4,run,ok,96,96,final-report,1.925317,31349.006,1677481.9130,13440.091,86160.626,,70.44,0,2026-06-10T19:15:06,2026-06-10T20:25:32,/home/sirui/anaconda3/bin/python3 -u simulator_LLM.py --framework parliament --epoch 96 --num-dcs 8 --target-util 0.85 --autoscale-mode global_peak --autoscale-max-drop 0.02 --autoscale-max-mult 1500000 --autoscale-max-rows 16000000 --autoscale-search-steps 9 --distribution even
65,burstgpt,parliament,util_sweep,8,0.85,0.75,even,0.00,5,run,ok,96,96,final-report,2.100588,28572.132,1833317.4966,13303.643,84422.332,,70.72,0,2026-06-10T20:25:32,2026-06-10T21:36:15,/home/sirui/anaconda3/bin/python3 -u simulator_LLM.py --framework parliament --epoch 96 --num-dcs 8 --target-util 0.85 --autoscale-mode global_peak --autoscale-max-drop 0.02 --autoscale-max-mult 1500000 --autoscale-max-rows 16000000 --autoscale-search-steps 9 --distribution even
66,burstgpt,hybrid,util_sweep,8,0.85,0.75,even,0.00,1,run,ok,96,96,final-report,2.353517,23132.412,1725514.2578,7874.417,75371.791,23773337691312.54,4.84,0,2026-06-10T21:36:15,2026-06-10T21:42:06,/home/sirui/anaconda3/bin/python3 -u simulator_LLM.py --framework hybrid --epoch 96 --num-dcs 8 --target-util 0.85 --autoscale-mode global_peak --autoscale-max-drop 0.02 --autoscale-max-mult 1500000 --autoscale-max-rows 16000000 --autoscale-search-steps 9 --distribution even
67,burstgpt,hybrid,util_sweep,8,0.85,0.75,even,0.00,2,run,ok,96,96,final-report,2.353517,23132.412,1725514.2578,7874.417,75371.791,23773337691312.54,4.84,0,2026-06-10T21:42:06,2026-06-10T21:47:55,/home/sirui/anaconda3/bin/python3 -u simulator_LLM.py --framework hybrid --epoch 96 --num-dcs 8 --target-util 0.85 --autoscale-mode global_peak --autoscale-max-drop 0.02 --autoscale-max-mult 1500000 --autoscale-max-rows 16000000 --autoscale-search-steps 9 --distribution even
68,burstgpt,hybrid,util_sweep,8,0.85,0.75,even,0.00,3,run,ok,96,96,final-report,2.353517,23132.412,1725514.2578,7874.417,75371.791,23773337691312.54,4.83,0,2026-06-10T21:47:55,2026-06-10T21:53:44,/home/sirui/anaconda3/bin/python3 -u simulator_LLM.py --framework hybrid --epoch 96 --num-dcs 8 --target-util 0.85 --autoscale-mode global_peak --autoscale-max-drop 0.02 --autoscale-max-mult 1500000 --autoscale-max-rows 16000000 --autoscale-search-steps 9 --distribution even
69,burstgpt,hybrid,util_sweep,8,0.85,0.75,even,0.00,4,run,ok,96,96,final-report,2.353517,23132.412,1725514.2578,7874.417,75371.791,23773337691312.54,4.82,0,2026-06-10T21:53:44,2026-06-10T21:59:32,/home/sirui/anaconda3/bin/python3 -u simulator_LLM.py --framework hybrid --epoch 96 --num-dcs 8 --target-util 0.85 --autoscale-mode global_peak --autoscale-max-drop 0.02 --autoscale-max-mult 1500000 --autoscale-max-rows 16000000 --autoscale-search-steps 9 --distribution even
70,burstgpt,hybrid,util_sweep,8,0.85,0.75,even,0.00,5,run,ok,96,96,final-report,2.353517,23132.412,1725514.2578,7874.417,75371.791,23773337691312.54,4.90,0,2026-06-10T21:59:32,2026-06-10T22:05:25,/home/sirui/anaconda3/bin/python3 -u simulator_LLM.py --framework hybrid --epoch 96 --num-dcs 8 --target-util 0.85 --autoscale-mode global_peak --autoscale-max-drop 0.02 --autoscale-max-mult 1500000 --autoscale-max-rows 16000000 --autoscale-search-steps 9 --distribution even
71,burstgpt,parliament,util_sweep,8,1.05,0.75,even,0.00,1,run,ok,96,96,final-report,2.079360,35753.404,1958201.6303,15014.072,98166.031,,77.41,0,2026-06-10T22:05:25,2026-06-10T23:22:49,/home/sirui/anaconda3/bin/python3 -u simulator_LLM.py --framework parliament --epoch 96 --num-dcs 8 --target-util 1.05 --autoscale-mode global_peak --autoscale-max-drop 0.02 --autoscale-max-mult 1500000 --autoscale-max-rows 16000000 --autoscale-search-steps 9 --distribution even
72,burstgpt,parliament,util_sweep,8,1.05,0.75,even,0.00,2,run,ok,96,96,final-report,2.061489,33315.041,1985695.2549,14514.029,93871.810,,78.60,0,2026-06-10T23:22:49,2026-06-11T00:41:25,/home/sirui/anaconda3/bin/python3 -u simulator_LLM.py --framework parliament --epoch 96 --num-dcs 8 --target-util 1.05 --autoscale-mode global_peak --autoscale-max-drop 0.02 --autoscale-max-mult 1500000 --autoscale-max-rows 16000000 --autoscale-search-steps 9 --distribution even
