Epoch,Total Requests,Llama_8B Requests,Llama_70B Requests,Total tokens,Llama_8B tokens,Llama_70B tokens
0,26,17,9,47911,20543,27368
1,5,4,1,3301,2819,482
2,4,3,1,7848,5167,2681
3,10,8,2,12554,6673,5881
4,3,3,0,5273,5273,0
5,7,7,0,4522,4522,0
6,11,11,0,12282,12282,0
7,4,4,0,5859,5859,0
8,9,7,2,14064,10982,3082
9,7,7,0,18622,18622,0
10,2,2,0,16322,16322,0
11,4,4,0,34153,34153,0
12,5,2,3,22703,9054,13649
13,4,3,1,8762,6166,2596
14,4,3,1,8762,6166,2596
15,1,0,1,846,0,846
16,1,0,1,846,0,846
17,5,0,5,6712,0,6712
18,2200,2200,0,456272,456272,0
19,534,532,2,110898,110552,346
20,534,532,2,110898,110552,346
21,534,532,2,110898,110552,346
22,4,4,0,8657,8657,0
23,2,2,0,5537,5537,0
24,1355,1355,0,282726,282726,0
25,2,2,0,393,393,0
26,2,2,0,393,393,0
27,1,0,1,884,0,884
28,1,0,1,884,0,884
29,1,1,0,193,193,0
30,1,1,0,193,193,0
31,1,0,1,6748,0,6748
32,2,0,2,12487,0,12487
33,2,0,2,12487,0,12487
34,2,0,2,12487,0,12487
35,4,3,1,963,684,279
36,18,12,6,41603,26752,14851
37,23,20,3,30523,28912,1611
38,1883,1874,9,415087,398395,16692
39,908,898,10,221102,198351,22751
40,34,23,11,25315,16479,8836
41,46,30,16,50394,26791,23603
42,55,41,14,38687,19292,19395
43,60,53,7,35990,28028,7962
44,1285,1272,13,312397,299143,13254
45,1352,1339,13,340772,329577,11195
46,1004,994,10,251877,244214,7663
47,20,15,5,27196,14458,12738
48,12,8,4,13754,11702,2052
49,6,5,1,6199,6118,81
50,1430,1425,5,320986,319667,1319
51,657,654,3,147743,144261,3482
52,52,49,3,26196,23988,2208
53,57,55,2,34498,32031,2467
54,272,269,3,71641,70864,777
55,1589,1578,11,407049,394120,12929
56,1219,1204,15,323189,309066,14123
57,540,527,13,157399,143417,13982
58,635,624,11,237644,218417,19227
59,1878,1865,13,494795,479011,15784
60,377,360,17,202172,180498,21674
61,75,56,19,85906,65173,20733
62,143,115,28,202229,138901,63328
63,68,48,20,117113,65269,51844
64,46,27,19,108735,19936,88799
65,1030,1003,27,316603,271694,44909
66,1891,1868,23,505078,467868,37210
67,2111,2086,25,592338,545329,47009
68,954,936,18,259101,234498,24603
69,59,42,17,73272,32458,40814
70,31,22,9,28455,20647,7808
71,1183,1167,16,309168,277625,31543
72,1240,1235,5,277063,267830,9233
73,1883,1875,8,437179,425280,11899
74,1779,1767,12,409543,402860,6683
75,1826,1821,5,454283,443311,10972
76,3431,3409,22,811144,779610,31534
77,2031,2016,15,522294,486570,35724
78,35,17,18,32916,12319,20597
79,36,24,12,48588,23915,24673
80,32,18,14,46298,24029,22269
81,1173,1153,20,328607,276185,52422
82,3024,3010,14,722573,689515,33058
83,3725,3716,9,859205,843153,16052
84,3372,3365,7,761474,750358,11116
85,3849,3841,8,891929,883571,8358
86,2712,2703,9,630987,625924,5063
87,2309,2304,5,543951,537392,6559
88,2268,2262,6,517582,514047,3535
89,1726,1715,11,417829,406694,11135
90,1351,1345,6,318993,315800,3193
91,1168,1162,6,273107,268290,4817
92,1802,1793,9,425296,413846,11450
93,2264,2257,7,517421,508792,8629
94,4692,4686,6,1069735,1061548,8187
95,1744,1741,3,401839,393159,8680
96,3969,3966,3,904900,894593,10307
97,3735,3728,7,856748,846333,10415
98,4480,4474,6,1021449,1010501,10948
99,2126,2124,2,489017,485150,3867
100,1164,1160,4,267673,261173,6500
101,1023,1019,4,235100,227234,7866
102,1971,1971,0,446145,446145,0
103,1890,1888,2,430801,427839,2962
104,1915,1914,1,424714,414881,9833
105,2225,2225,0,488140,488140,0
106,1891,1890,1,415661,415543,118
107,5099,5096,3,1132329,1131240,1089
108,4257,4256,1,964467,964408,59
109,3107,3105,2,703365,701308,2057
110,1944,1942,2,437346,436009,1337
111,2107,2107,0,472619,472619,0
112,2760,2760,0,619894,619894,0
113,2653,2653,0,595134,595134,0
114,1447,1447,0,324301,324301,0
115,1557,1557,0,349095,349095,0
116,2563,2562,1,576206,575469,737
117,2211,2211,0,498891,498891,0
118,2205,2205,0,496223,496223,0
119,2117,2117,0,479057,479057,0
120,2147,2147,0,483460,483460,0
121,1484,1484,0,332484,332484,0
122,2649,2649,0,594740,594740,0
123,2277,2277,0,511517,511517,0
124,4114,4114,0,922346,922346,0
125,4881,4881,0,1093349,1093349,0
126,2743,2743,0,614112,614112,0
127,1712,1712,0,382718,382718,0
128,920,920,0,206575,206575,0
129,1358,1357,1,305084,304179,905
130,1331,1331,0,298196,298196,0
131,1490,1489,1,334964,334065,899
132,1760,1760,0,401760,401760,0
133,1027,1014,13,260765,250680,10085
134,3450,3439,11,784359,777058,7301
135,3618,3611,7,819591,814934,4657
136,3604,3584,20,834739,815346,19393
137,4476,4461,15,1009914,994760,15154
138,3211,3189,22,736295,709854,26441
139,1228,1213,15,299068,276153,22915
140,44,22,22,45037,19495,25542
141,42,3,39,41156,3824,37332
142,44,26,18,49919,25066,24853
143,37,24,13,34348,15531,18817
144,69,56,13,39525,28840,10685
145,639,635,4,167474,163554,3920
146,4385,4380,5,1022008,1018310,3698
147,4086,4078,8,960236,953884,6352
148,5386,5374,12,1268376,1256402,11974
149,3799,3786,13,890274,885791,4483
150,4835,4825,10,1148857,1137085,11772
151,4137,4118,19,1002830,979078,23752
152,728,712,16,198540,180643,17897
153,38,22,16,40110,14020,26090
154,60,32,28,63053,34961,28092
155,200,169,31,86970,55979,30991
156,1190,1169,21,262304,236681,25623
157,1592,1569,23,385887,354320,31567
158,1757,1741,16,426194,398665,27529
159,417,407,10,115251,103754,11497
160,2265,2240,25,599227,564244,34983
161,3230,3204,26,815441,772098,43343
162,4288,4272,16,992361,970270,22091
163,4050,4029,21,962185,923926,38259
164,3300,3275,25,804618,752850,51768
165,4590,4563,27,1082954,1027661,55293
166,3367,3361,6,764338,753962,10376
167,2713,2710,3,597453,594687,2766
168,2494,2484,10,551628,540306,11322
169,2664,2659,5,570594,565018,5576
170,1258,1256,2,269316,268561,755
171,1768,1760,8,368305,358121,10184
172,2142,2131,11,486702,472772,13930
173,2011,1991,20,452614,436020,16594
174,2227,2207,20,523529,509212,14317
175,3024,3019,5,705531,696996,8535
176,2163,2153,10,483601,474937,8664
177,1789,1787,2,406592,404885,1707
178,1851,1839,12,417543,409126,8417
179,779,769,10,192334,183189,9145
180,1864,1846,18,440485,423410,17075
181,1298,1288,10,309477,300536,8941
182,1245,1230,15,272009,260136,11873
183,3298,3274,24,768683,729747,38936
184,2490,2466,24,601425,544910,56515
185,2293,2276,17,510775,487414,23361
186,1329,1323,6,285312,278839,6473
187,1818,1813,5,340951,333211,7740
188,600,597,3,132621,130940,1681
189,685,682,3,153452,144700,8752
190,1656,1643,13,354030,339946,14084
191,1440,1434,6,291245,284126,7119
192,1209,1203,6,283184,273682,9502
193,1286,1281,5,276459,275789,670
194,1282,1280,2,265636,264346,1290
195,889,884,5,193232,180220,13012
196,809,802,7,173525,167031,6494
197,1074,1070,4,231425,224609,6816
198,963,963,0,207399,207399,0
199,1202,1201,1,244577,243899,678
200,1525,1525,0,323272,323272,0
201,1491,1491,0,319374,319374,0
202,1639,1639,0,352740,352740,0
203,1645,1645,0,354259,354259,0
204,2224,2224,0,476908,476908,0
205,3187,3187,0,679561,679561,0
206,2591,2591,0,552679,552679,0
207,2177,2176,1,456072,455652,420
208,1712,1710,2,348656,341403,7253
209,1018,1018,0,193757,193757,0
210,613,611,2,118091,116466,1625
211,613,611,2,118091,116466,1625
212,613,611,2,118091,116466,1625
213,613,611,2,118091,116466,1625
214,613,611,2,118091,116466,1625
215,613,611,2,118091,116466,1625
216,759,759,0,176440,176440,0
217,1570,1569,1,365357,365120,237
218,1621,1621,0,376859,376859,0
219,1739,1739,0,404497,404497,0
220,1793,1793,0,420022,420022,0
221,1906,1906,0,443233,443233,0
222,2430,2429,1,565209,564855,354
223,1193,1187,6,284942,276208,8734
224,803,797,6,193770,185453,8317
225,5,0,5,7414,0,7414
226,3,1,2,3409,416,2993
227,8,7,1,9204,4474,4730
228,12,9,3,5864,4100,1764
229,81,72,9,63057,50894,12163
230,41,29,12,39243,19577,19666
231,44,32,12,33439,13436,20003
232,402,394,8,90129,85272,4857
233,31,16,15,19503,7927,11576
234,1033,1021,12,248820,231184,17636
235,1729,1723,6,333966,322889,11077
236,1960,1945,15,378451,362566,15885
237,2195,2187,8,422563,413080,9483
238,2129,2109,20,444773,428615,16158
239,1968,1959,9,411716,400456,11260
240,2411,2405,6,473091,458082,15009
241,2878,2872,6,539726,536100,3626
242,3396,3392,4,640418,631198,9220
243,3599,3597,2,685292,684419,873
244,2436,2433,3,471030,467866,3164
245,1435,1431,4,321088,301836,19252
246,1316,1311,5,283038,268304,14734
247,1719,1705,14,365602,349791,15811
248,2694,2676,18,534534,524369,10165
249,2428,2412,16,493722,474941,18781
250,631,612,19,179265,156363,22902
251,1206,1188,18,277787,254495,23292
252,1571,1551,20,382802,358228,24574
253,2954,2941,13,672063,657791,14272
254,3424,3397,27,791450,765206,26244
255,2498,2465,33,605679,556312,49367
256,763,735,28,232878,165651,67227
257,2559,2540,19,542661,500906,41755
258,1013,999,14,249480,231332,18148
259,1573,1552,21,385506,364114,21392
260,2233,2200,33,504574,447937,56637
261,3445,3428,17,694639,668801,25838
262,4189,4178,11,1011306,984965,26341
263,4067,4057,10,1155080,1134341,20739
264,4936,4931,5,1257948,1244582,13366
265,4839,4832,7,1199087,1180075,19012
266,4534,4526,8,991679,986828,4851
267,2934,2928,6,733889,729448,4441
268,2719,2704,15,699062,676811,22251
269,1652,1643,9,362059,334480,27579
270,1835,1823,12,390910,370539,20371
271,1804,1792,12,389005,364813,24192
272,1224,1216,8,263285,247819,15466
273,1611,1595,16,385386,331351,54035
274,909,891,18,226908,183321,43587
275,866,861,5,165555,157729,7826
276,1553,1532,21,382621,363578,19043
277,2613,2145,468,684969,464798,220171
278,1216,949,267,383909,222318,161591
279,3093,2886,207,930140,665904,264236
280,4404,4099,305,1344199,905673,438526
281,3428,3244,184,1008750,723643,285107
282,3201,3115,86,1071284,925227,146057
283,2323,2135,188,746500,457452,289048
284,694,552,142,364512,143406,221106
285,249,114,135,253622,23630,229992
286,1403,1246,157,509112,246390,262722
287,1410,1186,224,476049,230760,245289
288,991,668,323,376483,132623,243860
289,1330,1091,239,506314,227920,278394
290,1567,1375,192,533659,318762,214897
291,2331,2174,157,600916,403021,197895
292,1259,1132,127,462677,270123,192554
293,1517,1228,289,553562,293507,260055
294,1774,1626,148,534183,374295,159888
295,1216,1004,212,498461,243907,254554
296,1555,1385,170,509539,326853,182686
297,1510,1349,161,497082,315309,181773
298,1675,1278,397,766241,248597,517644
299,1863,1617,246,692088,376822,315266
300,1967,1756,211,560012,349864,210148
301,1328,757,571,337386,95571,241815
302,1254,980,274,302926,108604,194322
303,1843,1460,383,459801,231077,228724
304,1911,1755,156,565947,317009,248938
305,2571,2382,189,749480,433098,316382
306,2517,2364,153,691326,429294,262032
307,2745,2570,175,722149,465895,256254
308,2467,2217,250,743117,383612,359505
309,1212,1016,196,412907,112864,300043
310,1409,1240,169,423940,144871,279069
311,1848,1652,196,655779,332449,323330
312,1502,1280,222,619323,298730,320593
313,728,628,100,288055,147511,140544
314,842,684,158,321479,159532,161947
315,1462,1041,421,600217,243977,356240
316,1527,1151,376,609928,268784,341144
317,2955,2953,2,691335,689431,1904
318,2337,2337,0,546123,546123,0
319,806,806,0,189055,189055,0
320,858,858,0,200180,200180,0
321,1003,1003,0,235135,235135,0
322,1472,1472,0,344524,344524,0
323,1451,1450,1,344581,340805,3776
324,1442,1435,7,349833,335261,14572
325,1276,1271,5,307029,298957,8072
326,1438,1422,16,382517,364511,18006
327,1268,1256,12,551406,529732,21674
328,59,28,31,35524,19771,15753
329,548,420,128,313358,111886,201472
330,1743,1576,167,631674,385738,245936
331,2348,2149,199,731292,516834,214458
332,1433,1174,259,514529,313267,201262
333,2745,2633,112,719052,622336,96716
334,5029,4892,137,1218763,1079312,139451
335,5483,5349,134,1316529,1185941,130588
336,5231,5179,52,1109238,1056152,53086
337,3549,3449,100,789648,691865,97783
338,1627,1525,102,428846,307444,121402
339,2722,2656,66,653988,570252,83736
340,2832,2810,22,639078,607467,31611
341,2445,2351,94,628877,507143,121734
342,4101,3962,139,1017377,854908,162469
343,3016,2946,70,720630,639619,81011
344,2614,2509,105,677602,567541,110061
345,1391,1293,98,419236,312124,107112
346,2251,2148,103,597063,481169,115894
347,3376,3256,120,852591,731118,121473
348,2706,2526,180,792165,602673,189492
349,3745,3576,169,1010143,818497,191646
350,4647,4504,143,1200299,1044106,156193
351,4111,3993,118,1213236,1079742,133494
352,4208,4042,166,1173029,990379,182650
353,3651,3397,254,1072367,782832,289535
354,3034,2895,139,844683,695381,149302
355,1819,1685,134,590664,405862,184802
356,2562,2444,118,733536,570687,162849
357,2184,2038,146,659480,467980,191500
358,2869,2728,141,820158,628624,191534
359,2942,2829,113,791634,634608,157026
360,3573,3464,109,941354,770841,170513
361,3493,3394,99,911710,753093,158617
362,3045,2891,154,853867,645754,208113
363,4114,3904,210,1125286,885902,239384
364,3205,3106,99,829448,699396,130052
365,3081,2965,116,828121,664656,163465
366,3699,3558,141,973880,782140,191740
367,3889,3704,185,1031575,813647,217928
368,2396,2257,139,649579,493078,156501
369,2230,2105,125,638829,469351,169478
370,2806,2664,142,799615,594059,205556
371,2149,2010,139,641888,437749,204139
372,2734,2530,204,760192,564992,195200
373,1851,1753,98,531251,389861,141390
374,835,726,109,294813,181722,113091
375,1459,1365,94,369891,298992,70899
376,2056,1968,88,530825,462873,67952
377,2999,2980,19,722360,693424,28936
378,2057,1987,70,531330,488402,42928
379,2944,2941,3,707352,700834,6518
380,1807,1800,7,441293,431501,9792
381,2398,2383,15,593802,580320,13482
382,1047,1041,6,260971,250468,10503
383,1234,1232,2,290576,288787,1789
384,7,4,3,8463,2285,6178
385,6,5,1,3232,3045,187
386,5,5,0,2962,2962,0
387,9,8,1,9859,9369,490
388,4,4,0,2119,2119,0
389,6,4,2,4915,3485,1430
390,8,6,2,9222,7994,1228
391,9,8,1,15493,14265,1228
392,7,6,1,10223,9642,581
393,6,3,3,21756,5857,15899
394,3,1,2,6292,566,5726
395,3,1,2,6292,566,5726
396,583,580,3,130455,127166,3289
397,791,790,1,173085,169747,3338
398,1,0,1,3932,0,3932
399,2,0,2,4983,0,4983
400,3,1,2,10083,260,9823
401,2,0,2,10820,0,10820
402,2,0,2,10820,0,10820
403,2,0,2,10820,0,10820
404,2,0,2,10820,0,10820
405,11,10,1,35930,30251,5679
406,2,2,0,10148,10148,0
407,1,1,0,970,970,0
408,1,1,0,1116,1116,0
409,671,671,0,139678,139678,0
410,696,696,0,146330,146330,0
411,1,1,0,2863,2863,0
412,3,3,0,11645,11645,0
413,1,1,0,4744,4744,0
414,1,1,0,4744,4744,0
415,1,1,0,4744,4744,0
416,1,1,0,4744,4744,0
417,3,3,0,668,668,0
418,1,1,0,31,31,0
419,9,7,2,10898,8139,2759
420,13,12,1,7127,3900,3227
421,23,17,6,23759,6848,16911
422,25,18,7,9751,6525,3226
423,24,20,4,7221,5983,1238
424,62,45,17,65274,44607,20667
425,50,32,18,48646,20326,28320
426,62,33,29,38071,14324,23747
427,72,50,22,73206,53479,19727
428,1410,1393,17,319964,300979,18985
429,36,27,9,30757,19810,10947
430,25,16,9,22136,10619,11517
431,17,13,4,9955,5784,4171
432,16,10,6,17542,12625,4917
433,17,14,3,17624,11389,6235
434,15,9,6,24763,7380,17383
435,15,12,3,18826,7497,11329
436,8,5,3,3436,1430,2006
437,21,12,9,25135,7590,17545
438,24,17,7,35995,13744,22251
439,28,18,10,16916,6012,10904
440,39,25,14,22775,11538,11237
441,34,23,11,27292,12433,14859
442,511,503,8,125857,118194,7663
443,30,21,9,18091,8073,10018
444,37,26,11,21060,10866,10194
445,37,26,11,30030,16981,13049
446,46,32,14,56340,23332,33008
447,55,40,15,43720,29244,14476
448,60,35,25,63789,31338,32451
449,1349,1330,19,308641,293252,15389
450,123,106,17,62460,52512,9948
451,70,50,20,64470,38799,25671
452,85,67,18,91142,66014,25128
453,62,45,17,84911,65148,19763
454,66,58,8,61138,45684,15454
455,30,24,6,44466,39974,4492
456,11,11,0,10762,10762,0
457,9,5,4,22052,10024,12028
458,16,6,10,12229,4875,7354
459,33,18,15,34647,14381,20266
460,49,16,33,72307,17761,54546
461,347,335,12,102471,81259,21212
462,1054,1051,3,226951,224725,2226
463,10,3,7,14551,2525,12026
464,14,10,4,15672,8263,7409
465,15,11,4,25808,20038,5770
466,15,5,10,26685,8759,17926
467,9,4,5,13598,3534,10064
468,15,5,10,20666,4336,16330
469,19,12,7,18890,10274,8616
470,9,7,2,9151,5125,4026
471,807,800,7,178010,171881,6129
472,576,571,5,132474,118308,14166
473,875,871,4,191600,185230,6370
474,517,513,4,134047,122945,11102
475,10,8,2,17215,12636,4579
476,12,6,6,11131,5476,5655
477,16,12,4,27875,19738,8137
478,21,16,5,40209,27608,12601
479,9,6,3,14212,7232,6980
480,9,7,2,20644,13060,7584
481,5,4,1,10701,7156,3545
482,9,8,1,17989,14426,3563
483,4,2,2,8196,2273,5923
484,2,1,1,1838,1235,603
485,7,3,4,14022,5051,8971
486,5,3,2,15376,7105,8271
487,4,2,2,28732,5187,23545
488,6,6,0,10896,10896,0
489,6,6,0,10896,10896,0
490,6,6,0,10896,10896,0
491,6,6,0,10896,10896,0
492,6,6,0,10896,10896,0
493,1,0,1,4937,0,4937
494,1,0,1,4937,0,4937
495,283,282,1,59108,58542,566
496,1084,1084,0,224785,224785,0
497,1084,1084,0,224785,224785,0
498,1364,1364,0,283132,283132,0
499,1364,1364,0,283132,283132,0
500,1364,1364,0,283132,283132,0
501,1364,1364,0,283132,283132,0
502,2,0,2,281,0,281
503,2,0,2,707,0,707
504,2,0,2,1031,0,1031
505,70,68,2,15074,14138,936
506,1299,1297,2,270326,269328,998
507,2,0,2,875,0,875
508,2,0,2,875,0,875
509,2,1,1,1245,761,484
510,2,0,2,587,0,587
511,3,1,2,2124,932,1192
512,1,0,1,607,0,607
513,6,1,5,3437,1189,2248
514,4,2,2,3751,2783,968
515,1,1,0,1372,1372,0
516,11,0,11,3609,0,3609
517,13,3,10,9488,1955,7533
518,9,5,4,7201,3384,3817
519,6,1,5,7000,2686,4314
520,6,5,1,5721,4326,1395
521,12,7,5,8722,4295,4427
522,1368,1368,0,285246,285246,0
523,8,7,1,9536,6939,2597
524,16,13,3,13125,6210,6915
525,13,12,1,6242,5586,656
526,7,5,2,6529,2243,4286
527,7,5,2,15089,9806,5283
528,9,7,2,11540,6769,4771
529,1291,1291,0,287804,287804,0
530,97,96,1,25922,25113,809
531,10,6,4,14457,4687,9770
532,10,7,3,15694,4976,10718
533,3,2,1,1629,655,974
534,10,8,2,6299,3928,2371
535,11,11,0,9407,9407,0
536,31,28,3,20092,17368,2724
537,26,23,3,37853,32899,4954
538,15,10,5,19800,12289,7511
539,556,548,8,161936,145846,16090
540,850,848,2,200268,194755,5513
541,22,12,10,30944,12468,18476
542,12,7,5,13955,6516,7439
543,23,18,5,25889,20435,5454
544,22,13,9,20620,15984,4636
545,37,24,13,50537,38087,12450
546,893,887,6,196250,191221,5029
547,505,502,3,122729,118798,3931
548,13,13,0,10760,10760,0
549,16,14,2,12553,9828,2725
550,6,5,1,4670,2618,2052
551,3,2,1,1464,455,1009
552,5,3,2,4566,1551,3015
553,3,3,0,3708,3708,0
554,3,1,2,2298,169,2129
555,3,2,1,3215,896,2319
556,10,6,4,9752,7687,2065
557,12,8,4,10221,8791,1430
558,10,3,7,16225,6963,9262
559,20,9,11,31359,8453,22906
560,8,2,6,18007,540,17467
561,13,3,10,27073,4970,22103
562,7,4,3,8574,4983,3591
563,1376,1376,0,291859,291859,0
564,25,23,2,17339,16451,888
565,36,35,1,25667,23032,2635
566,33,32,1,18789,18461,328
567,19,18,1,16395,15749,646
568,120,117,3,115854,108070,7784
569,104,102,2,108158,103149,5009
570,207,202,5,162539,153963,8576
571,96,91,5,89085,64757,24328
572,95,95,0,66986,66986,0
573,537,532,5,115139,110328,4811
574,841,841,0,178342,178342,0
575,5,2,3,3328,1869,1459
576,17,14,3,21633,20389,1244
577,2,2,0,500,500,0
578,9,7,2,4106,2684,1422
579,26,15,11,16669,7897,8772
580,11,5,6,7399,3497,3902
581,8,8,0,10010,10010,0
582,8,8,0,10010,10010,0
583,2,0,2,1774,0,1774
584,9,8,1,11724,11309,415
585,17,17,0,11900,11900,0
586,25,24,1,16551,16237,314
587,7,2,5,4855,322,4533
588,2,1,1,2294,1062,1232
589,1,0,1,1296,0,1296
590,1,0,1,2139,0,2139
591,2,0,2,8145,0,8145
592,2,0,2,8145,0,8145
593,2,0,2,11597,0,11597
594,2,0,2,11597,0,11597
595,2,0,2,11597,0,11597
596,698,698,0,144629,144629,0
597,667,667,0,138655,138655,0
598,667,667,0,138655,138655,0
599,667,667,0,138655,138655,0
600,667,667,0,138655,138655,0
601,667,667,0,138655,138655,0
602,667,667,0,138655,138655,0
603,667,667,0,138655,138655,0
604,667,667,0,138655,138655,0
605,1,0,1,902,0,902
606,4,4,0,1523,1523,0
607,616,616,0,128179,128179,0
608,234,234,0,48563,48563,0
609,1,0,1,471,0,471
610,8,0,8,5669,0,5669
611,3,1,2,1681,356,1325
612,5,0,5,2042,0,2042
613,1,0,1,316,0,316
614,6,6,0,5379,5379,0
615,20,14,6,6288,4805,1483
616,5,3,2,5434,968,4466
617,2,0,2,506,0,506
618,23,20,3,21169,19250,1919
619,21,13,8,24279,22078,2201
620,27,16,11,38248,17690,20558
621,20,18,2,27909,27550,359
622,14,11,3,26058,21971,4087
623,19,12,7,33144,19942,13202
624,20,7,13,25901,4419,21482
625,12,6,6,16519,6180,10339
626,13,7,6,17294,10165,7129
627,13,2,11,22689,2605,20084
628,8,1,7,14169,1211,12958
629,16,9,7,19661,5904,13757
630,1379,1370,9,297782,288087,9695
631,11,7,4,14673,8742,5931
632,20,8,12,14253,3747,10506
633,6,2,4,5671,1306,4365
634,13,6,7,13577,3504,10073
635,17,12,5,18580,16254,2326
636,12,7,5,12609,6614,5995
637,23,16,7,33091,22619,10472
638,25,18,7,35267,27737,7530
639,17,12,5,22654,16885,5769
640,23,11,12,35391,25006,10385
641,26,8,18,26450,4845,21605
642,19,11,8,26487,18616,7871
643,56,38,18,48449,22899,25550
644,51,20,31,50866,21758,29108
645,34,16,18,44209,18730,25479
646,27,18,9,26921,16016,10905
647,23,17,6,12966,8666,4300
648,18,8,10,26436,5639,20797
649,12,10,2,8709,3752,4957
650,10,9,1,11259,5369,5890
651,17,11,6,18666,10148,8518
652,14,12,2,14195,8018,6177
653,7,4,3,8762,5919,2843
654,15,7,8,22133,8567,13566
655,20,17,3,22601,14851,7750
656,2758,2754,4,600660,597217,3443
657,35,24,11,52613,35721,16892
658,34,25,9,33112,20245,12867
659,15,12,3,19381,11038,8343
660,24,12,12,40322,8280,32042
661,15,7,8,22995,7557,15438
662,19,13,6,33324,13490,19834
663,1255,1250,5,272444,265213,7231
664,211,199,12,95897,77506,18391
665,23,16,7,30164,24187,5977
666,16,4,12,22503,9006,13497
667,19,14,5,20755,13813,6942
668,11,9,2,11495,9786,1709
669,23,23,0,14493,14493,0
670,52,47,5,37392,29144,8248
671,37,32,5,37752,24439,13313
672,26,17,9,47911,20543,27368
673,5,4,1,3301,2819,482
674,4,3,1,7848,5167,2681
675,10,8,2,12554,6673,5881
676,3,3,0,5273,5273,0
677,7,7,0,4522,4522,0
678,11,11,0,12282,12282,0
679,4,4,0,5859,5859,0
680,9,7,2,14064,10982,3082
681,7,7,0,18622,18622,0
682,2,2,0,16322,16322,0
683,4,4,0,34153,34153,0
684,5,2,3,22703,9054,13649
685,4,3,1,8762,6166,2596
686,4,3,1,8762,6166,2596
687,1,0,1,846,0,846
688,1,0,1,846,0,846
689,5,0,5,6712,0,6712
690,2200,2200,0,456272,456272,0
691,534,532,2,110898,110552,346
692,534,532,2,110898,110552,346
693,534,532,2,110898,110552,346
694,4,4,0,8657,8657,0
695,2,2,0,5537,5537,0
696,1369,1369,0,285676,285676,0
697,2,2,0,393,393,0
698,2,2,0,393,393,0
699,1,0,1,884,0,884
700,1,0,1,884,0,884
701,1,1,0,193,193,0
702,1,1,0,193,193,0
703,1,0,1,6748,0,6748
704,2,0,2,12487,0,12487
705,2,0,2,12487,0,12487
706,2,0,2,12487,0,12487
707,4,3,1,963,684,279
708,18,12,6,41603,26752,14851
709,23,20,3,30523,28912,1611
710,1883,1874,9,415087,398395,16692
711,908,898,10,221102,198351,22751
712,34,23,11,25315,16479,8836
713,46,30,16,50394,26791,23603
714,55,41,14,38687,19292,19395
715,60,53,7,35990,28028,7962
716,1285,1272,13,312397,299143,13254
717,1352,1339,13,340772,329577,11195
718,1004,994,10,251877,244214,7663
719,20,15,5,27196,14458,12738
720,12,8,4,13754,11702,2052
721,6,5,1,6199,6118,81
722,1430,1425,5,320986,319667,1319
723,657,654,3,147743,144261,3482
724,52,49,3,26196,23988,2208
725,57,55,2,34498,32031,2467
726,272,269,3,71641,70864,777
727,1589,1578,11,407049,394120,12929
728,1219,1204,15,323189,309066,14123
729,540,527,13,157399,143417,13982
730,635,624,11,237644,218417,19227
731,1878,1865,13,494795,479011,15784
732,377,360,17,202172,180498,21674
733,75,56,19,85906,65173,20733
734,143,115,28,202229,138901,63328
735,68,48,20,117113,65269,51844
736,46,27,19,108735,19936,88799
737,1030,1003,27,316603,271694,44909
738,1891,1868,23,505078,467868,37210
739,2111,2086,25,592338,545329,47009
740,954,936,18,259101,234498,24603
741,59,42,17,73272,32458,40814
742,31,22,9,28455,20647,7808
743,1183,1167,16,309168,277625,31543
744,1240,1235,5,277063,267830,9233
745,1883,1875,8,437179,425280,11899
746,1784,1772,12,410642,403959,6683
747,1826,1821,5,454283,443311,10972
748,3431,3409,22,811144,779610,31534
749,2031,2016,15,522294,486570,35724
750,35,17,18,32916,12319,20597
751,36,24,12,48588,23915,24673
752,32,18,14,46298,24029,22269
753,1173,1153,20,328607,276185,52422
754,3024,3010,14,722573,689515,33058
755,3725,3716,9,859205,843153,16052
756,3372,3365,7,761474,750358,11116
757,3849,3841,8,891929,883571,8358
758,2712,2703,9,630987,625924,5063
759,2309,2304,5,543951,537392,6559
760,2268,2262,6,517582,514047,3535
761,1726,1715,11,417829,406694,11135
762,1351,1345,6,318993,315800,3193
763,1168,1162,6,273107,268290,4817
764,1802,1793,9,425296,413846,11450
765,2264,2257,7,517421,508792,8629
766,4692,4686,6,1069735,1061548,8187
767,1744,1741,3,401839,393159,8680
768,3969,3966,3,904900,894593,10307
769,3735,3728,7,856748,846333,10415
770,4480,4474,6,1021449,1010501,10948
771,2126,2124,2,489017,485150,3867
772,1164,1160,4,267673,261173,6500
773,1023,1019,4,235100,227234,7866
774,1979,1979,0,447962,447962,0
775,1890,1888,2,430801,427839,2962
776,1915,1914,1,424714,414881,9833
777,2225,2225,0,488140,488140,0
778,1891,1890,1,415661,415543,118
779,5099,5096,3,1132329,1131240,1089
780,4257,4256,1,964467,964408,59
781,3107,3105,2,703365,701308,2057
782,1944,1942,2,437346,436009,1337
783,2107,2107,0,472619,472619,0
784,2760,2760,0,619894,619894,0
785,2653,2653,0,595134,595134,0
786,1447,1447,0,324301,324301,0
787,1557,1557,0,349095,349095,0
788,2563,2562,1,576206,575469,737
789,2211,2211,0,498891,498891,0
790,2205,2205,0,496223,496223,0
791,2117,2117,0,479057,479057,0
792,2147,2147,0,483460,483460,0
793,1484,1484,0,332484,332484,0
794,2649,2649,0,594740,594740,0
795,2277,2277,0,511517,511517,0
796,4114,4114,0,922346,922346,0
797,4881,4881,0,1093349,1093349,0
798,2743,2743,0,614112,614112,0
799,1723,1723,0,385136,385136,0
800,920,920,0,206575,206575,0
801,1358,1357,1,305084,304179,905
802,1331,1331,0,298196,298196,0
803,1490,1489,1,334964,334065,899
804,1760,1760,0,401760,401760,0
805,1027,1014,13,260765,250680,10085
806,3450,3439,11,784359,777058,7301
807,3618,3611,7,819591,814934,4657
808,3604,3584,20,834739,815346,19393
809,4476,4461,15,1009914,994760,15154
810,3211,3189,22,736295,709854,26441
811,1228,1213,15,299068,276153,22915
812,44,22,22,45037,19495,25542
813,42,3,39,41156,3824,37332
814,44,26,18,49919,25066,24853
815,37,24,13,34348,15531,18817
816,69,56,13,39525,28840,10685
817,639,635,4,167474,163554,3920
818,4396,4391,5,1024550,1020852,3698
819,4086,4078,8,960236,953884,6352
820,5386,5374,12,1268376,1256402,11974
821,3799,3786,13,890274,885791,4483
822,4835,4825,10,1148857,1137085,11772
823,4137,4118,19,1002830,979078,23752
824,728,712,16,198540,180643,17897
825,38,22,16,40110,14020,26090
826,60,32,28,63053,34961,28092
827,200,169,31,86970,55979,30991
828,1190,1169,21,262304,236681,25623
829,1592,1569,23,385887,354320,31567
830,1757,1741,16,426194,398665,27529
831,417,407,10,115251,103754,11497
832,2265,2240,25,599227,564244,34983
833,3230,3204,26,815441,772098,43343
834,4288,4272,16,992361,970270,22091
835,4054,4033,21,963093,924834,38259
836,3300,3275,25,804618,752850,51768
837,4590,4563,27,1082954,1027661,55293
838,3367,3361,6,764338,753962,10376
839,2713,2710,3,597453,594687,2766
840,2494,2484,10,551628,540306,11322
841,2664,2659,5,570594,565018,5576
842,1258,1256,2,269316,268561,755
843,1768,1760,8,368305,358121,10184
844,2142,2131,11,486702,472772,13930
845,2011,1991,20,452614,436020,16594
846,2227,2207,20,523529,509212,14317
847,3024,3019,5,705531,696996,8535
848,2163,2153,10,483601,474937,8664
849,1789,1787,2,406592,404885,1707
850,1861,1849,12,419788,411371,8417
851,779,769,10,192334,183189,9145
852,1864,1846,18,440485,423410,17075
853,1298,1288,10,309477,300536,8941
854,1245,1230,15,272009,260136,11873
855,3298,3274,24,768683,729747,38936
856,2490,2466,24,601425,544910,56515
857,2293,2276,17,510775,487414,23361
858,1329,1323,6,285312,278839,6473
859,1818,1813,5,340951,333211,7740
860,600,597,3,132621,130940,1681
861,685,682,3,153452,144700,8752
862,1656,1643,13,354030,339946,14084
863,1440,1434,6,291245,284126,7119
864,1209,1203,6,283184,273682,9502
865,1286,1281,5,276459,275789,670
866,1282,1280,2,265636,264346,1290
867,889,884,5,193232,180220,13012
868,809,802,7,173525,167031,6494
869,1074,1070,4,231425,224609,6816
870,963,963,0,207399,207399,0
871,1202,1201,1,244577,243899,678
872,1525,1525,0,323272,323272,0
873,1496,1496,0,320435,320435,0
874,1639,1639,0,352740,352740,0
875,1645,1645,0,354259,354259,0
876,2224,2224,0,476908,476908,0
877,3187,3187,0,679561,679561,0
878,2591,2591,0,552679,552679,0
879,2177,2176,1,456072,455652,420
880,1712,1710,2,348656,341403,7253
881,1018,1018,0,193757,193757,0
882,613,611,2,118091,116466,1625
883,613,611,2,118091,116466,1625
884,613,611,2,118091,116466,1625
885,613,611,2,118091,116466,1625
886,613,611,2,118091,116466,1625
887,613,611,2,118091,116466,1625
888,759,759,0,176440,176440,0
889,1570,1569,1,365357,365120,237
890,1621,1621,0,376859,376859,0
891,1739,1739,0,404497,404497,0
892,1793,1793,0,420022,420022,0
893,1906,1906,0,443233,443233,0
894,2430,2429,1,565209,564855,354
895,1208,1202,6,288411,279677,8734
896,803,797,6,193770,185453,8317
897,5,0,5,7414,0,7414
898,3,1,2,3409,416,2993
899,8,7,1,9204,4474,4730
900,12,9,3,5864,4100,1764
901,81,72,9,63057,50894,12163
902,41,29,12,39243,19577,19666
903,44,32,12,33439,13436,20003
904,402,394,8,90129,85272,4857
905,31,16,15,19503,7927,11576
906,1033,1021,12,248820,231184,17636
907,1729,1723,6,333966,322889,11077
908,1960,1945,15,378451,362566,15885
909,2195,2187,8,422563,413080,9483
910,2129,2109,20,444773,428615,16158
911,1968,1959,9,411716,400456,11260
912,2411,2405,6,473091,458082,15009
913,2878,2872,6,539726,536100,3626
914,3396,3392,4,640418,631198,9220
915,3599,3597,2,685292,684419,873
916,2436,2433,3,471030,467866,3164
917,1443,1439,4,322650,303398,19252
918,1316,1311,5,283038,268304,14734
919,1719,1705,14,365602,349791,15811
920,2694,2676,18,534534,524369,10165
921,2428,2412,16,493722,474941,18781
922,631,612,19,179265,156363,22902
923,1206,1188,18,277787,254495,23292
924,1571,1551,20,382802,358228,24574
925,2954,2941,13,672063,657791,14272
926,3424,3397,27,791450,765206,26244
927,2498,2465,33,605679,556312,49367
928,763,735,28,232878,165651,67227
929,2559,2540,19,542661,500906,41755
930,1013,999,14,249480,231332,18148
931,1573,1552,21,385506,364114,21392
932,2233,2200,33,504574,447937,56637
933,3456,3439,17,696497,670659,25838
934,4189,4178,11,1011306,984965,26341
935,4067,4057,10,1155080,1134341,20739
936,4936,4931,5,1257948,1244582,13366
937,4839,4832,7,1199087,1180075,19012
938,4534,4526,8,991679,986828,4851
939,2934,2928,6,733889,729448,4441
940,2719,2704,15,699062,676811,22251
941,1652,1643,9,362059,334480,27579
942,1842,1830,12,392344,371973,20371
943,1804,1792,12,389005,364813,24192
944,1224,1216,8,263285,247819,15466
945,1611,1595,16,385386,331351,54035
946,909,891,18,226908,183321,43587
947,866,861,5,165555,157729,7826
948,1553,1532,21,382621,363578,19043
949,2613,2145,468,684969,464798,220171
950,1216,949,267,383909,222318,161591
951,3093,2886,207,930140,665904,264236
952,4404,4099,305,1344199,905673,438526
953,3428,3244,184,1008750,723643,285107
954,3201,3115,86,1071284,925227,146057
955,2323,2135,188,746500,457452,289048
956,694,552,142,364512,143406,221106
957,249,114,135,253622,23630,229992
958,1403,1246,157,509112,246390,262722
959,1410,1186,224,476049,230760,245289
960,991,668,323,376483,132623,243860
961,1330,1091,239,506314,227920,278394
962,1567,1375,192,533659,318762,214897
963,2341,2184,157,602605,404710,197895
964,1259,1132,127,462677,270123,192554
965,1517,1228,289,553562,293507,260055
966,1774,1626,148,534183,374295,159888
967,1216,1004,212,498461,243907,254554
968,1555,1385,170,509539,326853,182686
969,1510,1349,161,497082,315309,181773
970,1675,1278,397,766241,248597,517644
971,1873,1627,246,694360,379094,315266
972,1967,1756,211,560012,349864,210148
973,1328,757,571,337386,95571,241815
974,1254,980,274,302926,108604,194322
975,1843,1460,383,459801,231077,228724
976,1911,1755,156,565947,317009,248938
977,2571,2382,189,749480,433098,316382
978,2517,2364,153,691326,429294,262032
979,2745,2570,175,722149,465895,256254
980,2467,2217,250,743117,383612,359505
981,1212,1016,196,412907,112864,300043
982,1409,1240,169,423940,144871,279069
983,1848,1652,196,655779,332449,323330
984,1502,1280,222,619323,298730,320593
985,728,628,100,288055,147511,140544
986,842,684,158,321479,159532,161947
987,1469,1048,421,601842,245602,356240
988,1527,1151,376,609928,268784,341144
989,2955,2953,2,691335,689431,1904
990,2337,2337,0,546123,546123,0
991,806,806,0,189055,189055,0
992,858,858,0,200180,200180,0
993,1003,1003,0,235135,235135,0
994,1472,1472,0,344524,344524,0
995,1451,1450,1,344581,340805,3776
996,1442,1435,7,349833,335261,14572
997,1276,1271,5,307029,298957,8072
998,1438,1422,16,382517,364511,18006
999,1268,1256,12,551406,529732,21674
1000,59,28,31,35524,19771,15753
1001,548,420,128,313358,111886,201472
1002,1743,1576,167,631674,385738,245936
1003,2348,2149,199,731292,516834,214458
1004,1433,1174,259,514529,313267,201262
1005,2745,2633,112,719052,622336,96716
1006,5029,4892,137,1218763,1079312,139451
1007,5501,5367,134,1320385,1189797,130588
1008,5231,5179,52,1109238,1056152,53086
1009,3549,3449,100,789648,691865,97783
1010,1627,1525,102,428846,307444,121402
1011,2722,2656,66,653988,570252,83736
1012,2832,2810,22,639078,607467,31611
1013,2445,2351,94,628877,507143,121734
1014,4101,3962,139,1017377,854908,162469
1015,3016,2946,70,720630,639619,81011
1016,2614,2509,105,677602,567541,110061
1017,1391,1293,98,419236,312124,107112
1018,2251,2148,103,597063,481169,115894
1019,3376,3256,120,852591,731118,121473
1020,2706,2526,180,792165,602673,189492
1021,3745,3576,169,1010143,818497,191646
1022,4647,4504,143,1200299,1044106,156193
1023,4111,3993,118,1213236,1079742,133494
1024,4208,4042,166,1173029,990379,182650
1025,3651,3397,254,1072367,782832,289535
1026,3034,2895,139,844683,695381,149302
1027,1819,1685,134,590664,405862,184802
1028,2562,2444,118,733536,570687,162849
1029,2184,2038,146,659480,467980,191500
1030,2869,2728,141,820158,628624,191534
1031,2942,2829,113,791634,634608,157026
1032,3573,3464,109,941354,770841,170513
1033,3493,3394,99,911710,753093,158617
1034,3045,2891,154,853867,645754,208113
1035,4114,3904,210,1125286,885902,239384
1036,3205,3106,99,829448,699396,130052
1037,3081,2965,116,828121,664656,163465
1038,3699,3558,141,973880,782140,191740
1039,3889,3704,185,1031575,813647,217928
1040,2396,2257,139,649579,493078,156501
1041,2230,2105,125,638829,469351,169478
1042,2806,2664,142,799615,594059,205556
1043,2149,2010,139,641888,437749,204139
1044,2734,2530,204,760192,564992,195200
1045,1851,1753,98,531251,389861,141390
1046,835,726,109,294813,181722,113091
1047,1459,1365,94,369891,298992,70899
1048,2056,1968,88,530825,462873,67952
1049,3049,3030,19,733820,704884,28936
1050,2103,2033,70,542057,499129,42928
1051,2944,2941,3,707352,700834,6518
1052,1807,1800,7,441293,431501,9792
1053,2398,2383,15,593802,580320,13482
1054,1047,1041,6,260971,250468,10503
1055,1234,1232,2,290576,288787,1789
1056,591,588,3,145754,142937,2817
1057,1189,1185,4,289088,283931,5157
1058,1237,1234,3,297191,294933,2258
1059,1323,1322,1,319779,315962,3817
1060,1374,1374,0,344127,344127,0
1061,1815,1814,1,424873,424438,435
1062,1082,1082,0,265794,265794,0
1063,1185,1185,0,286329,286329,0
1064,1194,1194,0,282657,282657,0
1065,1844,1844,0,435956,435956,0
1066,2392,2392,0,562578,562578,0
1067,1489,1489,0,347814,347814,0
1068,1302,1301,1,308951,308741,210
1069,1332,1332,0,319388,319388,0
1070,1254,1254,0,292237,292237,0
1071,221,221,0,54233,54233,0
1072,6,2,4,2053,642,1411
1073,7,4,3,3365,1005,2360
1074,4,4,0,1758,1758,0
1075,3,3,0,3549,3549,0
1076,292,292,0,62811,62811,0
1077,1081,1081,0,228201,228201,0
1078,2,2,0,1988,1988,0
1079,4,4,0,3145,3145,0
1080,5,5,0,13739,13739,0
1081,5,5,0,3747,3747,0
1082,494,494,0,102404,102404,0
1083,872,872,0,181472,181472,0
1084,872,872,0,181472,181472,0
1085,872,872,0,181472,181472,0
1086,1013,1012,1,237754,237195,559
1087,1329,1329,0,332047,332047,0
1088,1453,1453,0,345026,345026,0
1089,1031,1031,0,244015,244015,0
1090,1297,1297,0,308404,308404,0
1091,816,816,0,200790,200790,0
1092,11,4,7,22703,2213,20490
1093,20,16,4,25801,20160,5641
1094,29,22,7,18326,13482,4844
1095,34,33,1,28294,27877,417
1096,44,36,8,35416,26102,9314
1097,68,61,7,48777,46246,2531
1098,212,209,3,257827,257392,435
1099,85,73,12,79023,75567,3456
1100,104,97,7,113618,109649,3969
1101,2147,2119,28,1071721,1041399,30322
1102,2322,2315,7,548884,536422,12462
1103,1504,1501,3,378561,372568,5993
1104,1596,1594,2,475596,474658,938
1105,1280,1277,3,319158,314591,4567
1106,60,59,1,25259,23148,2111
1107,11,5,6,15844,8133,7711
1108,1220,1187,33,312970,276593,36377
1109,2582,2528,54,659334,594084,65250
1110,3262,3242,20,749843,718727,31116
1111,4712,4704,8,1074906,1062560,12346
1112,3139,3121,18,736425,712836,23589
1113,3651,3635,16,847515,826759,20756
1114,1664,1647,17,451065,433597,17468
1115,680,666,14,226663,210428,16235
1116,947,939,8,249740,235159,14581
1117,1996,1978,18,501724,474178,27546
1118,791,778,13,261473,237428,24045
1119,893,883,10,224733,215302,9431
1120,844,837,7,226711,222205,4506
1121,801,786,15,229455,213763,15692
1122,2267,2252,15,565093,533393,31700
1123,3565,3552,13,878146,848088,30058
1124,3037,3024,13,732175,700381,31794
1125,2539,2525,14,627651,601340,26311
1126,2265,2248,17,566040,535625,30415
1127,2262,2253,9,557849,551052,6797
1128,648,639,9,191660,174891,16769
1129,840,838,2,209846,207913,1933
1130,840,831,9,201382,194402,6980
1131,1543,1537,6,363305,352519,10786
1132,1448,1438,10,324728,311344,13384
1133,906,902,4,224939,214367,10572
1134,676,667,9,175358,154935,20423
1135,712,707,5,175074,166011,9063
1136,882,878,4,337036,324261,12775
1137,1193,1189,4,345957,332688,13269
1138,808,799,9,203918,197786,6132
1139,643,642,1,157889,157024,865
1140,666,661,5,159923,155344,4579
1141,720,715,5,177300,168858,8442
1142,901,895,6,222616,216515,6101
1143,1029,1025,4,247975,242872,5103
1144,661,656,5,163015,159097,3918
1145,888,873,15,201935,194633,7302
1146,1756,1741,15,385019,378539,6480
1147,722,698,24,166892,157807,9085
1148,1184,1182,2,264148,261539,2609
1149,2162,2160,2,467692,466393,1299
1150,3753,3752,1,795154,794024,1130
1151,4310,4308,2,914776,913595,1181
1152,1313,1310,3,282162,280188,1974
1153,439,437,2,97777,94941,2836
1154,689,687,2,159546,153816,5730
1155,566,561,5,137859,123983,13876
1156,421,421,0,90503,90503,0
1157,601,601,0,134488,134488,0
1158,513,513,0,118278,118278,0
1159,1505,1502,3,358366,349246,9120
1160,1490,1487,3,377532,347170,30362
1161,1470,1469,1,352588,340388,12200
1162,2265,2265,0,524447,524447,0
1163,2716,2716,0,630032,630032,0
1164,2973,2973,0,689161,689161,0
1165,5846,5843,3,1342191,1331575,10616
1166,4581,4579,2,1063173,1056189,6984
1167,3370,3369,1,785651,779905,5746
1168,503,503,0,111863,111863,0
1169,494,494,0,110692,110692,0
1170,1354,1354,0,291993,291993,0
1171,1982,1982,0,423810,423810,0
1172,1754,1754,0,377493,377493,0
1173,1721,1721,0,368808,368808,0
1174,1526,1526,0,332416,332416,0
1175,874,874,0,195827,195827,0
1176,580,580,0,129900,129900,0
1177,696,696,0,155657,155657,0
1178,833,833,0,186220,186220,0
1179,1823,1823,0,393978,393978,0
1180,1210,1210,0,265118,265118,0
1181,842,842,0,188331,188331,0
1182,810,810,0,181846,181846,0
1183,975,975,0,219206,219206,0
1184,1448,1448,0,316803,316803,0
1185,3058,3058,0,647361,647361,0
1186,1991,1991,0,425413,425413,0
1187,2021,2021,0,433689,433689,0
1188,1362,1362,0,295793,295793,0
1189,864,864,0,192268,192268,0
1190,883,883,0,202787,202787,0
1191,750,742,8,178131,172981,5150
1192,1797,1791,6,397114,392460,4654
1193,2096,2094,2,476458,474157,2301
1194,1606,1605,1,356083,352612,3471
1195,1097,1094,3,241078,238228,2850
1196,332,330,2,84839,82630,2209
1197,21,15,6,13079,7561,5518
1198,1974,1970,4,482084,476031,6053
1199,1988,1985,3,459167,450644,8523
1200,1482,1476,6,307747,301772,5975
1201,1327,1326,1,318420,316304,2116
1202,1817,1816,1,395797,395672,125
1203,327,326,1,83002,81853,1149
1204,10,4,6,18958,6713,12245
1205,10,7,3,5792,4152,1640
1206,191,185,6,56016,47303,8713
1207,11,11,0,15336,15336,0
1208,14,14,0,6089,6089,0
1209,9,9,0,8204,8204,0
1210,537,531,6,147144,135020,12124
1211,2428,2426,2,578351,572900,5451
1212,3211,3206,5,723292,720532,2760
1213,4900,4895,5,1100049,1098118,1931
1214,3564,3559,5,796887,792283,4604
1215,5262,5258,4,1203950,1199554,4396
1216,5508,5505,3,1216303,1211110,5193
1217,2428,2422,6,514291,509115,5176
1218,3531,3523,8,733061,718043,15018
1219,2824,2813,11,510123,499286,10837
1220,1901,1894,7,341203,322104,19099
1221,1607,1602,5,262000,256380,5620
1222,2426,2419,7,405206,390249,14957
1223,2901,2895,6,436867,428128,8739
1224,2259,2259,0,380181,380181,0
1225,2121,2118,3,341383,339421,1962
1226,1078,1074,4,217915,214463,3452
1227,827,825,2,186161,183278,2883
1228,801,799,2,183524,181685,1839
1229,952,952,0,227615,227615,0
1230,1482,1481,1,269465,269270,195
1231,1437,1432,5,240356,239143,1213
1232,2447,2446,1,458018,457284,734
1233,1507,1497,10,332499,328482,4017
1234,2367,2359,8,539214,528905,10309
1235,2068,2062,6,463778,460291,3487
1236,2823,2815,8,623901,613300,10601
1237,2222,2208,14,495803,481074,14729
1238,2928,2925,3,641547,638421,3126
1239,2724,2720,4,595001,586212,8789
1240,1309,1305,4,286143,276638,9505
1241,1600,1598,2,280018,276864,3154
1242,1602,1600,2,306817,303434,3383
1243,1715,1709,6,329422,318791,10631
1244,1214,1210,4,245886,239025,6861
1245,638,629,9,159569,134591,24978
1246,2852,2843,9,577315,545808,31507
1247,2254,2249,5,441481,429705,11776
1248,1065,1065,0,223322,223322,0
1249,1228,1226,2,218814,217798,1016
1250,1933,1931,2,337609,330441,7168
1251,1544,1542,2,309374,302111,7263
1252,1002,1001,1,165215,162202,3013
1253,676,675,1,150932,147195,3737
1254,1186,1186,0,248297,248297,0
1255,873,873,0,181254,181254,0
1256,5,5,0,5365,5365,0
1257,13,12,1,17104,16952,152
1258,250,250,0,64708,64708,0
1259,1630,1630,0,353946,353946,0
1260,3702,3702,0,840393,840393,0
1261,4316,4316,0,982088,982088,0
1262,3227,3227,0,742482,742482,0
1263,1377,1377,0,333853,333853,0
1264,2346,2346,0,546567,546567,0
1265,1950,1949,1,458283,456436,1847
1266,1222,1222,0,256336,256336,0
1267,9,3,6,15137,4857,10280
1268,8,3,5,12597,5113,7484
1269,3,1,2,10120,1734,8386
1270,1008,1008,0,242721,242721,0
1271,894,889,5,219286,210311,8975
1272,1514,1512,2,364100,356787,7313
1273,1465,1465,0,344140,344140,0
1274,1257,1257,0,294984,294984,0
1275,788,788,0,189506,189506,0
1276,2,2,0,3188,3188,0
1277,4,4,0,6774,6774,0
1278,1,1,0,1512,1512,0
1279,1191,1191,0,250408,250408,0
1280,1745,1745,0,368235,368235,0
1281,3103,3103,0,645476,645476,0
1282,1499,1499,0,314419,314419,0
1283,2410,2407,3,504109,502344,1765
1284,1052,1052,0,219998,219998,0
1285,9,6,3,8206,6294,1912
1286,2,0,2,780,0,780
1287,375,374,1,82755,80776,1979
1288,1002,1000,2,209604,208251,1353
1289,13,7,6,6981,3379,3602
1290,10,6,4,5811,3645,2166
1291,281,277,4,40222,35162,5060
1292,1150,1146,4,125611,120672,4939
1293,980,975,5,113151,101346,11805
1294,1095,1094,1,124273,124235,38
1295,1810,1808,2,237066,235316,1750
1296,1608,1606,2,215395,212847,2548
1297,1685,1685,0,223511,223511,0
1298,1323,1322,1,184895,184856,39
1299,2144,2144,0,394067,394067,0
1300,1516,1514,2,264264,264024,240
1301,1018,1016,2,171439,170704,735
1302,1007,1001,6,210773,194684,16089
1303,2569,2563,6,490248,484710,5538
1304,2352,2350,2,447142,445547,1595
1305,1715,1707,8,335321,321797,13524
1306,2065,2061,4,432169,422741,9428
1307,1896,1891,5,396648,388484,8164
1308,1875,1870,5,441591,428308,13283
1309,3641,3633,8,887038,867900,19138
1310,3772,3769,3,908574,907005,1569
1311,3404,3396,8,803754,794133,9621
1312,4165,4159,6,990157,975211,14946
1313,2457,2451,6,607285,595778,11507
1314,4295,4284,11,1003187,986737,16450
1315,1919,1911,8,481486,469300,12186
1316,31,22,9,32894,27567,5327
1317,25,16,9,34742,27590,7152
1318,21,20,1,28920,28733,187
1319,9,8,1,12926,12176,750
1320,732,728,4,165524,162029,3495
1321,662,657,5,177889,167339,10550
1322,1241,1238,3,273380,270681,2699
1323,156,153,3,48537,43691,4846
1324,617,610,7,140233,135147,5086
1325,1259,1250,9,293386,274209,19177
1326,1444,1442,2,306330,304963,1367
1327,1376,1371,5,296174,291805,4369
1328,189,183,6,44953,41245,3708
1329,14,13,1,19636,18441,1195
1330,34,28,6,27796,22189,5607
1331,49,44,5,29948,24688,5260
1332,239,228,11,78152,65282,12870
1333,1334,1329,5,273390,267615,5775
1334,732,728,4,115695,111205,4490
1335,1267,1260,7,185847,178528,7319
1336,1306,1294,12,213865,188674,25191
1337,1292,1279,13,192959,179320,13639
1338,937,927,10,148596,135428,13168
1339,1346,1337,9,226661,212463,14198
1340,1522,1517,5,275675,268328,7347
1341,1054,1050,4,178259,173377,4882
1342,688,682,6,220934,210504,10430
1343,1594,1591,3,488993,482601,6392
1344,2159,2157,2,767074,766308,766
1345,2275,2269,6,538543,532590,5953
1346,1394,1389,5,351104,344130,6974
1347,912,910,2,222969,218709,4260
1348,2551,2545,6,572138,566135,6003
1349,1215,1209,6,286427,281775,4652
1350,1017,1014,3,240247,238959,1288
1351,541,540,1,129045,127693,1352
1352,3,3,0,1995,1995,0
1353,14,11,3,11216,7901,3315
1354,5,4,1,3841,3350,491
1355,4,3,1,4054,2461,1593
1356,4,2,2,3971,1911,2060
1357,5,4,1,4623,3090,1533
1358,884,883,1,208036,206236,1800
1359,2262,2261,1,530459,528804,1655
1360,2472,2472,0,579597,579597,0
1361,2658,2658,0,620561,620561,0
1362,1512,1512,0,353520,353520,0
1363,1575,1575,0,369421,369421,0
1364,1851,1851,0,431975,431975,0
1365,601,601,0,141278,141278,0
1366,175,175,0,37052,37052,0
1367,1200,1199,1,255455,254582,873
1368,7,5,2,15951,11045,4906
1369,342,342,0,81834,81834,0
1370,1275,1275,0,296825,296825,0
1371,1282,1282,0,300430,300430,0
1372,1951,1949,2,452074,445925,6149
1373,2754,2750,4,615311,608130,7181
1374,1760,1756,4,399320,387979,11341
1375,1369,1367,2,298526,290027,8499
1376,993,992,1,209946,205385,4561
1377,2,1,1,2200,657,1543
1378,2,1,1,2200,657,1543
1379,5,3,2,8620,1133,7487
1380,17,15,2,13563,12912,651
1381,849,846,3,191959,187907,4052
1382,1662,1657,5,360112,355081,5031
1383,487,474,13,151521,124855,26666
1384,37,26,11,35275,7310,27965
1385,42,32,10,41065,20930,20135
1386,56,48,8,35949,24382,11567
1387,62,55,7,26598,22183,4415
1388,154,149,5,54494,49736,4758
1389,60,39,21,54921,28698,26223
1390,66,42,24,79519,33746,45773
1391,33,25,8,38879,25385,13494
1392,18,9,9,20351,10577,9774
1393,16,10,6,24847,13973,10874
1394,16,11,5,24660,15437,9223
1395,9,4,5,17340,4953,12387
1396,28,21,7,33946,28320,5626
1397,23,15,8,30203,18242,11961
1398,25,17,8,28573,10989,17584
1399,66,53,13,44963,24529,20434
1400,1064,1053,11,252164,244673,7491
1401,1728,1721,7,414659,405754,8905
1402,1612,1597,15,408122,390330,17792
1403,2597,2585,12,690899,682432,8467
1404,2715,2704,11,784402,775273,9129
1405,2409,2401,8,652898,647527,5371
1406,3934,3923,11,1079566,1070818,8748
1407,3163,3127,36,800601,768106,32495
1408,2543,2513,30,703190,665697,37493
1409,3063,3038,25,823779,795865,27914
1410,3256,3228,28,863709,833542,30167
1411,5004,4982,22,1234422,1199819,34603
1412,1530,1518,12,402541,384051,18490
1413,2265,2248,17,591853,569323,22530
1414,933,930,3,255544,250799,4745
1415,2571,2566,5,606081,597307,8774
1416,64,57,7,40964,24020,16944
1417,33,22,11,42633,30712,11921
1418,29,13,16,29250,14856,14394
1419,43,28,15,79342,56649,22693
1420,29,24,5,38368,31875,6493
1421,38,25,13,58568,45992,12576
1422,35,24,11,52785,27302,25483
1423,39,31,8,40066,26917,13149
1424,11,8,3,14057,10023,4034
1425,247,237,10,210353,170640,39713
1426,743,737,6,375625,360585,15040
1427,330,324,6,197136,185612,11524
1428,187,181,6,174907,162812,12095
1429,844,840,4,624314,619975,4339
1430,127,114,13,172429,138806,33623
1431,52,44,8,126869,112348,14521
1432,45,41,4,119299,113387,5912
1433,59,46,13,92194,82495,9699
1434,1360,1356,4,308231,304762,3469
1435,20,17,3,26367,24105,2262
1436,23,16,7,33194,23941,9253
1437,20,10,10,26350,13520,12830
1438,9,5,4,19227,11816,7411
1439,96,87,9,42347,30205,12142
1440,1421,1417,4,339257,332501,6756
1441,1465,1463,2,356312,355282,1030
1442,1519,1519,0,370839,370839,0
1443,1539,1539,0,359189,359189,0
1444,918,915,3,216111,214930,1181
1445,640,635,5,142832,131811,11021
1446,730,730,0,151571,151571,0
1447,1,1,0,514,514,0
1448,1,1,0,514,514,0
1449,1,1,0,831,831,0
1450,1,1,0,948,948,0
1451,1,1,0,948,948,0
1452,1,1,0,948,948,0
1453,1,1,0,581,581,0
1454,1,1,0,1127,1127,0
1455,2,0,2,2641,0,2641
1456,2,0,2,2641,0,2641
1457,916,916,0,213404,213404,0
1458,2100,2100,0,487095,487095,0
1459,1781,1781,0,414278,414278,0
1460,3224,3224,0,748280,748280,0
1461,3632,3632,0,844808,844808,0
1462,3035,3035,0,706646,706646,0
1463,2709,2708,1,630071,629856,215
1464,2076,2075,1,481928,481344,584
1465,889,889,0,207975,207975,0
1466,348,347,1,82649,81706,943
1467,614,614,0,143840,143840,0
1468,1033,1033,0,240924,240924,0
1469,1368,1367,1,319395,318288,1107
1470,1476,1476,0,346533,346533,0
1471,1134,1134,0,264772,264772,0
1472,1153,1153,0,267683,267683,0
1473,1718,1718,0,406095,406095,0
1474,1078,1077,1,310222,309467,755
1475,1368,1367,1,475214,474753,461
1476,1153,1147,6,332514,328490,4024
1477,1322,1164,158,375364,283093,92271
1478,1387,1289,98,377215,304006,73209
1479,1006,949,57,239258,208291,30967
1480,646,569,77,212092,159589,52503
1481,72,42,30,86444,53535,32909
1482,76,54,22,82858,52773,30085
1483,58,35,23,70631,40689,29942
1484,49,36,13,62200,40882,21318
1485,44,38,6,46950,32672,14278
1486,53,40,13,50263,24907,25356
1487,32,31,1,33341,32719,622
1488,17,16,1,19025,16970,2055
1489,17,15,2,13239,11263,1976
1490,14,12,2,13534,12082,1452
1491,7,6,1,7654,7278,376
1492,11,8,3,7805,6454,1351
1493,23,11,12,11089,5683,5406
1494,853,839,14,218985,202906,16079
1495,1113,1095,18,298627,276524,22103
1496,21,16,5,25715,20841,4874
1497,58,46,12,47196,38699,8497
1498,334,324,10,109179,98316,10863
1499,1128,1117,11,291729,281151,10578
1500,431,421,10,419370,406384,12986
1501,1065,1055,10,971983,965338,6645
1502,1196,1178,18,1283101,1268087,15014
1503,900,884,16,819833,796417,23416
1504,125,76,49,112420,53033,59387
1505,550,501,49,245086,187576,57510
1506,279,217,62,139242,72779,66463
1507,2335,2263,72,752895,666614,86281
1508,3256,3205,51,837748,771882,65866
1509,2901,2852,49,748665,687993,60672
1510,3571,3492,79,907140,825982,81158
1511,55,17,38,63130,17606,45524
1512,2135,2104,31,530157,491628,38529
1513,3371,3364,7,742670,726240,16430
1514,3831,3827,4,884096,879116,4980
1515,1133,1129,4,278422,269564,8858
1516,1272,1262,10,271498,266325,5173
1517,3077,3061,16,682694,669933,12761
1518,1511,1498,13,358575,344525,14050
1519,989,982,7,227259,219605,7654
1520,734,727,7,139560,122971,16589
1521,1052,1040,12,210268,187864,22404
1522,2169,2157,12,479445,465284,14161
1523,1491,1477,14,355001,324214,30787
1524,974,959,15,243606,210370,33236
1525,549,543,6,130499,113036,17463
1526,1047,1039,8,282649,262991,19658
1527,330,310,20,134978,102219,32759
1528,806,797,9,266282,239156,27126
1529,1424,1418,6,369431,359073,10358
1530,1231,1224,7,311523,298639,12884
1531,1703,1700,3,400680,394365,6315
1532,1912,1894,18,471444,443428,28016
1533,1094,1078,16,270415,254170,16245
1534,1214,1209,5,268191,262400,5791
1535,1272,1268,4,316127,311432,4695
1536,4,0,4,6698,0,6698
1537,4,0,4,11411,0,11411
1538,3,0,3,6170,0,6170
1539,1,0,1,4693,0,4693
1540,1,0,1,998,0,998
1541,4,0,4,4181,0,4181
1542,1,0,1,1697,0,1697
1543,1,0,1,1697,0,1697
1544,1,0,1,1697,0,1697
1545,3,0,3,543,0,543
1546,2,0,2,589,0,589
1547,2,0,2,589,0,589
1548,2,0,2,4159,0,4159
1549,1,0,1,1743,0,1743
1550,1,0,1,1743,0,1743
1551,1,0,1,1743,0,1743
1552,2,0,2,2587,0,2587
1553,1,0,1,1455,0,1455
1554,3,0,3,3334,0,3334
1555,3,0,3,3334,0,3334
1556,3,0,3,3334,0,3334
1557,3,0,3,3334,0,3334
1558,3,0,3,3334,0,3334
1559,3,0,3,3334,0,3334
1560,3,0,3,3334,0,3334
1561,3,0,3,3334,0,3334
1562,3,0,3,3334,0,3334
1563,3,0,3,3334,0,3334
1564,3,0,3,3334,0,3334
1565,3,0,3,3334,0,3334
1566,3,0,3,3334,0,3334
1567,3,0,3,3334,0,3334
1568,1,0,1,822,0,822
1569,1,0,1,1876,0,1876
1570,3,0,3,6085,0,6085
1571,1,0,1,4492,0,4492
1572,3,0,3,6611,0,6611
1573,1,0,1,888,0,888
1574,2,0,2,9723,0,9723
1575,2,0,2,1582,0,1582
1576,3,0,3,5603,0,5603
1577,8,0,8,16373,0,16373
1578,7,0,7,9509,0,9509
1579,7,0,7,7376,0,7376
1580,12,0,12,13905,0,13905
1581,9,0,9,10624,0,10624
1582,8,0,8,8619,0,8619
1583,12,0,12,13763,0,13763
1584,4,0,4,4369,0,4369
1585,3,0,3,12485,0,12485
1586,5,0,5,7866,0,7866
1587,1,0,1,612,0,612
1588,3,0,3,1704,0,1704
1589,9,0,9,15523,0,15523
1590,11,0,11,17989,0,17989
1591,15,0,15,22663,0,22663
1592,13,0,13,36554,0,36554
1593,19,0,19,43810,0,43810
1594,8,0,8,11477,0,11477
1595,6,0,6,12965,0,12965
1596,8,0,8,5808,0,5808
1597,9,0,9,6120,0,6120
1598,22,0,22,21383,0,21383
1599,20,0,20,22504,0,22504
1600,26,0,26,32056,0,32056
1601,20,0,20,29878,0,29878
1602,15,0,15,21701,0,21701
1603,5,0,5,8802,0,8802
1604,8,0,8,10908,0,10908
1605,10,0,10,19225,0,19225
1606,16,0,16,18113,0,18113
1607,6,0,6,4565,0,4565
1608,2,0,2,3362,0,3362
1609,6,0,6,2625,0,2625
1610,5,0,5,4780,0,4780
1611,4,0,4,2131,0,2131
1612,9,0,9,6816,0,6816
1613,16,0,16,7267,0,7267
1614,5,0,5,5309,0,5309
1615,5,0,5,5309,0,5309
1616,7,0,7,7045,0,7045
1617,3,0,3,2056,0,2056
1618,4,0,4,6187,0,6187
1619,8,0,8,10715,0,10715
1620,3,0,3,8555,0,8555
1621,68,0,68,44041,0,44041
1622,83,0,83,68693,0,68693
1623,10,0,10,11412,0,11412
1624,56,0,56,71786,0,71786
1625,54,0,54,64463,0,64463
1626,51,0,51,60238,0,60238
1627,40,0,40,57245,0,57245
1628,35,0,35,44187,0,44187
1629,46,0,46,55171,0,55171
1630,44,0,44,53679,0,53679
1631,6,0,6,11242,0,11242
1632,580,575,5,113252,108121,5131
1633,499,496,3,96380,92061,4319
1634,989,985,4,187429,176753,10676
1635,131,130,1,30276,26439,3837
1636,115,114,1,25164,21132,4032
1637,8,4,4,5889,1903,3986
1638,1058,1037,21,236196,209094,27102
1639,1345,1290,55,346775,281502,65273
1640,945,889,56,257863,197991,59872
1641,1401,1350,51,344050,289617,54433
1642,2121,2031,90,497416,439728,57688
1643,1238,1196,42,286068,258161,27907
1644,1893,1891,2,437632,432292,5340
1645,2885,2885,0,657495,657495,0
1646,2540,2459,81,612290,545736,66554
1647,1303,1162,141,353226,220848,132378
1648,1146,1130,16,253798,208457,45341
1649,1195,1136,59,286434,208759,77675
1650,880,816,64,269796,194387,75409
1651,1854,1793,61,491711,413462,78249
1652,690,621,69,213532,128769,84763
1653,55,0,55,63362,0,63362
1654,55,0,55,63362,0,63362
1655,55,0,55,63362,0,63362
1656,55,0,55,63362,0,63362
1657,1183,1183,0,294316,294316,0
1658,2267,2267,0,563992,563992,0
1659,2267,2267,0,563992,563992,0
1660,25,0,25,12345,0,12345
1661,97,0,97,54377,0,54377
1662,66,0,66,71457,0,71457
1663,69,1,68,76603,1782,74821
1664,7,1,6,9634,328,9306
1665,5,3,2,1244,721,523
1666,4,1,3,2181,972,1209
1667,357,357,0,64465,64465,0
1668,18,14,4,13066,7663,5403
1669,117,114,3,58260,53047,5213
1670,1055,1049,6,284888,276986,7902
1671,676,670,6,196287,187009,9278
1672,62,51,11,71144,55791,15353
1673,79,73,6,74010,65171,8839
1674,77,72,5,82255,77225,5030
1675,141,80,61,96991,66085,30906
1676,170,76,94,132075,69446,62629
1677,1209,1110,99,373810,310752,63058
1678,1109,1068,41,320228,277652,42576
1679,994,991,3,278760,271108,7652
1680,1243,1240,3,331323,327596,3727
1681,1549,1538,11,402808,388948,13860
1682,1835,1745,90,544073,435532,108541
1683,2470,2385,85,700738,602914,97824
1684,1194,1097,97,386756,274648,112108
1685,1937,1831,106,554470,427965,126505
1686,801,697,104,290667,156920,133747
1687,556,449,107,223666,96337,127329
1688,833,730,103,254331,139315,115016
1689,1137,1040,97,364327,247373,116954
1690,418,346,72,170787,92775,78012
1691,66,41,25,63301,20727,42574
1692,887,853,34,262571,213304,49267
1693,2328,2267,61,641625,558411,83214
1694,836,812,24,259302,225529,33773
1695,421,363,58,185222,107921,77301
1696,1333,1289,44,395587,348120,47467
1697,282,233,49,137559,87872,49687
1698,124,74,50,105467,47186,58281
1699,93,43,50,95590,32000,63590
1700,77,29,48,70856,19928,50928
1701,61,40,21,54880,28968,25912
1702,106,45,61,115659,46237,69422
1703,82,26,56,84714,19303,65411
1704,80,18,62,85792,15012,70780
1705,105,22,83,100214,17977,82237
1706,831,763,68,251556,194221,57335
1707,5279,5208,71,1356295,1288169,68126
1708,4104,4042,62,1071603,1005302,66301
1709,6278,6260,18,1591001,1566096,24905
1710,1496,1494,2,403635,402093,1542
1711,875,870,5,241091,233039,8052
1712,485,480,5,148612,132791,15821
1713,115,107,8,47531,39471,8060
1714,1093,1085,8,296837,288391,8446
1715,2887,2879,8,758230,744197,14033
1716,2351,2347,4,598093,594871,3222
1717,1823,1819,4,454828,449483,5345
1718,1938,1927,11,499186,485063,14123
1719,1642,1602,40,465246,413633,51613
1720,1674,1616,58,458677,394643,64034
1721,685,653,32,231112,194874,36238
1722,1245,1217,28,348285,311209,37076
1723,293,242,51,140822,80111,60711
1724,57,6,51,68807,7982,60825
1725,568,522,46,201961,152236,49725
1726,1097,1044,53,323381,265983,57398
1727,1936,1889,47,533607,484386,49221
1728,2332,2300,32,629930,591335,38595
1729,2279,2231,48,628001,568182,59819
1730,778,766,12,219298,203131,16167
1731,13,13,0,13791,13791,0
1732,14,13,1,13192,13158,34
1733,301,299,2,57477,56451,1026
1734,583,573,10,147492,136374,11118
1735,1218,1140,78,352877,282804,70073
1736,243,151,92,127419,37992,89427
1737,79,5,74,80066,5238,74828
1738,102,4,98,95713,3916,91797
1739,1139,1087,52,325337,272296,53041
1740,1791,1764,27,461625,429425,32200
1741,2117,2115,2,514984,509447,5537
1742,1583,1577,6,382871,372678,10193
1743,363,363,0,85198,85198,0
1744,4,3,1,2151,1809,342
1745,7,4,3,8750,7040,1710
1746,642,640,2,159697,157925,1772
1747,1862,1861,1,465491,463625,1866
1748,950,950,0,235655,235655,0
1749,35,0,35,43019,0,43019
1750,180,131,49,87976,32250,55726
1751,1398,1345,53,401838,333429,68409
1752,3593,3541,52,943730,880827,62903
1753,6282,6229,53,1609746,1547555,62191
1754,6963,6902,61,1786956,1715900,71056
1755,4919,4875,44,1349916,1299785,50131
1756,1318,1254,64,383047,314971,68076
1757,196,131,65,103865,34685,69180
1758,514,467,47,366380,314253,52127
1759,557,486,71,203569,120263,83306
1760,1005,932,73,316818,232626,84192
1761,794,716,78,262822,177082,85740
1762,1232,1184,48,372552,313935,58617
1763,1272,1206,66,396440,319177,77263
1764,1425,1366,59,414389,344125,70264
1765,1751,1697,54,481544,416771,64773
1766,1142,984,158,365982,239162,126820
1767,1857,1815,42,498872,453240,45632
1768,2006,1940,66,544410,479610,64800
1769,3157,3106,51,842162,784898,57264
1770,4025,3971,54,1070342,1005017,65325
1771,2979,2918,61,804005,732312,71693
1772,1906,1850,56,519928,452188,67740
1773,2734,2677,57,739749,652584,87165
1774,2475,2422,53,658542,590311,68231
1775,515,470,45,159331,103343,55988
1776,500,458,42,156606,97205,59401
1777,55,8,47,66445,6117,60328
1778,94,39,55,109193,40160,69033
1779,183,133,50,113955,60612,53343
1780,1265,1157,108,421027,308704,112323
1781,1529,1402,127,485969,349206,136763
1782,3899,3629,270,1079200,873411,205789
1783,3841,3735,106,969548,863464,106084
1784,3338,3245,93,830363,733421,96942
1785,2714,2604,110,719527,603041,116486
1786,2153,2078,75,565402,484127,81275
1787,1696,1634,62,494729,418072,76657
1788,539,476,63,222661,147395,75266
1789,94,49,45,90121,39343,50778
1790,1440,1390,50,431885,370241,61644
1791,2762,2705,57,772931,708245,64686
1792,2587,2567,20,649568,623141,26427
1793,831,821,10,152466,141427,11039
1794,1599,1590,9,382317,372730,9587
1795,2995,2989,6,736757,732293,4464
1796,2047,2038,9,525935,508913,17022
1797,4695,4688,7,1138277,1127290,10987
1798,2853,2843,10,637665,626638,11027
1799,2164,2153,11,547143,539103,8040
1800,1524,1518,6,367013,355132,11881
1801,1674,1653,21,428269,407353,20916
1802,4778,4719,59,1206035,1151867,54168
1803,3648,3586,62,955352,901126,54226
1804,1739,1695,44,461684,424117,37567
1805,3749,3734,15,900381,886428,13953
1806,4634,4626,8,1174842,1156321,18521
1807,274,270,4,85757,77381,8376
1808,1696,1692,4,423671,415362,8309
1809,1483,1479,4,363964,354163,9801
1810,67,66,1,38535,34404,4131
1811,29,22,7,37956,28106,9850
1812,29,23,6,24286,16405,7881
1813,15,7,8,9274,5952,3322
1814,449,444,5,110692,105824,4868
1815,1184,1180,4,279649,277925,1724
1816,1488,1479,9,359443,348491,10952
1817,1760,1758,2,442750,438006,4744
1818,356,354,2,93376,87600,5776
1819,103,102,1,30891,27524,3367
1820,1182,1182,0,297476,297476,0
1821,617,613,4,160844,156866,3978
1822,1000,999,1,255584,252923,2661
1823,599,598,1,152042,151943,99
1824,8,7,1,8154,7939,215
1825,2,2,0,1081,1081,0
1826,157,154,3,39823,38438,1385
1827,345,345,0,74874,74874,0
1828,468,468,0,111984,111984,0
1829,598,598,0,149896,149896,0
1830,680,673,7,165007,160284,4723
1831,666,635,31,171382,142536,28846
1832,1248,1213,35,308173,274440,33733
1833,2355,2304,51,567259,528117,39142
1834,1845,1768,77,449322,390148,59174
1835,3008,2962,46,703626,661976,41650
1836,2492,2429,63,558727,511524,47203
1837,3457,3457,0,918096,918096,0
1838,2640,2595,45,732511,699978,32533
1839,775,698,77,229015,174520,54495
1840,950,938,12,215779,207986,7793
1841,1274,1273,1,541400,540480,920
1842,1683,1683,0,623373,623373,0
1843,2383,2383,0,1228927,1228927,0
1844,881,843,38,309868,273116,36752
1845,51,7,44,54254,12142,42112
1846,978,942,36,283206,243976,39230
1847,839,792,47,253219,204721,48498
1848,79,5,74,79791,8691,71100
1849,59,4,55,52216,5769,46447
1850,481,481,0,143673,143673,0
1851,1071,1071,0,313560,313560,0
1852,179,179,0,51610,51610,0
1853,1,0,1,336,0,336
1854,1,0,1,217,0,217
1855,1368,1368,0,339600,339600,0
1856,1067,1067,0,265810,265810,0
1857,2307,2307,0,574009,574009,0
1858,3074,3074,0,767316,767316,0
1859,2076,2075,1,569260,568636,624
1860,528,528,0,149875,149875,0
1861,3197,3195,2,792541,790692,1849
1862,3130,3126,4,786063,780043,6020
1863,2260,2255,5,568638,561778,6860
1864,10,9,1,10328,9675,653
1865,5,3,2,8249,5509,2740
1866,10,5,5,20576,9684,10892
1867,1275,1273,2,321315,319576,1739
1868,2741,2739,2,783010,780783,2227
1869,5332,5327,5,1371071,1365577,5494
1870,4414,4413,1,1173837,1173008,829
1871,5461,5452,9,1435820,1432907,2913
1872,3819,3818,1,950891,950265,626
1873,2498,2496,2,609401,606747,2654
1874,2243,2239,4,557690,535426,22264
1875,1627,1617,10,398810,360753,38057
1876,2049,2044,5,532109,509765,22344
1877,3302,3299,3,894635,879409,15226
1878,1603,1602,1,514698,512980,1718
1879,1043,1038,5,297164,285762,11402
1880,1442,1435,7,433192,417711,15481
1881,1946,1939,7,541803,534455,7348
1882,2330,2326,4,648725,644276,4449
1883,1946,1944,2,571926,567037,4889
1884,1881,1878,3,544539,544127,412
1885,2047,2044,3,589912,589022,890
1886,1227,1219,8,361720,355255,6465
1887,2070,2067,3,601640,600192,1448
1888,2654,2649,5,770550,767464,3086
1889,2749,2745,4,769880,767278,2602
1890,2698,2688,10,685345,677549,7796
1891,1062,1056,6,277478,270540,6938
1892,11,10,1,3436,3287,149
1893,1021,1011,10,306560,297778,8782
1894,867,850,17,283466,245184,38282
1895,1595,1584,11,477370,456710,20660
1896,1129,1123,6,347819,329527,18292
1897,1795,1791,4,526462,520315,6147
1898,1527,1521,6,449119,442255,6864
1899,3362,3358,4,979201,970966,8235
1900,2498,2498,0,716719,716719,0
1901,2491,2489,2,700207,700101,106
1902,2028,2020,8,601262,584543,16719
1903,4019,4005,14,1135571,1117662,17909
1904,2683,2678,5,719533,709380,10153
1905,3908,3906,2,982242,979522,2720
1906,5993,5986,7,1537931,1523959,13972
1907,5630,5624,6,1460695,1451813,8882
1908,4855,4852,3,1277454,1271130,6324
1909,4522,4518,4,1162799,1159463,3336
1910,3767,3761,6,956695,945316,11379
1911,3549,3538,11,969915,957418,12497
1912,959,952,7,251745,239553,12192
1913,1433,1429,4,293949,288933,5016
1914,1131,1126,5,231796,220345,11451
1915,1059,1057,2,197373,196391,982
1916,2343,2343,0,576948,576948,0
1917,2231,2231,0,593796,593796,0
1918,2689,2685,4,663574,652121,11453
1919,4539,4536,3,1178980,1171100,7880
1920,4230,4228,2,1101255,1095449,5806
1921,2444,2443,1,589964,586442,3522
1922,2581,2573,8,666881,659325,7556
1923,2013,2012,1,621710,620916,794
1924,1032,1030,2,444517,443011,1506
1925,1026,1026,0,437887,437887,0
1926,356,356,0,156324,156324,0
1927,13,10,3,18010,15119,2891
1928,138,137,1,66862,65111,1751
1929,956,956,0,408529,408529,0
1930,655,655,0,282829,282829,0
1931,9,8,1,13927,13071,856
1932,9,9,0,10466,10466,0
1933,995,995,0,422447,422447,0
1934,2458,2458,0,903080,903080,0
1935,1734,1734,0,638945,638945,0
1936,1734,1734,0,638945,638945,0
1937,461,461,0,193275,193275,0
1938,1919,1919,0,690511,690511,0
1939,1070,1070,0,265149,265149,0
1940,2,0,2,4515,0,4515
1941,2,0,2,4515,0,4515
1942,330,330,0,139629,139629,0
1943,1456,1456,0,611221,611221,0
1944,1258,1258,0,528056,528056,0
1945,915,915,0,380355,380355,0
1946,1220,1220,0,503723,503723,0
1947,540,540,0,112282,112282,0
1948,826,826,0,171715,171715,0
1949,1547,1547,0,424659,424659,0
1950,1813,1813,0,477938,477938,0
1951,90,90,0,22192,22192,0
1952,1214,1214,0,508015,508015,0
1953,1471,1471,0,614983,614983,0
1954,2421,2421,0,1011581,1011581,0
1955,70,70,0,29054,29054,0
1956,1,0,1,799,0,799
1957,1,0,1,1224,0,1224
1958,4,4,0,2136,2136,0
1959,6,5,1,6057,5600,457
1960,6,6,0,6605,6605,0
1961,677,673,4,299509,294441,5068
1962,1589,1589,0,564948,564948,0
1963,3795,3792,3,1284462,1281695,2767
1964,4404,4397,7,1364766,1355813,8953
1965,2498,2485,13,737011,725531,11480
1966,934,921,13,244973,231922,13051
1967,20,1,19,18473,955,17518
1968,528,510,18,113117,94948,18169
1969,733,727,6,141487,136128,5359
1970,618,617,1,129924,128840,1084
1971,2784,2784,0,803547,803547,0
1972,2773,2772,1,813108,813006,102
1973,2073,2073,0,598004,598004,0
1974,2386,2384,2,1056651,1055485,1166
1975,3107,3105,2,1224563,1221544,3019
1976,2553,2550,3,1042920,1031656,11264
1977,3610,3609,1,1298588,1292417,6171
1978,5385,5379,6,1642961,1635078,7883
1979,3780,3775,5,1302454,1297136,5318
1980,2680,2669,11,1098906,1080131,18775
1981,2323,2316,7,970134,958473,11661
1982,2816,2810,6,978749,968349,10400
1983,1655,1648,7,598414,592004,6410
1984,2009,1997,12,605871,594600,11271
1985,1232,1227,5,480421,473024,7397
1986,1751,1748,3,602242,600461,1781
1987,2912,2908,4,973868,967399,6469
1988,4192,4190,2,1178110,1176995,1115
1989,3919,3919,0,1031952,1031952,0
1990,3052,3050,2,943836,942333,1503
1991,3724,3719,5,1129957,1117080,12877
1992,2653,2648,5,751836,747449,4387
1993,3726,3718,8,1055634,1048713,6921
1994,3131,3128,3,942410,939483,2927
1995,1937,1934,3,634743,626252,8491
1996,2278,2272,6,739338,734935,4403
1997,2397,2393,4,762428,754252,8176
1998,2355,2354,1,810002,809336,666
1999,1765,1764,1,595554,594966,588
2000,1488,1486,2,493648,492775,873
2001,1955,1953,2,669889,665596,4293
2002,2561,2557,4,837831,830917,6914
2003,3426,3422,4,778450,771827,6623
2004,3722,3719,3,836401,834929,1472
2005,3877,3874,3,894367,890069,4298
2006,2309,2307,2,653876,652255,1621
2007,3154,3150,4,921326,919382,1944
2008,3191,3187,4,933825,928349,5476
2009,2164,2156,8,740095,728764,11331
2010,3739,3734,5,1248209,1239090,9119
2011,2256,2254,2,768510,766131,2379
2012,2160,2158,2,728546,727642,904
2013,2840,2835,5,890179,886482,3697
2014,1900,1892,8,617192,607790,9402
2015,2756,2753,3,918217,917678,539
2016,2363,2362,1,726308,725517,791
2017,740,740,0,165075,165075,0
2018,180,178,2,79621,75485,4136
2019,436,434,2,304234,303749,485
2020,1202,1202,0,385020,385020,0
2021,1127,1127,0,241609,241609,0
2022,1474,1473,1,473908,473766,142
2023,1566,1566,0,710790,710790,0
2024,1406,1404,2,684590,684182,408
2025,806,806,0,584419,584419,0
2026,2284,2284,0,947818,947818,0
2027,2316,2316,0,737630,737630,0
2028,1896,1896,0,616263,616263,0
2029,1576,1575,1,623800,623481,319
2030,384,384,0,278277,278277,0
2031,2,2,0,3673,3673,0
2032,2,2,0,3021,3021,0
2033,85,85,0,62359,62359,0
2034,401,401,0,291388,291388,0
2035,382,382,0,278834,278834,0
2036,814,814,0,586702,586702,0
2037,958,957,1,660482,659613,869
2038,1664,1663,1,638833,637018,1815
2039,944,944,0,453276,453276,0
2040,438,437,1,315714,315433,281
2041,359,359,0,263735,263735,0
2042,487,486,1,352550,350238,2312
2043,383,382,1,278180,274891,3289
2044,117,117,0,84083,84083,0
2045,378,378,0,274836,274836,0
2046,495,495,0,355850,355850,0
2047,427,427,0,306046,306046,0
2048,1172,1172,0,487311,487311,0
2049,1630,1627,3,535280,530781,4499
2050,1373,1371,2,544557,539781,4776
2051,1697,1697,0,598633,598633,0
2052,1534,1531,3,609949,607662,2287
2053,1530,1526,4,617050,615682,1368
2054,1547,1544,3,628684,627548,1136
2055,1073,1057,16,617854,602393,15461
2056,736,715,21,546228,523237,22991
2057,386,358,28,297606,265664,31942
2058,1940,1906,34,764617,727483,37134
2059,3886,3862,24,1357347,1333983,23364
2060,3745,3729,16,1286750,1271214,15536
2061,3810,3795,15,1479859,1463388,16471
2062,1770,1749,21,765765,746628,19137
2063,1866,1854,12,840243,819928,20315
2064,1574,1568,6,797800,789999,7801
2065,877,874,3,636800,633440,3360
2066,912,907,5,659161,653358,5803
2067,885,883,2,638438,635815,2623
2068,1723,1718,5,1216134,1211173,4961
2069,966,963,3,688805,682967,5838
2070,1240,1236,4,882057,876747,5310
2071,1617,1605,12,1161577,1142084,19493
2072,1459,1450,9,1041728,1031812,9916
2073,995,990,5,714234,708953,5281
2074,1268,1260,8,775141,766493,8648
2075,1325,1314,11,833743,811354,22389
2076,1963,1954,9,1072922,1059510,13412
2077,2292,2273,19,974618,928182,46436
2078,1449,1425,24,618977,562290,56687
2079,1191,1182,9,482924,471998,10926
2080,423,416,7,284078,279101,4977
2081,575,554,21,407899,376066,31833
2082,687,669,18,396174,357328,38846
2083,1600,1574,26,597516,561632,35884
2084,1724,1698,26,685579,655117,30462
2085,1315,1296,19,561365,538986,22379
2086,1347,1342,5,559090,555022,4068
2087,498,478,20,376454,350466,25988
2088,438,435,3,305623,304237,1386
2089,457,454,3,327906,321707,6199
2090,487,485,2,345481,344293,1188
2091,1339,1332,7,945195,936439,8756
2092,1052,1044,8,746462,737223,9239
2093,1152,1145,7,819094,811632,7462
2094,167,165,2,119079,117647,1432
2095,654,645,9,457290,451653,5637
2096,1129,1112,17,796553,786865,9688
2097,1340,1331,9,947012,940387,6625
2098,1779,1747,32,1080503,1050382,30121
2099,2676,2668,8,1414441,1403324,11117
2100,2632,2622,10,1275444,1264005,11439
2101,3430,3406,24,1198066,1178037,20029
2102,2509,2501,8,798421,784225,14196
2103,3723,3717,6,1118698,1107983,10715
2104,3448,3395,53,1113563,1048013,65550
2105,3690,3685,5,912465,908764,3701
2106,766,757,9,196033,183635,12398
2107,21,12,9,19970,8155,11815
2108,82,74,8,60414,50385,10029
2109,914,913,1,207323,206342,981
2110,462,456,6,122087,99511,22576
2111,1127,1121,6,295869,245715,50154
2112,1229,1225,4,295254,268413,26841
2113,350,344,6,87074,82063,5011
2114,439,436,3,315321,313143,2178
2115,1339,1339,0,509543,509543,0
2116,1536,1536,0,549275,549275,0
2117,1312,1311,1,476629,476172,457
2118,1820,1818,2,638424,636427,1997
2119,1252,1252,0,466435,466435,0
2120,1579,1579,0,573331,573331,0
2121,799,799,0,369196,369196,0
2122,739,739,0,157179,157179,0
2123,1046,1046,0,222743,222743,0
2124,950,949,1,205411,205155,256
2125,1039,1039,0,222200,222200,0
2126,1258,1257,1,265394,265330,64
2127,1249,1249,0,265877,265877,0
2128,1343,1342,1,416970,415603,1367
2129,1602,1602,0,577635,577635,0
2130,1438,1438,0,531609,531609,0
2131,823,823,0,398209,398209,0
2132,526,526,0,370426,370426,0
2133,399,399,0,284292,284292,0
2134,440,440,0,312735,312735,0
2135,441,441,0,310614,310614,0
2136,441,441,0,310614,310614,0
2137,441,441,0,310614,310614,0
2138,441,441,0,310614,310614,0
2139,441,441,0,310614,310614,0
2140,441,441,0,310614,310614,0
2141,441,441,0,310614,310614,0
2142,319,319,0,225040,225040,0
2143,599,599,0,421030,421030,0
2144,549,549,0,386061,386061,0
2145,588,588,0,419216,419216,0
2146,574,573,1,404233,401808,2425
2147,541,540,1,381894,381146,748
2148,297,295,2,205965,205367,598
2149,16,13,3,7394,5058,2336
2150,576,570,6,128509,125090,3419
2151,2662,2653,9,641219,625749,15470
2152,1166,1157,9,299126,291881,7245
2153,1385,1382,3,363950,360186,3764
2154,1774,1752,22,483803,460595,23208
2155,1569,1541,28,559787,533420,26367
2156,734,728,6,350098,346218,3880
2157,1300,1284,16,531060,518511,12549
2158,1728,1717,11,683399,672594,10805
2159,1563,1559,4,584783,583598,1185
2160,1252,1249,3,505596,503211,2385
2161,707,706,1,465177,462907,2270
2162,637,636,1,307887,307249,638
2163,10,10,0,10333,10333,0
2164,22,15,7,19019,10673,8346
2165,12,8,4,14060,6595,7465
2166,201,188,13,62389,48139,14250
2167,943,903,40,250831,203396,47435
2168,972,948,24,266468,202097,64371
2169,608,596,12,297967,260652,37315
2170,1438,1420,18,558931,536105,22826
2171,856,841,15,450566,430389,20177
2172,1433,1424,9,582125,575307,6818
2173,1575,1562,13,598353,584448,13905
2174,2118,2089,29,733755,691282,42473
2175,661,648,13,390319,378622,11697
2176,439,418,21,307486,291003,16483
2177,108,92,16,113603,92769,20834
2178,62,48,14,52929,30189,22740
2179,47,32,15,43589,24703,18886
2180,51,33,18,53438,28709,24729
2181,24,17,7,32094,19765,12329
2182,40,27,13,42440,22037,20403
2183,412,408,4,288345,286463,1882
2184,319,317,2,225506,219699,5807
2185,548,544,4,396470,388468,8002
2186,560,547,13,401951,390680,11271
2187,508,503,5,357524,348847,8677
2188,539,532,7,377164,367076,10088
2189,477,470,7,340280,331520,8760
2190,283,269,14,208772,189227,19545
2191,103,59,44,118933,63873,55060
2192,54,41,13,49966,34027,15939
2193,144,84,60,131387,67355,64032
2194,106,90,16,97650,84937,12713
2195,44,28,16,42829,23707,19122
2196,347,291,56,195727,135358,60369
2197,1202,1180,22,467304,434856,32448
2198,751,742,9,380814,361741,19073
2199,519,515,4,386554,379094,7460
2200,535,526,9,388570,373907,14663
2201,561,526,35,472349,369644,102705
2202,526,515,11,405498,370655,34843
2203,491,487,4,342263,339955,2308
2204,314,303,11,222892,206921,15971
2205,48,34,14,44901,22237,22664
2206,45,43,2,33368,29362,4006
2207,9,6,3,5334,3276,2058
2208,9,3,6,4869,1706,3163
2209,15,1,14,21944,1469,20475
2210,3,2,1,4396,3612,784
2211,6,0,6,5753,0,5753
2212,16,6,10,19341,9730,9611
2213,2,2,0,596,596,0
2214,379,379,0,262340,262340,0
2215,501,501,0,350400,350400,0
2216,521,521,0,363148,363148,0
2217,531,531,0,368751,368751,0
2218,483,483,0,336584,336584,0
2219,691,691,0,339878,339878,0
2220,1572,1572,0,573334,573334,0
2221,144,144,0,100045,100045,0
2222,4,4,0,2381,2381,0
2223,6,6,0,7599,7599,0
2224,18,18,0,28428,28428,0
2225,15,15,0,20327,20327,0
2226,14,14,0,19930,19930,0
2227,46,46,0,36011,36011,0
2228,482,482,0,340785,340785,0
2229,380,380,0,267278,267278,0
2230,561,561,0,392342,392342,0
2231,566,566,0,398600,398600,0
2232,543,543,0,381890,381890,0
2233,591,591,0,412213,412213,0
2234,319,319,0,224056,224056,0
2235,319,319,0,224056,224056,0
2236,1,1,0,1503,1503,0
2237,1,1,0,1503,1503,0
2238,1,1,0,1503,1503,0
2239,1,1,0,1503,1503,0
2240,1,1,0,1503,1503,0
2241,679,679,0,359381,359381,0
2242,1622,1622,0,572569,572569,0
2243,548,543,5,388269,377877,10392
2244,521,520,1,367616,366883,733
2245,508,505,3,360426,359217,1209
2246,520,512,8,378786,369508,9278
2247,539,524,15,403113,379010,24103
2248,114,95,19,106072,77191,28881
2249,86,42,44,88820,50534,38286
2250,182,51,131,144147,39791,104356
2251,65,38,27,66030,37397,28633
2252,56,35,21,58918,28129,30789
2253,97,42,55,85109,30917,54192
2254,61,31,30,50945,26907,24038
2255,126,29,97,86828,18938,67890
2256,65,17,48,53190,9741,43449
2257,496,475,21,94876,76151,18725
2258,1199,1118,81,233523,167851,65672
2259,1122,1021,101,222655,150947,71708
2260,974,898,76,213844,143014,70830
2261,1057,893,164,259456,129993,129463
2262,161,21,140,124452,19706,104746
2263,113,24,89,106528,27920,78608
2264,152,32,120,124799,32103,92696
2265,54,22,32,54016,15178,38838
2266,137,25,112,118098,25353,92745
2267,721,653,68,205061,146617,58444
2268,805,781,24,218625,181717,36908
2269,60,37,23,91102,49637,41465
2270,162,43,119,109677,38322,71355
2271,294,61,233,161810,54324,107486
2272,74,43,31,81435,45407,36028
2273,117,74,43,107660,60624,47036
2274,174,124,50,110740,58814,51926
2275,139,108,31,98367,49560,48807
2276,129,62,67,101913,57351,44562
2277,67,36,31,88583,42847,45736
2278,50,27,23,72246,17860,54386
2279,42,22,20,79514,17310,62204
2280,47,20,27,55956,12594,43362
2281,40,10,30,54542,9639,44903
2282,64,13,51,75605,8757,66848
2283,109,19,90,120650,12904,107746
2284,34,9,25,43553,7969,35584
2285,143,117,26,149712,118356,31356
2286,36,17,19,36607,10490,26117
2287,58,38,20,54702,26234,28468
2288,45,18,27,44148,10605,33543
2289,50,21,29,61319,20126,41193
2290,37,16,21,38436,12420,26016
2291,39,16,23,51372,22284,29088
2292,39,15,24,63863,14017,49846
2293,43,17,26,95178,20584,74594
2294,51,28,23,88657,19807,68850
2295,1385,1369,16,322008,287674,34334
2296,40,8,32,47207,5627,41580
2297,51,25,26,80204,26080,54124
2298,49,25,24,64292,26532,37760
2299,38,12,26,46318,11544,34774
2300,45,15,30,57004,11908,45096
2301,69,46,23,53063,12633,40430
2302,1444,1425,19,337071,312287,24784
2303,2394,2354,40,557991,523399,34592
2304,1252,1201,51,303311,264305,39006
2305,440,389,51,128677,88475,40202
2306,1780,1728,52,427404,381950,45454
2307,2421,2319,102,576043,510468,65575
2308,1899,1797,102,475994,396625,79369
2309,1311,1307,4,315344,299523,15821
2310,5,5,0,2003,2003,0
2311,196,125,71,102544,38384,64160
2312,177,9,168,142482,13915,128567
2313,235,7,228,172481,11990,160491
2314,215,0,215,153631,0,153631
2315,7,4,3,6245,1582,4663
2316,6,6,0,2481,2481,0
2317,11,9,2,6875,3818,3057
2318,896,893,3,366524,362114,4410
2319,1022,1021,1,416891,414646,2245
2320,950,950,0,386345,386345,0
2321,1225,1225,0,434312,434312,0
2322,1778,1778,0,522368,522368,0
2323,980,980,0,393730,393730,0
2324,1017,1017,0,415124,415124,0
2325,954,954,0,389046,389046,0
2326,867,867,0,353422,353422,0
2327,1005,1005,0,410723,410723,0
2328,1021,1021,0,418620,418620,0
2329,924,924,0,380665,380665,0
2330,829,829,0,341124,341124,0
2331,741,741,0,306475,306475,0
2332,739,739,0,305523,305523,0
2333,712,712,0,297097,297097,0
2334,965,965,0,402283,402283,0
2335,999,999,0,418777,418777,0
2336,929,929,0,378900,378900,0
2337,68,68,0,28008,28008,0
2338,1,0,1,845,0,845
2339,7,3,4,2755,405,2350
2340,15,10,5,5654,1864,3790
2341,209,208,1,45658,45575,83
2342,1311,1307,4,293693,288838,4855
2343,719,715,4,177871,170543,7328
2344,35,31,4,16363,12185,4178
2345,26,17,9,15875,5758,10117
2346,34,30,4,19513,16267,3246
2347,851,842,9,202444,189050,13394
2348,836,832,4,215040,213057,1983
2349,1048,1043,5,351233,348942,2291
2350,775,772,3,270689,265634,5055
2351,296,286,10,107811,97692,10119
2352,363,358,5,128881,93038,35843
2353,952,945,7,234702,224294,10408
2354,1245,1240,5,345900,310358,35542
2355,1090,1084,6,393555,328533,65022
2356,710,710,0,227423,227423,0
2357,687,681,6,227941,222905,5036
2358,926,916,10,317218,299185,18033
2359,987,981,6,281565,274304,7261
2360,2001,1988,13,544553,537435,7118
2361,2338,2331,7,670095,633772,36323
2362,2255,2244,11,632013,619830,12183
2363,1256,1238,18,463728,420913,42815
2364,994,980,14,383739,355827,27912
2365,877,848,29,343178,319322,23856
2366,695,676,19,256087,239269,16818
2367,610,603,7,259917,246006,13911
2368,806,791,15,324159,313792,10367
2369,1340,1330,10,432328,424711,7617
2370,2316,2309,7,660107,655305,4802
2371,1800,1780,20,605168,587173,17995
2372,1647,1637,10,581683,565990,15693
2373,1413,1409,4,479549,473015,6534
2374,1543,1536,7,510313,504787,5526
2375,1201,1195,6,558313,553780,4533
2376,1368,1362,6,619091,616296,2795
2377,1031,1028,3,490011,483149,6862
2378,1306,1303,3,608448,606390,2058
2379,1104,1073,31,520414,503776,16638
2380,1245,1212,33,597297,566836,30461
2381,1485,1478,7,686181,679231,6950
2382,1191,1169,22,572894,549900,22994
2383,1130,1125,5,465421,463207,2214
2384,635,626,9,259574,252603,6971
2385,1078,1059,19,371576,349259,22317
2386,280,264,16,157119,142513,14606
2387,42,22,20,55520,28294,27226
2388,39,18,21,49023,16403,32620
2389,37,18,19,24379,14213,10166
2390,41,17,24,39081,23003,16078
2391,38,23,15,28964,22458,6506
2392,644,628,16,265704,247513,18191
2393,1194,1184,10,484375,467898,16477
2394,1758,1749,9,702068,679152,22916
2395,1533,1528,5,599411,593042,6369
2396,1269,1268,1,495511,493764,1747
2397,637,634,3,250864,248459,2405
2398,28,14,14,31628,17504,14124
2399,31,14,17,27448,7757,19691
2400,7,6,1,7018,6803,215
2401,2,2,0,1081,1081,0
2402,104,101,3,26730,25345,1385
2403,317,317,0,69234,69234,0
2404,468,468,0,111984,111984,0
2405,598,598,0,149896,149896,0
2406,680,673,7,165007,160284,4723
2407,666,635,31,171382,142536,28846
2408,1248,1213,35,308173,274440,33733
2409,2355,2304,51,567259,528117,39142
2410,1845,1768,77,449322,390148,59174
2411,3008,2962,46,703626,661976,41650
2412,2492,2429,63,558727,511524,47203
2413,3457,3457,0,918096,918096,0
2414,2640,2595,45,732511,699978,32533
2415,775,698,77,229015,174520,54495
2416,950,938,12,215779,207986,7793
2417,1274,1273,1,541400,540480,920
2418,1683,1683,0,623373,623373,0
2419,2383,2383,0,1228927,1228927,0
2420,881,843,38,309868,273116,36752
2421,51,7,44,54254,12142,42112
2422,978,942,36,283206,243976,39230
2423,839,792,47,253219,204721,48498
2424,79,5,74,79791,8691,71100
2425,59,4,55,52216,5769,46447
2426,481,481,0,143673,143673,0
2427,1071,1071,0,313560,313560,0
2428,179,179,0,51610,51610,0
2429,1,0,1,336,0,336
2430,1,0,1,217,0,217
2431,1368,1368,0,339600,339600,0
2432,1067,1067,0,265810,265810,0
2433,2307,2307,0,574009,574009,0
2434,3074,3074,0,767316,767316,0
2435,2076,2075,1,569260,568636,624
2436,528,528,0,149875,149875,0
2437,3197,3195,2,792541,790692,1849
2438,3130,3126,4,786063,780043,6020
2439,2260,2255,5,568638,561778,6860
2440,10,9,1,10328,9675,653
2441,5,3,2,8249,5509,2740
2442,10,5,5,20576,9684,10892
2443,1275,1273,2,321315,319576,1739
2444,2741,2739,2,783010,780783,2227
2445,5332,5327,5,1371071,1365577,5494
2446,4414,4413,1,1173837,1173008,829
2447,5461,5452,9,1435820,1432907,2913
2448,3819,3818,1,950891,950265,626
2449,2498,2496,2,609401,606747,2654
2450,2243,2239,4,557690,535426,22264
2451,1627,1617,10,398810,360753,38057
2452,2049,2044,5,532109,509765,22344
2453,3302,3299,3,894635,879409,15226
2454,1603,1602,1,514698,512980,1718
2455,1043,1038,5,297164,285762,11402
2456,1442,1435,7,433192,417711,15481
2457,1946,1939,7,541803,534455,7348
2458,2330,2326,4,648725,644276,4449
2459,1946,1944,2,571926,567037,4889
2460,1881,1878,3,544539,544127,412
2461,2047,2044,3,589912,589022,890
2462,1227,1219,8,361720,355255,6465
2463,2070,2067,3,601640,600192,1448
2464,2654,2649,5,770550,767464,3086
2465,2749,2745,4,769880,767278,2602
2466,2698,2688,10,685345,677549,7796
2467,1062,1056,6,277478,270540,6938
2468,11,10,1,3436,3287,149
2469,1021,1011,10,306560,297778,8782
2470,867,850,17,283466,245184,38282
2471,1595,1584,11,477370,456710,20660
2472,1129,1123,6,347819,329527,18292
2473,1795,1791,4,526462,520315,6147
2474,1527,1521,6,449119,442255,6864
2475,3362,3358,4,979201,970966,8235
2476,2498,2498,0,716719,716719,0
2477,2491,2489,2,700207,700101,106
2478,2028,2020,8,601262,584543,16719
2479,4019,4005,14,1135571,1117662,17909
2480,2683,2678,5,719533,709380,10153
2481,3908,3906,2,982242,979522,2720
2482,5993,5986,7,1537931,1523959,13972
2483,5630,5624,6,1460695,1451813,8882
2484,4855,4852,3,1277454,1271130,6324
2485,4522,4518,4,1162799,1159463,3336
2486,3767,3761,6,956695,945316,11379
2487,3549,3538,11,969915,957418,12497
2488,959,952,7,251745,239553,12192
2489,1433,1429,4,293949,288933,5016
2490,1131,1126,5,231796,220345,11451
2491,1059,1057,2,197373,196391,982
2492,2343,2343,0,576948,576948,0
2493,2231,2231,0,593796,593796,0
2494,2689,2685,4,663574,652121,11453
2495,4539,4536,3,1178980,1171100,7880
2496,4230,4228,2,1101255,1095449,5806
2497,2444,2443,1,589964,586442,3522
2498,2581,2573,8,666881,659325,7556
2499,2013,2012,1,621710,620916,794
2500,1032,1030,2,444517,443011,1506
2501,1026,1026,0,437887,437887,0
2502,356,356,0,156324,156324,0
2503,13,10,3,18010,15119,2891
2504,138,137,1,66862,65111,1751
2505,956,956,0,408529,408529,0
2506,655,655,0,282829,282829,0
2507,9,8,1,13927,13071,856
2508,9,9,0,10466,10466,0
2509,995,995,0,422447,422447,0
2510,2458,2458,0,903080,903080,0
2511,1734,1734,0,638945,638945,0
2512,1734,1734,0,638945,638945,0
2513,461,461,0,193275,193275,0
2514,1919,1919,0,690511,690511,0
2515,1070,1070,0,265149,265149,0
2516,2,0,2,4515,0,4515
2517,2,0,2,4515,0,4515
2518,330,330,0,139629,139629,0
2519,1456,1456,0,611221,611221,0
2520,1258,1258,0,528056,528056,0
2521,915,915,0,380355,380355,0
2522,1220,1220,0,503723,503723,0
2523,540,540,0,112282,112282,0
2524,826,826,0,171715,171715,0
2525,1547,1547,0,424659,424659,0
2526,1813,1813,0,477938,477938,0
2527,90,90,0,22192,22192,0
2528,1214,1214,0,508015,508015,0
2529,1471,1471,0,614983,614983,0
2530,2421,2421,0,1011581,1011581,0
2531,70,70,0,29054,29054,0
2532,1,0,1,799,0,799
2533,1,0,1,1224,0,1224
2534,4,4,0,2136,2136,0
2535,6,5,1,6057,5600,457
2536,6,6,0,6605,6605,0
2537,677,673,4,299509,294441,5068
2538,1589,1589,0,564948,564948,0
2539,3795,3792,3,1284462,1281695,2767
2540,4404,4397,7,1364766,1355813,8953
2541,2498,2485,13,737011,725531,11480
2542,934,921,13,244973,231922,13051
2543,20,1,19,18473,955,17518
2544,528,510,18,113117,94948,18169
2545,733,727,6,141487,136128,5359
2546,618,617,1,129924,128840,1084
2547,2784,2784,0,803547,803547,0
2548,2773,2772,1,813108,813006,102
2549,2073,2073,0,598004,598004,0
2550,2386,2384,2,1056651,1055485,1166
2551,3107,3105,2,1224563,1221544,3019
2552,2553,2550,3,1042920,1031656,11264
2553,3610,3609,1,1298588,1292417,6171
2554,5385,5379,6,1642961,1635078,7883
2555,3780,3775,5,1302454,1297136,5318
2556,2680,2669,11,1098906,1080131,18775
2557,2323,2316,7,970134,958473,11661
2558,2816,2810,6,978749,968349,10400
2559,1655,1648,7,598414,592004,6410
2560,2009,1997,12,605871,594600,11271
2561,1232,1227,5,480421,473024,7397
2562,1751,1748,3,602242,600461,1781
2563,2912,2908,4,973868,967399,6469
2564,4192,4190,2,1178110,1176995,1115
2565,3919,3919,0,1031952,1031952,0
2566,3052,3050,2,943836,942333,1503
2567,3724,3719,5,1129957,1117080,12877
2568,2653,2648,5,751836,747449,4387
2569,3726,3718,8,1055634,1048713,6921
2570,3131,3128,3,942410,939483,2927
2571,1937,1934,3,634743,626252,8491
2572,2278,2272,6,739338,734935,4403
2573,2397,2393,4,762428,754252,8176
2574,2355,2354,1,810002,809336,666
2575,1765,1764,1,595554,594966,588
2576,1488,1486,2,493648,492775,873
2577,1955,1953,2,669889,665596,4293
2578,2561,2557,4,837831,830917,6914
2579,3426,3422,4,778450,771827,6623
2580,3722,3719,3,836401,834929,1472
2581,3877,3874,3,894367,890069,4298
2582,2309,2307,2,653876,652255,1621
2583,3154,3150,4,921326,919382,1944
2584,3191,3187,4,933825,928349,5476
2585,2164,2156,8,740095,728764,11331
2586,3739,3734,5,1248209,1239090,9119
2587,2256,2254,2,768510,766131,2379
2588,2160,2158,2,728546,727642,904
2589,2840,2835,5,890179,886482,3697
2590,1900,1892,8,617192,607790,9402
2591,2756,2753,3,918217,917678,539
2592,2363,2362,1,726308,725517,791
2593,740,740,0,165075,165075,0
2594,180,178,2,79621,75485,4136
2595,436,434,2,304234,303749,485
2596,1202,1202,0,385020,385020,0
2597,1127,1127,0,241609,241609,0
2598,1474,1473,1,473908,473766,142
2599,1566,1566,0,710790,710790,0
2600,1406,1404,2,684590,684182,408
2601,806,806,0,584419,584419,0
2602,2284,2284,0,947818,947818,0
2603,2316,2316,0,737630,737630,0
2604,1896,1896,0,616263,616263,0
2605,1576,1575,1,623800,623481,319
2606,384,384,0,278277,278277,0
2607,2,2,0,3673,3673,0
2608,2,2,0,3021,3021,0
2609,85,85,0,62359,62359,0
2610,401,401,0,291388,291388,0
2611,382,382,0,278834,278834,0
2612,814,814,0,586702,586702,0
2613,958,957,1,660482,659613,869
2614,1664,1663,1,638833,637018,1815
2615,944,944,0,453276,453276,0
2616,438,437,1,315714,315433,281
2617,359,359,0,263735,263735,0
2618,487,486,1,352550,350238,2312
2619,383,382,1,278180,274891,3289
2620,117,117,0,84083,84083,0
2621,378,378,0,274836,274836,0
2622,495,495,0,355850,355850,0
2623,427,427,0,306046,306046,0
2624,1172,1172,0,487311,487311,0
2625,1630,1627,3,535280,530781,4499
2626,1373,1371,2,544557,539781,4776
2627,1697,1697,0,598633,598633,0
2628,1534,1531,3,609949,607662,2287
2629,1530,1526,4,617050,615682,1368
2630,1547,1544,3,628684,627548,1136
2631,1073,1057,16,617854,602393,15461
2632,736,715,21,546228,523237,22991
2633,386,358,28,297606,265664,31942
2634,1940,1906,34,764617,727483,37134
2635,3886,3862,24,1357347,1333983,23364
2636,3745,3729,16,1286750,1271214,15536
2637,3810,3795,15,1479859,1463388,16471
2638,1770,1749,21,765765,746628,19137
2639,1866,1854,12,840243,819928,20315
2640,1574,1568,6,797800,789999,7801
2641,877,874,3,636800,633440,3360
2642,912,907,5,659161,653358,5803
2643,885,883,2,638438,635815,2623
2644,1723,1718,5,1216134,1211173,4961
2645,966,963,3,688805,682967,5838
2646,1240,1236,4,882057,876747,5310
2647,1617,1605,12,1161577,1142084,19493
2648,1459,1450,9,1041728,1031812,9916
2649,995,990,5,714234,708953,5281
2650,1268,1260,8,775141,766493,8648
2651,1325,1314,11,833743,811354,22389
2652,1963,1954,9,1072922,1059510,13412
2653,2292,2273,19,974618,928182,46436
2654,1449,1425,24,618977,562290,56687
2655,1191,1182,9,482924,471998,10926
2656,423,416,7,284078,279101,4977
2657,575,554,21,407899,376066,31833
2658,687,669,18,396174,357328,38846
2659,1600,1574,26,597516,561632,35884
2660,1724,1698,26,685579,655117,30462
2661,1315,1296,19,561365,538986,22379
2662,1347,1342,5,559090,555022,4068
2663,498,478,20,376454,350466,25988
2664,438,435,3,305623,304237,1386
2665,457,454,3,327906,321707,6199
2666,487,485,2,345481,344293,1188
2667,1339,1332,7,945195,936439,8756
2668,1052,1044,8,746462,737223,9239
2669,1152,1145,7,819094,811632,7462
2670,167,165,2,119079,117647,1432
2671,654,645,9,457290,451653,5637
2672,1129,1112,17,796553,786865,9688
2673,1340,1331,9,947012,940387,6625
2674,1779,1747,32,1080503,1050382,30121
2675,2676,2668,8,1414441,1403324,11117
2676,2632,2622,10,1275444,1264005,11439
2677,3430,3406,24,1198066,1178037,20029
2678,2509,2501,8,798421,784225,14196
2679,3723,3717,6,1118698,1107983,10715
2680,3448,3395,53,1113563,1048013,65550
2681,3690,3685,5,912465,908764,3701
2682,766,757,9,196033,183635,12398
2683,21,12,9,19970,8155,11815
2684,82,74,8,60414,50385,10029
2685,914,913,1,207323,206342,981
2686,462,456,6,122087,99511,22576
2687,1127,1121,6,295869,245715,50154
2688,1229,1225,4,295254,268413,26841
2689,350,344,6,87074,82063,5011
2690,439,436,3,315321,313143,2178
2691,1339,1339,0,509543,509543,0
2692,1536,1536,0,549275,549275,0
2693,1312,1311,1,476629,476172,457
2694,1820,1818,2,638424,636427,1997
2695,1252,1252,0,466435,466435,0
2696,1579,1579,0,573331,573331,0
2697,799,799,0,369196,369196,0
2698,739,739,0,157179,157179,0
2699,1046,1046,0,222743,222743,0
2700,950,949,1,205411,205155,256
2701,1039,1039,0,222200,222200,0
2702,1258,1257,1,265394,265330,64
2703,1249,1249,0,265877,265877,0
2704,1343,1342,1,416970,415603,1367
2705,1602,1602,0,577635,577635,0
2706,1438,1438,0,531609,531609,0
2707,823,823,0,398209,398209,0
2708,526,526,0,370426,370426,0
2709,399,399,0,284292,284292,0
2710,440,440,0,312735,312735,0
2711,441,441,0,310614,310614,0
2712,441,441,0,310614,310614,0
2713,441,441,0,310614,310614,0
2714,441,441,0,310614,310614,0
2715,441,441,0,310614,310614,0
2716,441,441,0,310614,310614,0
2717,441,441,0,310614,310614,0
2718,319,319,0,225040,225040,0
2719,599,599,0,421030,421030,0
2720,549,549,0,386061,386061,0
2721,588,588,0,419216,419216,0
2722,574,573,1,404233,401808,2425
2723,541,540,1,381894,381146,748
2724,297,295,2,205965,205367,598
2725,16,13,3,7394,5058,2336
2726,576,570,6,128509,125090,3419
2727,2662,2653,9,641219,625749,15470
2728,1166,1157,9,299126,291881,7245
2729,1385,1382,3,363950,360186,3764
2730,1774,1752,22,483803,460595,23208
2731,1569,1541,28,559787,533420,26367
2732,734,728,6,350098,346218,3880
2733,1300,1284,16,531060,518511,12549
2734,1728,1717,11,683399,672594,10805
2735,1563,1559,4,584783,583598,1185
2736,1252,1249,3,505596,503211,2385
2737,707,706,1,465177,462907,2270
2738,637,636,1,307887,307249,638
2739,10,10,0,10333,10333,0
2740,22,15,7,19019,10673,8346
2741,12,8,4,14060,6595,7465
2742,201,188,13,62389,48139,14250
2743,943,903,40,250831,203396,47435
2744,972,948,24,266468,202097,64371
2745,608,596,12,297967,260652,37315
2746,1438,1420,18,558931,536105,22826
2747,856,841,15,450566,430389,20177
2748,1433,1424,9,582125,575307,6818
2749,1575,1562,13,598353,584448,13905
2750,2118,2089,29,733755,691282,42473
2751,661,648,13,390319,378622,11697
2752,439,418,21,307486,291003,16483
2753,108,92,16,113603,92769,20834
2754,62,48,14,52929,30189,22740
2755,47,32,15,43589,24703,18886
2756,51,33,18,53438,28709,24729
2757,24,17,7,32094,19765,12329
2758,40,27,13,42440,22037,20403
2759,412,408,4,288345,286463,1882
2760,319,317,2,225506,219699,5807
2761,548,544,4,396470,388468,8002
2762,560,547,13,401951,390680,11271
2763,508,503,5,357524,348847,8677
2764,539,532,7,377164,367076,10088
2765,477,470,7,340280,331520,8760
2766,283,269,14,208772,189227,19545
2767,103,59,44,118933,63873,55060
2768,54,41,13,49966,34027,15939
2769,144,84,60,131387,67355,64032
2770,106,90,16,97650,84937,12713
2771,44,28,16,42829,23707,19122
2772,347,291,56,195727,135358,60369
2773,1202,1180,22,467304,434856,32448
2774,751,742,9,380814,361741,19073
2775,519,515,4,386554,379094,7460
2776,535,526,9,388570,373907,14663
2777,561,526,35,472349,369644,102705
2778,526,515,11,405498,370655,34843
2779,491,487,4,342263,339955,2308
2780,314,303,11,222892,206921,15971
2781,48,34,14,44901,22237,22664
2782,45,43,2,33368,29362,4006
2783,9,6,3,5334,3276,2058
2784,9,3,6,4869,1706,3163
2785,15,1,14,21944,1469,20475
2786,3,2,1,4396,3612,784
2787,6,0,6,5753,0,5753
2788,16,6,10,19341,9730,9611
2789,2,2,0,596,596,0
2790,379,379,0,262340,262340,0
2791,501,501,0,350400,350400,0
2792,521,521,0,363148,363148,0
2793,531,531,0,368751,368751,0
2794,483,483,0,336584,336584,0
2795,691,691,0,339878,339878,0
2796,1572,1572,0,573334,573334,0
2797,144,144,0,100045,100045,0
2798,4,4,0,2381,2381,0
2799,6,6,0,7599,7599,0
2800,18,18,0,28428,28428,0
2801,15,15,0,20327,20327,0
2802,14,14,0,19930,19930,0
2803,46,46,0,36011,36011,0
2804,482,482,0,340785,340785,0
2805,380,380,0,267278,267278,0
2806,561,561,0,392342,392342,0
2807,566,566,0,398600,398600,0
2808,543,543,0,381890,381890,0
2809,591,591,0,412213,412213,0
2810,319,319,0,224056,224056,0
2811,319,319,0,224056,224056,0
2812,1,1,0,1503,1503,0
2813,1,1,0,1503,1503,0
2814,1,1,0,1503,1503,0
2815,1,1,0,1503,1503,0
2816,1,1,0,1503,1503,0
2817,679,679,0,359381,359381,0
2818,1622,1622,0,572569,572569,0
2819,548,543,5,388269,377877,10392
2820,521,520,1,367616,366883,733
2821,508,505,3,360426,359217,1209
2822,520,512,8,378786,369508,9278
2823,539,524,15,403113,379010,24103
2824,114,95,19,106072,77191,28881
2825,86,42,44,88820,50534,38286
2826,182,51,131,144147,39791,104356
2827,65,38,27,66030,37397,28633
2828,56,35,21,58918,28129,30789
2829,97,42,55,85109,30917,54192
2830,61,31,30,50945,26907,24038
2831,126,29,97,86828,18938,67890
2832,65,17,48,53190,9741,43449
2833,496,475,21,94876,76151,18725
2834,1199,1118,81,233523,167851,65672
2835,1122,1021,101,222655,150947,71708
2836,974,898,76,213844,143014,70830
2837,1057,893,164,259456,129993,129463
2838,161,21,140,124452,19706,104746
2839,113,24,89,106528,27920,78608
2840,152,32,120,124799,32103,92696
2841,54,22,32,54016,15178,38838
2842,137,25,112,118098,25353,92745
2843,721,653,68,205061,146617,58444
2844,805,781,24,218625,181717,36908
2845,60,37,23,91102,49637,41465
2846,162,43,119,109677,38322,71355
2847,294,61,233,161810,54324,107486
2848,74,43,31,81435,45407,36028
2849,117,74,43,107660,60624,47036
2850,174,124,50,110740,58814,51926
2851,139,108,31,98367,49560,48807
2852,129,62,67,101913,57351,44562
2853,67,36,31,88583,42847,45736
2854,50,27,23,72246,17860,54386
2855,42,22,20,79514,17310,62204
2856,47,20,27,55956,12594,43362
2857,40,10,30,54542,9639,44903
2858,64,13,51,75605,8757,66848
2859,109,19,90,120650,12904,107746
2860,34,9,25,43553,7969,35584
2861,143,117,26,149712,118356,31356
2862,36,17,19,36607,10490,26117
2863,58,38,20,54702,26234,28468
2864,45,18,27,44148,10605,33543
2865,50,21,29,61319,20126,41193
2866,37,16,21,38436,12420,26016
2867,39,16,23,51372,22284,29088
2868,39,15,24,63863,14017,49846
2869,43,17,26,95178,20584,74594
2870,51,28,23,88657,19807,68850
2871,1385,1369,16,322008,287674,34334
2872,40,8,32,47207,5627,41580
2873,51,25,26,80204,26080,54124
2874,49,25,24,64292,26532,37760
2875,38,12,26,46318,11544,34774
2876,45,15,30,57004,11908,45096
2877,69,46,23,53063,12633,40430
2878,1444,1425,19,337071,312287,24784
2879,2394,2354,40,557991,523399,34592
2880,1252,1201,51,303311,264305,39006
2881,440,389,51,128677,88475,40202
2882,1780,1728,52,427404,381950,45454
2883,2421,2319,102,576043,510468,65575
2884,1899,1797,102,475994,396625,79369
2885,1311,1307,4,315344,299523,15821
2886,5,5,0,2003,2003,0
2887,196,125,71,102544,38384,64160
2888,177,9,168,142482,13915,128567
2889,235,7,228,172481,11990,160491
2890,215,0,215,153631,0,153631
2891,7,4,3,6245,1582,4663
2892,6,6,0,2481,2481,0
2893,11,9,2,6875,3818,3057
2894,896,893,3,366524,362114,4410
2895,1022,1021,1,416891,414646,2245
2896,950,950,0,386345,386345,0
2897,1225,1225,0,434312,434312,0
2898,1778,1778,0,522368,522368,0
2899,980,980,0,393730,393730,0
2900,1017,1017,0,415124,415124,0
2901,954,954,0,389046,389046,0
2902,867,867,0,353422,353422,0
2903,1005,1005,0,410723,410723,0
2904,1021,1021,0,418620,418620,0
2905,924,924,0,380665,380665,0
2906,829,829,0,341124,341124,0
2907,741,741,0,306475,306475,0
2908,739,739,0,305523,305523,0
2909,712,712,0,297097,297097,0
2910,965,965,0,402283,402283,0
2911,999,999,0,418777,418777,0
2912,929,929,0,378900,378900,0
2913,68,68,0,28008,28008,0
2914,1,0,1,845,0,845
2915,7,3,4,2755,405,2350
2916,15,10,5,5654,1864,3790
2917,209,208,1,45658,45575,83
2918,1311,1307,4,293693,288838,4855
2919,719,715,4,177871,170543,7328
2920,35,31,4,16363,12185,4178
2921,26,17,9,15875,5758,10117
2922,34,30,4,19513,16267,3246
2923,851,842,9,202444,189050,13394
2924,836,832,4,215040,213057,1983
2925,1048,1043,5,351233,348942,2291
2926,775,772,3,270689,265634,5055
2927,296,286,10,107811,97692,10119
2928,363,358,5,128881,93038,35843
2929,952,945,7,234702,224294,10408
2930,1245,1240,5,345900,310358,35542
2931,1090,1084,6,393555,328533,65022
2932,710,710,0,227423,227423,0
2933,687,681,6,227941,222905,5036
2934,926,916,10,317218,299185,18033
2935,987,981,6,281565,274304,7261
2936,2001,1988,13,544553,537435,7118
2937,2338,2331,7,670095,633772,36323
2938,2255,2244,11,632013,619830,12183
2939,1256,1238,18,463728,420913,42815
2940,994,980,14,383739,355827,27912
2941,877,848,29,343178,319322,23856
2942,695,676,19,256087,239269,16818
2943,610,603,7,259917,246006,13911
2944,806,791,15,324159,313792,10367
2945,1340,1330,10,432328,424711,7617
2946,2316,2309,7,660107,655305,4802
2947,1800,1780,20,605168,587173,17995
2948,1647,1637,10,581683,565990,15693
2949,1413,1409,4,479549,473015,6534
2950,1543,1536,7,510313,504787,5526
2951,1201,1195,6,558313,553780,4533
2952,1368,1362,6,619091,616296,2795
2953,1031,1028,3,490011,483149,6862
2954,1306,1303,3,608448,606390,2058
2955,1104,1073,31,520414,503776,16638
2956,1245,1212,33,597297,566836,30461
2957,1485,1478,7,686181,679231,6950
2958,1191,1169,22,572894,549900,22994
2959,1130,1125,5,465421,463207,2214
2960,635,626,9,259574,252603,6971
2961,1078,1059,19,371576,349259,22317
2962,280,264,16,157119,142513,14606
2963,42,22,20,55520,28294,27226
2964,39,18,21,49023,16403,32620
2965,37,18,19,24379,14213,10166
2966,41,17,24,39081,23003,16078
2967,38,23,15,28964,22458,6506
2968,644,628,16,265704,247513,18191
2969,1194,1184,10,484375,467898,16477
2970,1758,1749,9,702068,679152,22916
2971,1533,1528,5,599411,593042,6369
2972,1269,1268,1,495511,493764,1747
2973,637,634,3,250864,248459,2405
2974,28,14,14,31628,17504,14124
2975,31,14,17,27448,7757,19691
2976,15,14,1,21099,18055,3044
2977,9,8,1,5145,4908,237
2978,4,4,0,3813,3813,0
2979,7,6,1,4634,4472,162
2980,7,7,0,7052,7052,0
2981,7,4,3,8423,2906,5517
2982,3,1,2,10667,702,9965
2983,1,1,0,1337,1337,0
2984,1,1,0,1337,1337,0
2985,4,4,0,1474,1474,0
2986,4,4,0,1474,1474,0
2987,1,1,0,1313,1313,0
2988,1,1,0,439,439,0
2989,1,1,0,439,439,0
2990,1,1,0,439,439,0
2991,1,1,0,439,439,0
2992,1,1,0,439,439,0
2993,1,1,0,439,439,0
2994,1,1,0,439,439,0
2995,1,1,0,439,439,0
2996,1,1,0,439,439,0
2997,1,1,0,439,439,0
2998,1,0,1,478,0,478
2999,4,0,4,2533,0,2533
3000,4,0,4,2533,0,2533
3001,4,0,4,8380,0,8380
3002,2,0,2,1949,0,1949
3003,2,0,2,1754,0,1754
3004,2,0,2,1754,0,1754
3005,4,4,0,3307,3307,0
3006,4,4,0,3307,3307,0
3007,4,4,0,1167,1167,0
3008,1,1,0,350,350,0
3009,9,4,5,10903,7161,3742
3010,5,2,3,10574,4532,6042
3011,2,2,0,1440,1440,0
3012,19,13,6,19113,5507,13606
3013,22,11,11,25076,4094,20982
3014,15,13,2,13075,10397,2678
3015,25,15,10,21442,10228,11214
3016,34,28,6,23380,12947,10433
3017,36,29,7,18945,13467,5478
3018,24,19,5,21709,13063,8646
3019,30,24,6,29475,23415,6060
3020,46,38,8,48525,38413,10112
3021,34,29,5,30577,27566,3011
3022,31,23,8,29312,21764,7548
3023,25,20,5,11602,9418,2184
3024,11,6,5,12781,4713,8068
3025,13,10,3,12395,3415,8980
3026,12,7,5,7723,2330,5393
3027,8,5,3,3352,2414,938
3028,7,7,0,5934,5934,0
3029,14,7,7,12752,8040,4712
3030,25,16,9,29624,18701,10923
3031,26,21,5,24445,15853,8592
3032,35,21,14,46941,21228,25713
3033,16,8,8,14855,3506,11349
3034,20,15,5,20841,12210,8631
3035,33,23,10,35272,27997,7275
3036,49,31,18,44173,19241,24932
3037,51,30,21,52108,16385,35723
3038,54,32,22,57417,21333,36084
3039,38,26,12,50974,21040,29934
3040,52,32,20,63396,27666,35730
3041,69,47,22,71874,32150,39724
3042,59,32,27,46771,11668,35103
3043,56,34,22,62916,29626,33290
3044,46,39,7,49811,36383,13428
3045,43,34,9,42387,22995,19392
3046,30,28,2,33803,29237,4566
3047,29,25,4,21980,15795,6185
3048,16,15,1,7656,7015,641
3049,16,11,5,10988,7752,3236
3050,27,21,6,13079,9844,3235
3051,17,12,5,11684,8475,3209
3052,8,5,3,12004,3752,8252
3053,5,5,0,3980,3980,0
3054,15,8,7,28247,9486,18761
3055,23,16,7,33132,16416,16716
3056,15,12,3,18011,17057,954
3057,15,13,2,11678,10270,1408
3058,12,6,6,8807,4465,4342
3059,13,7,6,13377,4011,9366
3060,11,4,7,8698,1891,6807
3061,11,4,7,17150,3232,13918
3062,14,8,6,25868,11039,14829
3063,17,8,9,31139,13291,17848
3064,19,13,6,17409,7139,10270
3065,11,6,5,10785,3813,6972
3066,20,9,11,15516,9173,6343
3067,18,8,10,14601,3299,11302
3068,12,9,3,10655,7494,3161
3069,9,4,5,9264,2214,7050
3070,9,5,4,8556,3481,5075
3071,9,6,3,7356,5686,1670
3072,3,3,0,1799,1799,0
3073,10,8,2,7904,5408,2496
3074,10,7,3,7788,5491,2297
3075,4,4,0,5981,5981,0
3076,6,1,5,7729,509,7220
3077,5,2,3,5073,1359,3714
3078,5,0,5,10021,0,10021
3079,5,2,3,8724,2003,6721
3080,6,3,3,11256,5394,5862
3081,9,0,9,15432,0,15432
3082,1,0,1,3078,0,3078
3083,4,3,1,4495,4015,480
3084,7,1,6,13669,471,13198
3085,3,1,2,4513,278,4235
3086,9,7,2,16939,8564,8375
3087,2,1,1,4725,46,4679
3088,3,2,1,8605,3860,4745
3089,2,0,2,9699,0,9699
3090,2,0,2,9699,0,9699
3091,1,1,0,119,119,0
3092,1,1,0,119,119,0
3093,1,1,0,2160,2160,0
3094,1,1,0,2160,2160,0
3095,1,1,0,2160,2160,0
3096,1,1,0,2160,2160,0
3097,1,1,0,2160,2160,0
3098,1,1,0,2160,2160,0
3099,1,1,0,2160,2160,0
3100,1,1,0,2387,2387,0
3101,1,1,0,2396,2396,0
3102,1,1,0,2396,2396,0
3103,1,1,0,2396,2396,0
3104,1,1,0,2396,2396,0
3105,14,8,6,10095,1488,8607
3106,6,4,2,9352,1130,8222
3107,16,9,7,20655,6884,13771
3108,26,25,1,13598,13232,366
3109,27,25,2,24892,24047,845
3110,50,31,19,65882,47079,18803
3111,32,20,12,38216,9211,29005
3112,46,36,10,45608,23504,22104
3113,26,15,11,22233,7853,14380
3114,29,19,10,22246,10170,12076
3115,40,33,7,35586,28993,6593
3116,25,18,7,13558,8806,4752
3117,39,32,7,27662,22232,5430
3118,57,47,10,47201,29549,17652
3119,32,23,9,43004,20382,22622
3120,3,3,0,627,627,0
3121,8,3,5,3824,868,2956
3122,13,5,8,14275,2440,11835
3123,8,7,1,6837,6739,98
3124,11,9,2,19333,17594,1739
3125,8,6,2,23420,19305,4115
3126,12,11,1,36462,35979,483
3127,18,12,6,20176,14726,5450
3128,22,17,5,23548,14049,9499
3129,29,21,8,45425,30835,14590
3130,36,25,11,47417,36508,10909
3131,22,13,9,12717,4784,7933
3132,45,40,5,48394,42700,5694
3133,24,19,5,40638,28357,12281
3134,23,19,4,22455,13568,8887
3135,52,33,19,38431,18782,19649
3136,34,22,12,25034,15672,9362
3137,38,33,5,32280,24961,7319
3138,14,12,2,7573,5244,2329
3139,28,23,5,28789,21848,6941
3140,22,18,4,16280,10902,5378
3141,18,17,1,22056,20003,2053
3142,16,13,3,12858,6936,5922
3143,17,13,4,17491,9829,7662
3144,19,12,7,35826,17000,18826
3145,18,14,4,26199,17484,8715
3146,12,7,5,15739,3361,12378
3147,5,2,3,1481,526,955
3148,4,2,2,2197,1000,1197
3149,9,8,1,4177,3683,494
3150,15,11,4,23965,16289,7676
3151,16,14,2,15871,13606,2265
3152,14,9,5,25103,19559,5544
3153,18,16,2,17813,13833,3980
3154,8,6,2,7763,4144,3619
3155,4,3,1,4025,708,3317
3156,4,4,0,1503,1503,0
3157,7,4,3,4543,1294,3249
3158,11,6,5,11633,4612,7021
3159,13,11,2,9760,8732,1028
3160,4,2,2,4285,3179,1106
3161,4,2,2,2550,1243,1307
3162,3,1,2,2307,128,2179
3163,2,0,2,4670,0,4670
3164,2,2,0,1029,1029,0
3165,7,7,0,6697,6697,0
3166,6,6,0,4039,4039,0
3167,9,5,4,17854,6522,11332
3168,2,0,2,12542,0,12542
3169,11,7,4,13854,8939,4915
3170,6,2,4,6475,1385,5090
3171,6,1,5,11004,424,10580
3172,6,2,4,5773,977,4796
3173,2,0,2,3002,0,3002
3174,2,1,1,1104,202,902
3175,1,1,0,93,93,0
3176,2,1,1,2538,186,2352
3177,2,0,2,2946,0,2946
3178,2,0,2,2946,0,2946
3179,2,0,2,2946,0,2946
3180,2,0,2,2946,0,2946
3181,2,2,0,1675,1675,0
3182,2,2,0,1675,1675,0
3183,2,2,0,1675,1675,0
3184,2,2,0,1675,1675,0
3185,2,2,0,1675,1675,0
3186,2,2,0,1675,1675,0
3187,2,2,0,1675,1675,0
3188,2,2,0,1675,1675,0
3189,2,2,0,1675,1675,0
3190,2,2,0,1675,1675,0
3191,2,2,0,1675,1675,0
3192,2,2,0,1675,1675,0
3193,1,1,0,801,801,0
3194,1,1,0,1089,1089,0
3195,3,1,2,5616,1379,4237
3196,1,0,1,3918,0,3918
3197,1,0,1,3918,0,3918
3198,1,0,1,3918,0,3918
3199,3,3,0,1962,1962,0
3200,2,2,0,1573,1573,0
3201,2,2,0,1573,1573,0
3202,1,1,0,72,72,0
3203,1,1,0,72,72,0
3204,1,1,0,72,72,0
3205,4,4,0,541,541,0
3206,7,5,2,6497,6059,438
3207,8,6,2,3546,2921,625
3208,2,2,0,1342,1342,0
3209,12,11,1,3805,3057,748
3210,7,6,1,14660,5906,8754
3211,13,5,8,19089,5017,14072
3212,9,5,4,14627,3622,11005
3213,11,10,1,9317,5881,3436
3214,1,1,0,371,371,0
3215,3,1,2,6160,922,5238
3216,1,1,0,10864,10864,0
3217,2,2,0,573,573,0
3218,7,7,0,17446,17446,0
3219,9,7,2,20771,19880,891
3220,4,4,0,4718,4718,0
3221,9,8,1,10655,8675,1980
3222,2,1,1,4535,317,4218
3223,1,1,0,953,953,0
3224,7,5,2,22340,4394,17946
3225,5,2,3,28734,1147,27587
3226,4,2,2,13271,10556,2715
3227,7,6,1,5785,3495,2290
3228,4,3,1,2218,1184,1034
3229,6,5,1,18438,17057,1381
3230,6,5,1,4882,3681,1201
3231,5,5,0,3308,3308,0
3232,7,6,1,8414,6459,1955
3233,12,5,7,18573,3784,14789
3234,9,3,6,14829,2414,12415
3235,8,4,4,11654,3615,8039
3236,7,7,0,9371,9371,0
3237,5,5,0,6755,6755,0
3238,5,5,0,6762,6762,0
3239,7,7,0,3029,3029,0
3240,6,6,0,5064,5064,0
3241,2,2,0,2212,2212,0
3242,4,4,0,6753,6753,0
3243,1,1,0,1145,1145,0
3244,1,0,1,752,0,752
3245,5,5,0,5079,5079,0
3246,3,1,2,4208,2016,2192
3247,1,1,0,117,117,0
3248,2,2,0,1232,1232,0
3249,1,1,0,259,259,0
3250,1,1,0,170,170,0
3251,4,4,0,3058,3058,0
3252,2,2,0,3159,3159,0
3253,4,3,1,6187,5961,226
3254,3,2,1,2873,2549,324
3255,1,1,0,2476,2476,0
3256,2,2,0,588,588,0
3257,4,4,0,8822,8822,0
3258,1,1,0,1881,1881,0
3259,1,1,0,323,323,0
3260,7,7,0,2791,2791,0
3261,2,2,0,1226,1226,0
3262,3,2,1,4826,2250,2576
3263,3,2,1,4826,2250,2576
3264,1,0,1,922,0,922
3265,6,5,1,9161,8656,505
3266,1,1,0,2437,2437,0
3267,2,2,0,4964,4964,0
3268,2,2,0,4964,4964,0
3269,2,2,0,4964,4964,0
3270,2,2,0,4964,4964,0
3271,2,2,0,4964,4964,0
3272,2,2,0,4964,4964,0
3273,2,2,0,4964,4964,0
3274,2,2,0,4964,4964,0
3275,2,2,0,4964,4964,0
3276,2,2,0,4964,4964,0
3277,2,2,0,4964,4964,0
3278,2,2,0,4964,4964,0
3279,1,1,0,216,216,0
3280,1,1,0,216,216,0
3281,1,1,0,216,216,0
3282,1,1,0,216,216,0
3283,1,1,0,216,216,0
3284,1,1,0,216,216,0
3285,4,4,0,3462,3462,0
3286,2,2,0,1545,1545,0
3287,4,4,0,1660,1660,0
3288,4,4,0,1660,1660,0
3289,1,1,0,457,457,0
3290,1,1,0,457,457,0
3291,1,1,0,457,457,0
3292,1,1,0,503,503,0
3293,1,1,0,503,503,0
3294,1,1,0,503,503,0
3295,2,2,0,1376,1376,0
3296,2,2,0,1503,1503,0
3297,2,2,0,1503,1503,0
3298,8,8,0,10391,10391,0
3299,2,2,0,956,956,0
3300,10,7,3,5526,3036,2490
3301,11,7,4,6714,2869,3845
3302,22,15,7,26124,13800,12324
3303,18,9,9,24750,9411,15339
3304,15,13,2,12585,9398,3187
3305,11,10,1,24902,24381,521
3306,8,5,3,3730,2688,1042
3307,18,15,3,21368,19469,1899
3308,15,13,2,7928,4645,3283
3309,11,11,0,7495,7495,0
3310,11,11,0,6783,6783,0
3311,8,7,1,6176,3894,2282
3312,11,11,0,15289,15289,0
3313,14,7,7,27405,11656,15749
3314,19,15,4,24958,8925,16033
3315,43,42,1,51986,47920,4066
3316,26,21,5,30886,21347,9539
3317,15,1,14,39303,444,38859
3318,13,2,11,40002,327,39675
3319,17,13,4,21710,11130,10580
3320,14,10,4,19310,9805,9505
3321,13,8,5,17153,8156,8997
3322,39,23,16,51403,31117,20286
3323,40,28,12,45330,22708,22622
3324,26,14,12,19125,11145,7980
3325,28,15,13,52344,19394,32950
3326,23,22,1,11032,9357,1675
3327,9,6,3,6675,5661,1014
3328,18,16,2,12048,10557,1491
3329,26,26,0,17398,17398,0
3330,26,22,4,52490,23443,29047
3331,54,45,9,68951,53534,15417
3332,35,25,10,48802,30505,18297
3333,33,21,12,75399,40346,35053
3334,18,15,3,41893,32606,9287
3335,8,5,3,17754,9679,8075
3336,12,9,3,22500,11096,11404
3337,7,4,3,12915,3222,9693
3338,5,1,4,25291,96,25195
3339,6,5,1,14672,13380,1292
3340,13,9,4,29223,15657,13566
3341,5,3,2,15165,6144,9021
3342,1,1,0,2300,2300,0
3343,3,2,1,8210,2654,5556
3344,4,4,0,4119,4119,0
3345,6,6,0,11059,11059,0
3346,2,2,0,527,527,0
3347,3,3,0,6881,6881,0
3348,7,7,0,1101,1101,0
3349,2,1,1,3204,1494,1710
3350,8,7,1,12286,9917,2369
3351,9,8,1,16117,10746,5371
3352,8,7,1,17435,9992,7443
3353,7,7,0,17416,17416,0
3354,7,3,4,10381,5120,5261
3355,6,5,1,14064,2254,11810
3356,9,8,1,5358,3056,2302
3357,3,2,1,1666,1073,593
3358,4,3,1,2824,1480,1344
3359,9,4,5,3830,1362,2468
3360,4,3,1,1144,1018,126
3361,12,11,1,15578,15439,139
3362,3,2,1,9203,467,8736
3363,3,2,1,1272,990,282
3364,3,2,1,1272,990,282
3365,2,2,0,3148,3148,0
3366,2,2,0,3148,3148,0
3367,2,2,0,3148,3148,0
3368,2,2,0,3148,3148,0
3369,2,2,0,775,775,0
3370,1,1,0,842,842,0
3371,1,1,0,842,842,0
3372,1,1,0,842,842,0
3373,1,1,0,842,842,0
3374,1,1,0,842,842,0
3375,1,1,0,842,842,0
3376,1,1,0,842,842,0
3377,1,1,0,842,842,0
3378,1,1,0,842,842,0
3379,1,1,0,842,842,0
3380,1,1,0,842,842,0
3381,1,0,1,756,0,756
3382,1,0,1,756,0,756
3383,1,0,1,756,0,756
3384,1,0,1,756,0,756
3385,1,0,1,756,0,756
3386,1,0,1,756,0,756
3387,1,0,1,756,0,756
3388,1,0,1,756,0,756
3389,1,0,1,756,0,756
3390,1,0,1,3871,0,3871
3391,1,0,1,3871,0,3871
3392,1,0,1,3871,0,3871
3393,1,0,1,3871,0,3871
3394,2,2,0,567,567,0
3395,2,2,0,401,401,0
3396,6,5,1,5797,1444,4353
3397,18,14,4,16746,6907,9839
3398,11,9,2,14449,2288,12161
3399,22,14,8,15654,8524,7130
3400,15,12,3,10689,7827,2862
3401,17,14,3,3504,2853,651
3402,23,20,3,7657,5298,2359
3403,16,13,3,10538,6512,4026
3404,27,26,1,12930,11966,964
3405,27,20,7,29067,19189,9878
3406,8,6,2,4281,2235,2046
3407,16,11,5,24538,12025,12513
3408,8,6,2,11757,5970,5787
3409,2,2,0,744,744,0
3410,4,4,0,5507,5507,0
3411,5,5,0,5719,5719,0
3412,1,0,1,2251,0,2251
3413,2,0,2,9492,0,9492
3414,6,1,5,14860,847,14013
3415,7,3,4,13281,2694,10587
3416,12,9,3,8810,8364,446
3417,13,9,4,7119,5584,1535
3418,21,13,8,18711,12173,6538
3419,23,22,1,22955,22377,578
3420,18,13,5,14406,11747,2659
3421,34,31,3,18017,14949,3068
3422,19,18,1,16194,14335,1859
3423,19,14,5,13861,9561,4300
3424,29,22,7,26122,19099,7023
3425,18,8,10,17344,7507,9837
3426,18,14,4,12905,9424,3481
3427,23,20,3,22727,19799,2928
3428,22,20,2,21635,19360,2275
3429,10,10,0,9614,9614,0
3430,19,18,1,28069,26580,1489
3431,11,11,0,11915,11915,0
3432,14,14,0,7329,7329,0
3433,17,13,4,28852,25943,2909
3434,27,18,9,26100,20633,5467
3435,19,8,11,17147,7554,9593
3436,6,0,6,3801,0,3801
3437,1,1,0,1706,1706,0
3438,12,12,0,6559,6559,0
3439,7,3,4,7425,3912,3513
3440,7,7,0,7791,7791,0
3441,8,2,6,11766,2829,8937
3442,5,4,1,18524,16961,1563
3443,9,4,5,10556,1691,8865
3444,2,0,2,1791,0,1791
3445,4,3,1,8848,8326,522
3446,3,1,2,2600,118,2482
3447,2,0,2,2738,0,2738
3448,8,5,3,5318,4012,1306
3449,7,2,5,10351,2059,8292
3450,2,1,1,1542,580,962
3451,11,11,0,27018,27018,0
3452,8,3,5,12015,4660,7355
3453,8,4,4,10610,6714,3896
3454,5,2,3,6409,459,5950
3455,6,4,2,8796,1990,6806
3456,6,4,2,9730,3160,6570
3457,6,4,2,12043,2948,9095
3458,1,1,0,101,101,0
3459,2,0,2,8053,0,8053
3460,2,0,2,8053,0,8053
3461,1,0,1,3448,0,3448
3462,1,0,1,3292,0,3292
3463,3,0,3,5119,0,5119
3464,2,1,1,1984,1015,969
3465,2,1,1,1984,1015,969
3466,3,2,1,4337,1098,3239
3467,4,4,0,2049,2049,0
3468,2,2,0,1276,1276,0
3469,2,2,0,1451,1451,0
3470,3,3,0,4141,4141,0
3471,5,5,0,5283,5283,0
3472,5,5,0,5283,5283,0
3473,5,5,0,5283,5283,0
3474,5,5,0,5283,5283,0
3475,5,5,0,5283,5283,0
3476,5,5,0,5283,5283,0
3477,1,0,1,728,0,728
3478,1,0,1,728,0,728
3479,1,0,1,728,0,728
3480,1,0,1,2418,0,2418
3481,1,0,1,2418,0,2418
3482,1,0,1,2418,0,2418
3483,1,0,1,2418,0,2418
3484,1,0,1,3468,0,3468
3485,1,0,1,5015,0,5015
3486,1,0,1,5015,0,5015
3487,1,0,1,5015,0,5015
3488,1,0,1,5015,0,5015
3489,1,0,1,5015,0,5015
3490,4,0,4,7447,0,7447
3491,2,1,1,7666,152,7514
3492,4,1,3,13567,159,13408
3493,12,10,2,16323,10903,5420
3494,24,19,5,14205,5449,8756
3495,15,9,6,8651,2701,5950
3496,17,15,2,5445,4483,962
3497,18,11,7,15394,8549,6845
3498,14,11,3,7118,4018,3100
3499,19,15,4,10895,6136,4759
3500,13,11,2,9063,6507,2556
3501,26,22,4,15421,11976,3445
3502,40,36,4,33459,26000,7459
3503,33,29,4,44425,38626,5799
3504,4,1,3,5023,93,4930
3505,1,0,1,2478,0,2478
3506,1,1,0,332,332,0
3507,5,1,4,3501,1158,2343
3508,6,1,5,8143,1174,6969
3509,2,1,1,1314,444,870
3510,9,0,9,8938,0,8938
3511,20,8,12,19217,5738,13479
3512,22,16,6,23844,18642,5202
3513,19,14,5,13956,8572,5384
3514,38,26,12,41029,21102,19927
3515,18,10,8,72658,8892,63766
3516,10,4,6,25642,5809,19833
3517,20,13,7,17734,14649,3085
3518,18,6,12,10886,2650,8236
3519,15,11,4,8517,5685,2832
3520,6,4,2,9313,2951,6362
3521,27,21,6,28635,20827,7808
3522,25,21,4,33222,27516,5706
3523,29,19,10,26685,20115,6570
3524,14,12,2,11593,11168,425
3525,16,16,0,25840,25840,0
3526,17,17,0,15270,15270,0
3527,12,8,4,13348,7294,6054
3528,12,8,4,13348,7294,6054
3529,3,2,1,1951,1520,431
3530,2,1,1,1936,1489,447
3531,6,4,2,5068,3868,1200
3532,5,3,2,5944,1742,4202
3533,7,3,4,13549,5486,8063
3534,1,1,0,2293,2293,0
3535,2,2,0,2452,2452,0
3536,3,2,1,3106,2107,999
3537,5,4,1,4206,3273,933
3538,4,4,0,1188,1188,0
3539,11,11,0,8022,8022,0
3540,1,0,1,476,0,476
3541,2,2,0,2127,2127,0
3542,4,2,2,1279,370,909
3543,5,4,1,4959,4206,753
3544,2,1,1,1192,72,1120
3545,6,3,3,12330,4120,8210
3546,4,3,1,6117,2141,3976
3547,4,1,3,6623,200,6423
3548,4,3,1,5440,1449,3991
3549,1,1,0,895,895,0
3550,1,1,0,895,895,0
3551,3,3,0,2595,2595,0
3552,3,3,0,797,797,0
3553,3,3,0,6784,6784,0
3554,3,3,0,7759,7759,0
3555,3,3,0,7759,7759,0
3556,1,1,0,543,543,0
3557,2,2,0,1355,1355,0
3558,3,3,0,1408,1408,0
3559,2,2,0,817,817,0
3560,2,2,0,817,817,0
3561,2,2,0,817,817,0
3562,2,2,0,817,817,0
3563,2,2,0,817,817,0
3564,2,2,0,817,817,0
3565,2,2,0,817,817,0
3566,2,2,0,817,817,0
3567,2,2,0,817,817,0
3568,2,2,0,817,817,0
3569,2,2,0,817,817,0
3570,2,2,0,817,817,0
3571,2,2,0,817,817,0
3572,2,2,0,817,817,0
3573,2,2,0,817,817,0
3574,1,0,1,639,0,639
3575,1,0,1,639,0,639
3576,1,0,1,639,0,639
3577,1,0,1,639,0,639
3578,1,0,1,639,0,639
3579,1,0,1,639,0,639
3580,1,0,1,639,0,639
3581,1,0,1,639,0,639
3582,1,0,1,639,0,639
3583,1,0,1,639,0,639
3584,1,0,1,639,0,639
3585,1,0,1,1918,0,1918
3586,1,0,1,1918,0,1918
3587,1,1,0,197,197,0
3588,3,3,0,2446,2446,0
3589,16,16,0,16599,16599,0
3590,13,12,1,7245,6404,841
3591,8,7,1,8578,8461,117
3592,16,12,4,16507,12954,3553
3593,17,11,6,23608,12218,11390
3594,30,21,9,28696,17181,11515
3595,22,17,5,32408,19783,12625
3596,23,14,9,34794,10409,24385
3597,17,13,4,12472,11105,1367
3598,15,11,4,10228,5958,4270
3599,13,9,4,17496,7185,10311
3600,8,2,6,16252,430,15822
3601,9,9,0,2223,2223,0
3602,2,1,1,1796,690,1106
3603,6,5,1,5463,3816,1647
3604,6,3,3,9216,2023,7193
3605,4,1,3,11956,42,11914
3606,10,9,1,12754,7058,5696
3607,9,6,3,9147,737,8410
3608,4,1,3,1937,324,1613
3609,19,16,3,10316,6330,3986
3610,16,7,9,26961,7906,19055
3611,26,20,6,30452,23560,6892
3612,9,7,2,11910,4156,7754
3613,20,13,7,19606,11432,8174
3614,13,10,3,11793,8937,2856
3615,17,10,7,13820,4659,9161
3616,26,19,7,26199,7306,18893
3617,24,17,7,23722,9871,13851
3618,36,28,8,58224,29145,29079
3619,29,25,4,18644,13791,4853
3620,24,14,10,29067,10627,18440
3621,26,21,5,29312,20169,9143
3622,11,6,5,7907,4111,3796
3623,2,2,0,1824,1824,0
3624,7,4,3,4759,3865,894
3625,8,8,0,10243,10243,0
3626,3,3,0,2330,2330,0
3627,1,0,1,2337,0,2337
3628,1,0,1,2337,0,2337
3629,1,0,1,5223,0,5223
3630,3,0,3,10711,0,10711
3631,7,4,3,9369,1754,7615
3632,2,0,2,3397,0,3397
3633,2,0,2,6071,0,6071
3634,4,4,0,2697,2697,0
3635,2,0,2,2253,0,2253
3636,1,0,1,719,0,719
3637,1,0,1,1348,0,1348
3638,1,0,1,1348,0,1348
3639,3,2,1,2475,964,1511
3640,3,3,0,3048,3048,0
3641,3,3,0,2104,2104,0
3642,1,1,0,635,635,0
3643,1,1,0,635,635,0
3644,2,2,0,1271,1271,0
3645,2,2,0,757,757,0
3646,6,6,0,4108,4108,0
3647,8,6,2,6847,4874,1973
3648,8,5,3,12850,10013,2837
3649,12,5,7,28298,6485,21813
3650,5,3,2,14021,8842,5179
3651,9,5,4,12529,3052,9477
3652,4,2,2,6737,3827,2910
3653,2,2,0,4430,4430,0
3654,1,0,1,2658,0,2658
3655,1,0,1,3039,0,3039
3656,3,0,3,2946,0,2946
3657,3,0,3,2946,0,2946
3658,3,0,3,2946,0,2946
3659,3,0,3,2946,0,2946
3660,3,0,3,2946,0,2946
3661,3,0,3,2946,0,2946
3662,3,0,3,2946,0,2946
3663,3,0,3,2946,0,2946
3664,3,0,3,2946,0,2946
3665,3,0,3,2946,0,2946
3666,3,0,3,2946,0,2946
3667,3,0,3,2946,0,2946
3668,3,0,3,2946,0,2946
3669,3,0,3,2946,0,2946
3670,3,0,3,2946,0,2946
3671,3,0,3,2946,0,2946
3672,3,0,3,2946,0,2946
3673,3,0,3,2946,0,2946
3674,1,0,1,282,0,282
3675,1,0,1,282,0,282
3676,1,0,1,360,0,360
3677,1,0,1,428,0,428
3678,1,0,1,428,0,428
3679,1,0,1,428,0,428
3680,1,0,1,873,0,873
3681,1,0,1,873,0,873
3682,1,0,1,873,0,873
3683,1,0,1,503,0,503
3684,1,0,1,503,0,503
3685,2,1,1,1104,198,906
3686,2,1,1,2203,588,1615
3687,3,3,0,268,268,0
3688,4,2,2,1147,114,1033
3689,10,7,3,3429,1186,2243
3690,6,4,2,3729,1597,2132
3691,3,2,1,2379,763,1616
3692,7,6,1,4572,3180,1392
3693,18,12,6,16257,6093,10164
3694,6,4,2,4079,2591,1488
3695,1,1,0,1266,1266,0
3696,1,1,0,1266,1266,0
3697,2,2,0,459,459,0
3698,5,5,0,6979,6979,0
3699,2,2,0,2645,2645,0
3700,3,3,0,11415,11415,0
3701,2,2,0,2286,2286,0
3702,2,0,2,2326,0,2326
3703,6,6,0,5396,5396,0
3704,14,12,2,13685,11368,2317
3705,10,4,6,10864,1776,9088
3706,14,12,2,8931,6399,2532
3707,10,7,3,5412,2941,2471
3708,19,14,5,12970,6884,6086
3709,7,4,3,4226,3308,918
3710,13,11,2,5680,5116,564
3711,14,14,0,14058,14058,0
3712,12,8,4,14136,8779,5357
3713,14,13,1,13913,12504,1409
3714,15,14,1,24108,21755,2353
3715,12,12,0,17401,17401,0
3716,10,10,0,15687,15687,0
3717,13,11,2,32882,26111,6771
3718,6,6,0,19243,19243,0
3719,2,2,0,8756,8756,0
3720,4,4,0,8410,8410,0
3721,4,4,0,22874,22874,0
3722,7,7,0,57512,57512,0
3723,2,2,0,8410,8410,0
3724,2,2,0,8410,8410,0
3725,2,2,0,8410,8410,0
3726,2,0,2,1880,0,1880
3727,2,0,2,1880,0,1880
3728,4,3,1,1048,835,213
3729,1,1,0,374,374,0
3730,1,1,0,374,374,0
3731,2,2,0,2250,2250,0
3732,1,1,0,74,74,0
3733,1,1,0,74,74,0
3734,2,1,1,1330,182,1148
3735,5,2,3,4518,894,3624
3736,4,3,1,3188,888,2300
3737,8,7,1,7113,4754,2359
3738,5,5,0,3523,3523,0
3739,1,1,0,1746,1746,0
3740,1,0,1,3534,0,3534
3741,1,0,1,3763,0,3763
3742,2,1,1,4403,411,3992
3743,2,1,1,4403,411,3992
3744,4,4,0,6651,6651,0
3745,2,2,0,5275,5275,0
3746,2,2,0,5275,5275,0
3747,1,1,0,2867,2867,0
3748,2,2,0,436,436,0
3749,2,1,1,2967,2950,17
3750,2,1,1,2967,2950,17
3751,3,2,1,13910,6490,7420
3752,2,0,2,15770,0,15770
3753,1,0,1,1566,0,1566
3754,1,0,1,2172,0,2172
3755,2,0,2,8222,0,8222
3756,2,0,2,8222,0,8222
3757,2,0,2,8222,0,8222
3758,2,0,2,8222,0,8222
3759,2,0,2,8222,0,8222
3760,2,0,2,8222,0,8222
3761,2,0,2,8222,0,8222
3762,2,0,2,8222,0,8222
3763,2,0,2,8222,0,8222
3764,2,0,2,8222,0,8222
3765,2,0,2,8222,0,8222
3766,2,0,2,8222,0,8222
3767,2,0,2,8222,0,8222
3768,2,0,2,8222,0,8222
3769,2,0,2,8222,0,8222
3770,2,0,2,8222,0,8222
3771,2,0,2,8222,0,8222
3772,2,0,2,8222,0,8222
3773,2,0,2,8222,0,8222
3774,2,0,2,8222,0,8222
3775,2,0,2,8222,0,8222
3776,2,0,2,8222,0,8222
3777,2,0,2,8222,0,8222
3778,4,4,0,2144,2144,0
3779,2,1,1,1379,1012,367
3780,3,2,1,1754,1342,412
3781,4,3,1,2123,918,1205
3782,4,4,0,1238,1238,0
3783,7,3,4,8001,2025,5976
3784,3,2,1,1735,855,880
3785,2,1,1,1064,835,229
3786,7,6,1,5789,3905,1884
3787,12,9,3,15284,13882,1402
3788,5,2,3,8715,4382,4333
3789,5,2,3,8715,4382,4333
3790,3,3,0,2025,2025,0
3791,3,3,0,2025,2025,0
3792,3,3,0,2025,2025,0
3793,5,2,3,4157,1201,2956
3794,1,0,1,2899,0,2899
3795,1,0,1,2899,0,2899
3796,1,0,1,2899,0,2899
3797,4,1,3,2244,331,1913
3798,3,3,0,3056,3056,0
3799,3,3,0,3056,3056,0
3800,3,3,0,3056,3056,0
3801,1,0,1,1820,0,1820
3802,5,2,3,4235,1483,2752
3803,2,0,2,1600,0,1600
3804,2,0,2,1600,0,1600
3805,4,2,2,7950,4843,3107
3806,1,1,0,3558,3558,0
3807,1,1,0,3558,3558,0
3808,2,1,1,3833,3315,518
3809,2,2,0,6523,6523,0
3810,2,2,0,6523,6523,0
3811,3,1,2,697,122,575
3812,1,0,1,144,0,144
3813,4,1,3,2856,1833,1023
3814,3,0,3,1329,0,1329
3815,3,0,3,1329,0,1329
3816,3,0,3,1329,0,1329
3817,1,0,1,642,0,642
3818,1,0,1,1275,0,1275
3819,2,0,2,860,0,860
3820,2,0,2,860,0,860
3821,1,0,1,255,0,255
3822,1,0,1,255,0,255
3823,1,0,1,692,0,692
3824,1,0,1,692,0,692
3825,1,0,1,692,0,692
3826,3,3,0,1227,1227,0
3827,1,1,0,203,203,0
3828,1,1,0,203,203,0
3829,1,1,0,203,203,0
3830,1,1,0,203,203,0
3831,1,1,0,203,203,0
3832,1,1,0,203,203,0
3833,1,1,0,203,203,0
3834,1,1,0,203,203,0
3835,1,1,0,203,203,0
3836,1,1,0,203,203,0
3837,1,1,0,203,203,0
3838,1,1,0,197,197,0
3839,1,1,0,228,228,0
3840,1,1,0,228,228,0
3841,1,1,0,228,228,0
3842,1,1,0,228,228,0
3843,1,1,0,228,228,0
3844,1,1,0,228,228,0
3845,1,1,0,228,228,0
3846,1,1,0,228,228,0
3847,1,1,0,228,228,0
3848,1,1,0,228,228,0
3849,1,1,0,228,228,0
3850,1,1,0,228,228,0
3851,1,1,0,228,228,0
3852,1,1,0,228,228,0
3853,1,1,0,228,228,0
3854,1,1,0,228,228,0
3855,1,1,0,228,228,0
3856,1,1,0,228,228,0
3857,1,1,0,228,228,0
3858,1,1,0,228,228,0
3859,1,1,0,228,228,0
3860,1,1,0,228,228,0
3861,1,1,0,228,228,0
3862,1,1,0,228,228,0
3863,1,1,0,228,228,0
3864,1,1,0,228,228,0
3865,1,1,0,228,228,0
3866,1,1,0,228,228,0
3867,1,1,0,228,228,0
3868,1,1,0,228,228,0
3869,1,1,0,228,228,0
3870,1,1,0,228,228,0
3871,1,1,0,228,228,0
3872,1,1,0,228,228,0
3873,1,1,0,228,228,0
3874,1,1,0,228,228,0
3875,1,1,0,228,228,0
3876,1,1,0,228,228,0
3877,1,1,0,228,228,0
3878,3,0,3,1826,0,1826
3879,3,0,3,1826,0,1826
3880,1,1,0,24,24,0
3881,1,1,0,24,24,0
3882,1,1,0,24,24,0
3883,1,1,0,24,24,0
3884,1,1,0,24,24,0
3885,1,1,0,24,24,0
3886,1,0,1,1400,0,1400
3887,1,0,1,2238,0,2238
3888,1,0,1,2238,0,2238
3889,1,0,1,2238,0,2238
3890,1,0,1,130,0,130
3891,2,0,2,449,0,449
3892,2,0,2,878,0,878
3893,2,0,2,2313,0,2313
3894,2,0,2,3523,0,3523
3895,1,0,1,2148,0,2148
3896,2,1,1,2287,506,1781
3897,1,0,1,2207,0,2207
3898,4,3,1,4103,1751,2352
3899,3,3,0,600,600,0
3900,1,0,1,2022,0,2022
3901,2,0,2,2451,0,2451
3902,1,0,1,729,0,729
3903,4,0,4,7354,0,7354
3904,4,0,4,7354,0,7354
3905,5,5,0,1052,1052,0
3906,1,0,1,221,0,221
3907,1,0,1,314,0,314
3908,1,0,1,314,0,314
3909,1,0,1,314,0,314
3910,1,0,1,314,0,314
3911,1,0,1,314,0,314
3912,1,0,1,314,0,314
3913,1,0,1,314,0,314
3914,1,0,1,314,0,314
3915,1,0,1,314,0,314
3916,1,0,1,314,0,314
3917,1,0,1,314,0,314
3918,1,0,1,314,0,314
3919,1,0,1,314,0,314
3920,1,0,1,314,0,314
3921,1,0,1,314,0,314
3922,1,0,1,28,0,28
3923,1,1,0,1225,1225,0
3924,3,3,0,5590,5590,0
3925,1,1,0,233,233,0
3926,1,1,0,233,233,0
3927,2,2,0,4375,4375,0
3928,4,4,0,1303,1303,0
3929,4,4,0,1303,1303,0
3930,3,3,0,405,405,0
3931,5,5,0,2193,2193,0
3932,5,5,0,2193,2193,0
3933,2,2,0,585,585,0
3934,2,2,0,4447,4447,0
3935,2,2,0,4447,4447,0
3936,2,2,0,4447,4447,0
3937,2,2,0,4447,4447,0
3938,2,2,0,4447,4447,0
3939,2,2,0,4447,4447,0
3940,2,2,0,4447,4447,0
3941,1,1,0,294,294,0
3942,1,1,0,294,294,0
3943,1,0,1,498,0,498
3944,1,0,1,498,0,498
3945,1,0,1,498,0,498
3946,1,0,1,498,0,498
3947,1,0,1,498,0,498
3948,1,0,1,498,0,498
3949,1,0,1,498,0,498
3950,1,0,1,498,0,498
3951,1,0,1,498,0,498
3952,1,0,1,498,0,498
3953,1,0,1,498,0,498
3954,1,0,1,498,0,498
3955,1,0,1,498,0,498
3956,1,0,1,498,0,498
3957,1,0,1,498,0,498
3958,1,0,1,498,0,498
3959,1,0,1,498,0,498
3960,1,0,1,498,0,498
3961,1,0,1,498,0,498
3962,1,0,1,498,0,498
3963,1,0,1,498,0,498
3964,1,0,1,498,0,498
3965,1,0,1,498,0,498
3966,1,0,1,498,0,498
3967,1,0,1,498,0,498
3968,1,0,1,498,0,498
3969,1,0,1,498,0,498
3970,1,0,1,498,0,498
3971,1,1,0,71,71,0
3972,1,1,0,698,698,0
3973,1,1,0,698,698,0
3974,1,1,0,841,841,0
3975,1,1,0,841,841,0
3976,1,1,0,841,841,0
3977,1,1,0,841,841,0
3978,1,1,0,1107,1107,0
3979,1,1,0,156,156,0
3980,1,1,0,156,156,0
3981,1,1,0,156,156,0
3982,1,1,0,687,687,0
3983,1,1,0,483,483,0
3984,1,1,0,927,927,0
3985,1,1,0,927,927,0
3986,1,1,0,927,927,0
3987,1,1,0,927,927,0
3988,1,1,0,927,927,0
3989,2,0,2,306,0,306
3990,2,0,2,880,0,880
3991,1,0,1,562,0,562
3992,2,0,2,1764,0,1764
3993,1,0,1,812,0,812
3994,2,0,2,1902,0,1902
3995,2,0,2,1902,0,1902
3996,2,0,2,1902,0,1902
3997,1,0,1,1221,0,1221
3998,1,0,1,1221,0,1221
3999,3,0,3,2238,0,2238
4000,1,0,1,137,0,137
4001,3,0,3,805,0,805
4002,3,0,3,805,0,805
4003,3,0,3,805,0,805
4004,3,0,3,805,0,805
4005,3,0,3,805,0,805
4006,3,0,3,805,0,805
4007,1,1,0,1416,1416,0
4008,2,2,0,3876,3876,0
4009,1,1,0,1945,1945,0
4010,1,1,0,1945,1945,0
4011,1,1,0,1945,1945,0
4012,1,1,0,1945,1945,0
4013,1,1,0,1945,1945,0
4014,1,1,0,1945,1945,0
4015,1,0,1,607,0,607
4016,1,1,0,1837,1837,0
4017,1,1,0,1755,1755,0
4018,3,2,1,3881,3309,572
4019,3,2,1,3881,3309,572
4020,3,2,1,3881,3309,572
4021,2,1,1,2655,2055,600
4022,2,1,1,2655,2055,600
4023,2,2,0,2490,2490,0
4024,2,2,0,2490,2490,0
4025,2,2,0,795,795,0
4026,4,4,0,7237,7237,0
4027,2,2,0,3215,3215,0
4028,1,1,0,1364,1364,0
4029,1,0,1,305,0,305
4030,1,0,1,305,0,305
4031,1,0,1,305,0,305
4032,1,0,1,305,0,305
4033,1,0,1,305,0,305
4034,1,0,1,305,0,305
4035,1,0,1,305,0,305
4036,1,0,1,305,0,305
4037,1,0,1,305,0,305
4038,1,0,1,305,0,305
4039,1,0,1,305,0,305
4040,1,0,1,305,0,305
4041,1,0,1,305,0,305
4042,1,0,1,305,0,305
4043,1,0,1,305,0,305
4044,1,0,1,305,0,305
4045,1,0,1,305,0,305
4046,1,0,1,305,0,305
4047,1,0,1,305,0,305
4048,1,0,1,305,0,305
4049,1,0,1,305,0,305
4050,1,0,1,305,0,305
4051,1,0,1,305,0,305
4052,1,0,1,305,0,305
4053,1,0,1,305,0,305
4054,1,0,1,305,0,305
4055,1,0,1,305,0,305
4056,1,0,1,305,0,305
4057,1,0,1,305,0,305
4058,1,0,1,305,0,305
4059,1,0,1,305,0,305
4060,1,0,1,305,0,305
4061,1,0,1,305,0,305
4062,1,0,1,305,0,305
4063,1,0,1,305,0,305
4064,1,0,1,305,0,305
4065,1,0,1,305,0,305
4066,1,0,1,305,0,305
4067,1,0,1,305,0,305
4068,4,4,0,3570,3570,0
4069,8,0,8,29302,0,29302
4070,1,1,0,821,821,0
4071,1,1,0,1555,1555,0
4072,1,1,0,1744,1744,0
4073,1,1,0,1744,1744,0
4074,1,1,0,517,517,0
4075,2,2,0,148,148,0
4076,2,2,0,76,76,0
4077,2,2,0,276,276,0
4078,2,2,0,276,276,0
4079,2,2,0,276,276,0
4080,2,2,0,276,276,0
4081,2,2,0,276,276,0
4082,2,2,0,276,276,0
4083,2,2,0,134,134,0
4084,1,1,0,124,124,0
4085,2,2,0,417,417,0
4086,3,0,3,3606,0,3606
4087,1,0,1,2506,0,2506
4088,1,0,1,2506,0,2506
4089,1,0,1,2506,0,2506
4090,2,0,2,2191,0,2191
4091,1,0,1,63,0,63
4092,1,0,1,63,0,63
4093,3,0,3,2634,0,2634
4094,1,0,1,148,0,148
4095,1,0,1,259,0,259
4096,1,0,1,259,0,259
4097,1,0,1,525,0,525
4098,1,0,1,511,0,511
4099,1,0,1,852,0,852
4100,6,3,3,5947,1852,4095
4101,6,3,3,5947,1852,4095
4102,6,3,3,5947,1852,4095
4103,6,3,3,5947,1852,4095
4104,6,3,3,5947,1852,4095
4105,6,3,3,5947,1852,4095
4106,6,3,3,5947,1852,4095
4107,6,3,3,5947,1852,4095
4108,1,1,0,582,582,0
4109,1,1,0,582,582,0
4110,1,0,1,654,0,654
4111,2,2,0,549,549,0
4112,1,0,1,621,0,621
4113,1,0,1,621,0,621
4114,1,0,1,1050,0,1050
4115,1,0,1,1050,0,1050
4116,1,1,0,976,976,0
4117,4,4,0,2875,2875,0
4118,4,2,2,3511,1956,1555
4119,4,4,0,5206,5206,0
4120,7,3,4,7133,1446,5687
4121,2,1,1,1948,1064,884
4122,2,1,1,1948,1064,884
4123,2,0,2,2201,0,2201
4124,2,0,2,2201,0,2201
4125,2,0,2,5574,0,5574
4126,2,0,2,13449,0,13449
4127,2,0,2,13449,0,13449
4128,2,0,2,13449,0,13449
4129,2,0,2,13449,0,13449
4130,2,0,2,13449,0,13449
4131,2,0,2,13449,0,13449
4132,2,0,2,13449,0,13449
4133,2,0,2,13449,0,13449
4134,2,0,2,13449,0,13449
4135,2,0,2,13449,0,13449
4136,2,0,2,13449,0,13449
4137,2,0,2,13449,0,13449
4138,2,0,2,13449,0,13449
4139,2,0,2,13449,0,13449
4140,2,0,2,13449,0,13449
4141,2,0,2,13449,0,13449
4142,2,0,2,13449,0,13449
4143,1,1,0,61,61,0
4144,1,1,0,61,61,0
4145,1,1,0,61,61,0
4146,1,1,0,61,61,0
4147,1,1,0,61,61,0
4148,1,1,0,61,61,0
4149,1,1,0,138,138,0
4150,1,1,0,138,138,0
4151,1,1,0,138,138,0
4152,1,1,0,138,138,0
4153,1,1,0,138,138,0
4154,1,1,0,138,138,0
4155,1,1,0,138,138,0
4156,1,1,0,138,138,0
4157,1,1,0,138,138,0
4158,1,1,0,138,138,0
4159,1,1,0,138,138,0
4160,1,1,0,138,138,0
4161,2,2,0,598,598,0
4162,2,2,0,1838,1838,0
4163,2,2,0,128,128,0
4164,1,1,0,671,671,0
4165,1,1,0,1354,1354,0
4166,1,1,0,1467,1467,0
4167,1,1,0,1467,1467,0
4168,1,1,0,1467,1467,0
4169,2,2,0,1709,1709,0
4170,1,1,0,1685,1685,0
4171,4,4,0,3886,3886,0
4172,6,6,0,5155,5155,0
4173,6,6,0,5155,5155,0
4174,2,2,0,3220,3220,0
4175,1,1,0,1699,1699,0
4176,1,1,0,1699,1699,0
4177,1,1,0,1699,1699,0
4178,1,1,0,1699,1699,0
4179,1,1,0,1695,1695,0
4180,1,1,0,1594,1594,0
4181,1,1,0,1594,1594,0
4182,1,1,0,1594,1594,0
4183,1,1,0,243,243,0
4184,1,1,0,205,205,0
4185,7,2,5,1882,270,1612
4186,7,2,5,1882,270,1612
4187,7,2,5,1882,270,1612
4188,2,2,0,983,983,0
4189,5,5,0,2129,2129,0
4190,5,5,0,2129,2129,0
4191,5,5,0,2129,2129,0
4192,2,2,0,633,633,0
4193,2,0,2,2873,0,2873
4194,1,0,1,2026,0,2026
4195,1,0,1,2582,0,2582
4196,1,0,1,2582,0,2582
4197,3,3,0,1084,1084,0
4198,3,3,0,1084,1084,0
4199,3,3,0,1084,1084,0
4200,1,1,0,249,249,0
4201,2,0,2,1445,0,1445
4202,2,0,2,1445,0,1445
4203,1,1,0,1355,1355,0
4204,1,1,0,1355,1355,0
4205,1,1,0,750,750,0
4206,1,1,0,750,750,0
4207,1,1,0,750,750,0
4208,1,1,0,750,750,0
4209,1,1,0,750,750,0
4210,1,1,0,750,750,0
4211,1,1,0,750,750,0
4212,2,2,0,727,727,0
4213,2,2,0,1869,1869,0
4214,2,2,0,2099,2099,0
4215,2,2,0,2099,2099,0
4216,2,2,0,2099,2099,0
4217,2,2,0,2099,2099,0
4218,2,2,0,2099,2099,0
4219,2,2,0,3248,3248,0
4220,2,2,0,3888,3888,0
4221,2,2,0,3888,3888,0
4222,2,2,0,3888,3888,0
4223,2,0,2,1269,0,1269
4224,2,0,2,1269,0,1269
4225,2,0,2,1269,0,1269
4226,2,2,0,2013,2013,0
4227,2,2,0,2013,2013,0
4228,1,1,0,290,290,0
4229,1,1,0,290,290,0
4230,1,1,0,290,290,0
4231,1,1,0,290,290,0
4232,1,1,0,290,290,0
4233,1,1,0,290,290,0
4234,1,1,0,290,290,0
4235,1,1,0,290,290,0
4236,1,1,0,290,290,0
4237,1,1,0,290,290,0
4238,1,1,0,290,290,0
4239,1,1,0,290,290,0
4240,1,1,0,290,290,0
4241,1,1,0,290,290,0
4242,1,1,0,290,290,0
4243,1,1,0,290,290,0
4244,1,1,0,290,290,0
4245,1,1,0,290,290,0
4246,1,1,0,290,290,0
4247,1,1,0,290,290,0
4248,1,1,0,290,290,0
4249,1,1,0,290,290,0
4250,1,1,0,290,290,0
4251,1,1,0,290,290,0
4252,1,1,0,290,290,0
4253,1,1,0,290,290,0
4254,1,1,0,290,290,0
4255,1,1,0,290,290,0
4256,1,1,0,290,290,0
4257,1,1,0,290,290,0
4258,1,1,0,290,290,0
4259,1,1,0,290,290,0
4260,1,1,0,290,290,0
4261,1,1,0,290,290,0
4262,2,2,0,108,108,0
4263,1,1,0,252,252,0
4264,3,2,1,1277,1023,254
4265,1,1,0,307,307,0
4266,2,0,2,1635,0,1635
4267,4,0,4,7349,0,7349
4268,3,0,3,9268,0,9268
4269,2,0,2,971,0,971
4270,2,0,2,971,0,971
4271,2,0,2,971,0,971
4272,2,0,2,971,0,971
4273,2,0,2,971,0,971
4274,2,0,2,971,0,971
4275,2,0,2,971,0,971
4276,2,0,2,971,0,971
4277,2,0,2,971,0,971
4278,2,0,2,971,0,971
4279,1,1,0,55,55,0
4280,1,1,0,55,55,0
4281,1,1,0,55,55,0
4282,1,1,0,55,55,0
4283,1,1,0,55,55,0
4284,1,1,0,55,55,0
4285,1,1,0,55,55,0
4286,6,3,3,16653,2275,14378
4287,1,1,0,892,892,0
4288,1,1,0,892,892,0
4289,1,1,0,892,892,0
4290,2,2,0,405,405,0
4291,3,3,0,2846,2846,0
4292,3,3,0,2846,2846,0
4293,2,0,2,6008,0,6008
4294,2,1,1,3059,151,2908
4295,1,1,0,1371,1371,0
4296,2,2,0,1427,1427,0
4297,1,1,0,478,478,0
4298,3,3,0,3253,3253,0
4299,2,2,0,1600,1600,0
4300,1,1,0,1145,1145,0
4301,1,1,0,1916,1916,0
4302,1,1,0,3241,3241,0
4303,1,1,0,3241,3241,0
4304,1,1,0,3241,3241,0
4305,1,1,0,3241,3241,0
4306,8,7,1,8518,7947,571
4307,1,0,1,1432,0,1432
4308,1,1,0,1669,1669,0
4309,1,1,0,517,517,0
4310,1,1,0,1076,1076,0
4311,1,1,0,1076,1076,0
4312,1,1,0,1271,1271,0
4313,2,2,0,483,483,0
4314,4,4,0,9539,9539,0
4315,4,4,0,9939,9939,0
4316,5,5,0,10969,10969,0
4317,1,1,0,3240,3240,0
4318,1,1,0,3738,3738,0
4319,3,3,0,10190,10190,0
4320,3,3,0,6887,6887,0
4321,3,3,0,6887,6887,0
4322,2,2,0,1322,1322,0
4323,2,2,0,2812,2812,0
4324,1,1,0,1416,1416,0
4325,1,1,0,1416,1416,0
4326,1,1,0,1416,1416,0
4327,1,1,0,1416,1416,0
4328,1,1,0,1416,1416,0
4329,1,1,0,1416,1416,0
4330,2,2,0,1623,1623,0
4331,2,2,0,4969,4969,0
4332,3,3,0,4042,4042,0
4333,3,3,0,4042,4042,0
4334,3,3,0,4042,4042,0
4335,3,3,0,4042,4042,0
4336,3,3,0,4042,4042,0
4337,3,3,0,4042,4042,0
4338,3,3,0,4042,4042,0
4339,3,3,0,4042,4042,0
4340,3,3,0,4042,4042,0
4341,3,3,0,4042,4042,0
4342,3,3,0,4042,4042,0
4343,3,3,0,4042,4042,0
4344,3,3,0,4042,4042,0
4345,3,3,0,4042,4042,0
4346,3,3,0,4042,4042,0
4347,3,3,0,4042,4042,0
4348,3,3,0,4042,4042,0
4349,3,3,0,4042,4042,0
4350,3,3,0,4042,4042,0
4351,3,3,0,4042,4042,0
4352,3,3,0,4042,4042,0
4353,3,3,0,4042,4042,0
4354,3,3,0,4042,4042,0
4355,3,3,0,4042,4042,0
4356,3,3,0,4042,4042,0
4357,1,0,1,216,0,216
4358,1,0,1,216,0,216
4359,2,0,2,11583,0,11583
4360,1,0,1,4454,0,4454
4361,1,0,1,4454,0,4454
4362,4,3,1,1764,1439,325
4363,4,3,1,1764,1439,325
4364,3,0,3,5470,0,5470
4365,3,3,0,2957,2957,0
4366,4,1,3,7102,301,6801
4367,1,0,1,2454,0,2454
4368,2,1,1,656,249,407
4369,2,2,0,1171,1171,0
4370,2,2,0,1312,1312,0
4371,3,3,0,2981,2981,0
4372,2,2,0,2505,2505,0
4373,2,2,0,2505,2505,0
4374,2,2,0,2505,2505,0
4375,2,2,0,386,386,0
4376,2,1,1,115,63,52
4377,2,1,1,115,63,52
4378,2,2,0,3531,3531,0
4379,7,5,2,5571,5201,370
4380,1,0,1,2022,0,2022
4381,2,0,2,1724,0,1724
4382,1,1,0,480,480,0
4383,6,6,0,3279,3279,0
4384,2,0,2,578,0,578
4385,1,1,0,276,276,0
4386,5,2,3,3087,1471,1616
4387,3,2,1,3134,1575,1559
4388,6,3,3,5557,549,5008
4389,7,7,0,3868,3868,0
4390,1,1,0,350,350,0
4391,4,4,0,1846,1846,0
4392,4,4,0,1846,1846,0
4393,2,2,0,254,254,0
4394,2,2,0,254,254,0
4395,2,2,0,254,254,0
4396,2,2,0,1349,1349,0
4397,4,4,0,1273,1273,0
4398,8,2,6,3272,1415,1857
4399,5,0,5,2444,0,2444
4400,7,3,4,6069,3302,2767
4401,8,1,7,11149,721,10428
4402,5,5,0,8540,8540,0
4403,5,1,4,10121,554,9567
4404,5,3,2,4603,3420,1183
4405,8,7,1,6178,5372,806
4406,4,0,4,4851,0,4851
4407,3,0,3,2834,0,2834
4408,2,2,0,931,931,0
4409,3,3,0,1315,1315,0
4410,3,3,0,1315,1315,0
4411,3,3,0,1315,1315,0
4412,3,3,0,1315,1315,0
4413,3,3,0,1315,1315,0
4414,3,3,0,1315,1315,0
4415,3,3,0,1315,1315,0
4416,3,3,0,1315,1315,0
4417,3,3,0,1315,1315,0
4418,3,3,0,1315,1315,0
4419,3,3,0,1315,1315,0
4420,3,3,0,1315,1315,0
4421,3,3,0,1315,1315,0
4422,3,3,0,1315,1315,0
4423,3,3,0,1315,1315,0
4424,3,3,0,1315,1315,0
4425,3,3,0,1315,1315,0
4426,3,3,0,1315,1315,0
4427,3,3,0,1315,1315,0
4428,3,3,0,1315,1315,0
4429,3,3,0,1315,1315,0
4430,3,3,0,1315,1315,0
4431,3,3,0,1315,1315,0
4432,3,3,0,1315,1315,0
4433,3,3,0,1315,1315,0
4434,3,3,0,1315,1315,0
4435,3,3,0,1315,1315,0
4436,3,3,0,1315,1315,0
4437,3,3,0,1315,1315,0
4438,3,3,0,1315,1315,0
4439,3,3,0,1315,1315,0
4440,3,3,0,1315,1315,0
4441,3,3,0,1315,1315,0
4442,3,3,0,1315,1315,0
4443,3,3,0,1315,1315,0
4444,3,3,0,1315,1315,0
4445,3,3,0,1315,1315,0
4446,3,3,0,1315,1315,0
4447,3,3,0,1315,1315,0
4448,3,3,0,1315,1315,0
4449,3,3,0,1315,1315,0
4450,3,3,0,1315,1315,0
4451,3,0,3,2312,0,2312
4452,3,0,3,2312,0,2312
4453,7,2,5,9198,3531,5667
4454,2,2,0,1504,1504,0
4455,2,2,0,1504,1504,0
4456,2,2,0,1504,1504,0
4457,2,0,2,3696,0,3696
4458,4,3,1,7099,5281,1818
4459,6,3,3,11133,8045,3088
4460,6,2,4,3789,157,3632
4461,6,2,4,3789,157,3632
4462,1,1,0,797,797,0
4463,1,1,0,797,797,0
4464,1,1,0,797,797,0
4465,1,1,0,202,202,0
4466,1,1,0,104,104,0
4467,5,3,2,2679,688,1991
4468,2,0,2,1659,0,1659
4469,3,2,1,1248,674,574
4470,4,4,0,3036,3036,0
4471,1,0,1,1814,0,1814
4472,5,3,2,3716,1689,2027
4473,2,1,1,2552,907,1645
4474,5,2,3,3503,1783,1720
4475,12,10,2,8359,5092,3267
4476,4,3,1,4914,3190,1724
4477,4,4,0,869,869,0
4478,4,4,0,869,869,0
4479,2,0,2,688,0,688
4480,2,2,0,5461,5461,0
4481,7,1,6,4681,263,4418
4482,5,2,3,8217,889,7328
4483,9,5,4,14206,5567,8639
4484,6,6,0,3058,3058,0
4485,4,3,1,2004,1723,281
4486,6,4,2,2618,2126,492
4487,1,1,0,168,168,0
4488,1,1,0,168,168,0
4489,2,2,0,2669,2669,0
4490,2,1,1,2696,1754,942
4491,1,1,0,314,314,0
4492,1,1,0,433,433,0
4493,3,3,0,2158,2158,0
4494,3,3,0,2158,2158,0
4495,1,1,0,1870,1870,0
4496,9,3,6,14853,1426,13427
4497,1,0,1,1444,0,1444
4498,4,4,0,2184,2184,0
4499,2,1,1,1844,291,1553
4500,2,2,0,5870,5870,0
4501,4,4,0,5620,5620,0
4502,3,1,2,2087,63,2024
4503,4,3,1,3066,950,2116
4504,2,1,1,950,327,623
4505,2,0,2,2051,0,2051
4506,2,0,2,2051,0,2051
4507,2,0,2,2051,0,2051
4508,5,5,0,4450,4450,0
4509,3,2,1,527,269,258
4510,1,0,1,2163,0,2163
4511,1,0,1,2806,0,2806
4512,1,0,1,2806,0,2806
4513,1,0,1,2806,0,2806
4514,1,0,1,2806,0,2806
4515,1,0,1,2806,0,2806
4516,1,0,1,2806,0,2806
4517,1,1,0,144,144,0
4518,1,1,0,144,144,0
4519,1,1,0,144,144,0
4520,1,1,0,144,144,0
4521,1,1,0,144,144,0
4522,1,1,0,144,144,0
4523,1,1,0,144,144,0
4524,1,0,1,56,0,56
4525,2,0,2,200,0,200
4526,1,0,1,169,0,169
4527,1,0,1,169,0,169
4528,1,0,1,238,0,238
4529,1,0,1,238,0,238
4530,1,0,1,238,0,238
4531,1,0,1,238,0,238
4532,1,0,1,238,0,238
4533,1,0,1,238,0,238
4534,1,0,1,238,0,238
4535,1,0,1,238,0,238
4536,1,0,1,238,0,238
4537,1,0,1,238,0,238
4538,1,0,1,238,0,238
4539,1,0,1,238,0,238
4540,1,0,1,238,0,238
4541,1,0,1,238,0,238
4542,1,0,1,238,0,238
4543,1,0,1,238,0,238
4544,1,0,1,238,0,238
4545,1,0,1,238,0,238
4546,1,0,1,238,0,238
4547,1,0,1,238,0,238
4548,1,0,1,238,0,238
4549,2,2,0,629,629,0
4550,3,3,0,1209,1209,0
4551,4,4,0,2831,2831,0
4552,2,2,0,7970,7970,0
4553,5,3,2,6153,4688,1465
4554,3,3,0,456,456,0
4555,8,8,0,3429,3429,0
4556,9,9,0,12803,12803,0
4557,10,10,0,16964,16964,0
4558,6,5,1,8258,7585,673
4559,9,2,7,13914,1669,12245
4560,5,5,0,5051,5051,0
4561,6,3,3,11891,3842,8049
4562,7,3,4,20992,1791,19201
4563,7,3,4,20992,1791,19201
4564,4,3,1,2731,2177,554
4565,1,0,1,5779,0,5779
4566,5,3,2,13552,4674,8878
4567,6,3,3,15986,4260,11726
4568,2,2,0,257,257,0
4569,4,3,1,11556,1751,9805
4570,6,5,1,2865,2208,657
4571,7,4,3,9576,2687,6889
4572,11,6,5,24176,3156,21020
4573,3,1,2,11478,547,10931
4574,6,3,3,8546,2963,5583
4575,11,8,3,4565,2219,2346
4576,9,2,7,11249,517,10732
4577,7,1,6,15244,334,14910
4578,8,6,2,10834,2996,7838
4579,7,3,4,11503,2374,9129
4580,4,3,1,7846,4321,3525
4581,7,7,0,10194,10194,0
4582,6,6,0,6578,6578,0
4583,1,1,0,413,413,0
4584,1,1,0,647,647,0
4585,8,5,3,14009,2636,11373
4586,3,1,2,7995,1801,6194
4587,2,0,2,7765,0,7765
4588,1,0,1,2468,0,2468
4589,2,0,2,3196,0,3196
4590,9,4,5,18350,958,17392
4591,3,0,3,14982,0,14982
4592,3,0,3,14982,0,14982
4593,1,1,0,191,191,0
4594,2,0,2,3936,0,3936
4595,2,0,2,10244,0,10244
4596,2,2,0,517,517,0
4597,16,16,0,13759,13759,0
4598,8,6,2,9239,5389,3850
4599,12,11,1,18401,17151,1250
4600,9,8,1,11027,8739,2288
4601,8,2,6,20797,2616,18181
4602,2,1,1,6404,3212,3192
4603,3,1,2,4438,191,4247
4604,5,4,1,5766,4908,858
4605,7,5,2,10268,2615,7653
4606,5,1,4,9547,2551,6996
4607,5,1,4,9547,2551,6996
4608,4,0,4,18072,0,18072
4609,4,0,4,18072,0,18072
4610,1,1,0,78,78,0
4611,1,1,0,78,78,0
4612,6,6,0,1238,1238,0
4613,6,6,0,1238,1238,0
4614,6,6,0,1238,1238,0
4615,6,6,0,1238,1238,0
4616,2,0,2,401,0,401
4617,2,0,2,401,0,401
4618,2,0,2,401,0,401
4619,2,0,2,401,0,401
4620,2,0,2,401,0,401
4621,2,0,2,401,0,401
4622,2,0,2,401,0,401
4623,2,0,2,401,0,401
4624,2,0,2,401,0,401
4625,2,0,2,401,0,401
4626,2,0,2,401,0,401
4627,2,0,2,401,0,401
4628,2,0,2,401,0,401
4629,2,0,2,401,0,401
4630,2,2,0,361,361,0
4631,2,1,1,1499,517,982
4632,2,1,1,1499,517,982
4633,2,1,1,1499,517,982
4634,2,1,1,1499,517,982
4635,2,1,1,1499,517,982
4636,2,1,1,1499,517,982
4637,2,1,1,1499,517,982
4638,2,1,1,1499,517,982
4639,2,1,1,1499,517,982
4640,2,2,0,674,674,0
4641,2,2,0,674,674,0
4642,3,3,0,474,474,0
4643,4,3,1,1363,952,411
4644,4,3,1,2108,1708,400
4645,16,10,6,9978,4139,5839
4646,19,11,8,32626,11168,21458
4647,10,6,4,13257,8324,4933
4648,13,7,6,9431,5474,3957
4649,11,9,2,10742,9813,929
4650,18,13,5,15187,13537,1650
4651,19,14,5,9563,6216,3347
4652,18,14,4,14095,8958,5137
4653,28,15,13,25356,4575,20781
4654,19,11,8,19888,4655,15233
4655,9,5,4,13339,2743,10596
4656,7,2,5,12296,5774,6522
4657,1,0,1,4177,0,4177
4658,1,1,0,834,834,0
4659,1,0,1,167,0,167
4660,4,2,2,4700,316,4384
4661,10,10,0,6906,6906,0
4662,7,7,0,10408,10408,0
4663,13,5,8,9406,1135,8271
4664,14,7,7,13137,3040,10097
4665,15,12,3,9470,7106,2364
4666,24,15,9,28669,8556,20113
4667,23,18,5,62896,55857,7039
4668,14,12,2,11854,5537,6317
4669,27,18,9,28965,11523,17442
4670,16,12,4,17861,7546,10315
4671,14,8,6,11134,7021,4113
4672,30,13,17,19920,5307,14613
4673,15,12,3,21482,12727,8755
4674,28,16,12,40959,8863,32096
4675,15,12,3,24160,8706,15454
4676,19,15,4,12952,8086,4866
4677,14,8,6,13434,8241,5193
4678,22,17,5,18139,14099,4040
4679,4,2,2,9757,5362,4395
4680,3,3,0,1092,1092,0
4681,4,4,0,2012,2012,0
4682,8,8,0,8376,8376,0
4683,6,2,4,7778,3296,4482
4684,5,2,3,10632,3614,7018
4685,6,5,1,3192,2566,626
4686,17,8,9,17652,6595,11057
4687,8,2,6,17630,3649,13981
4688,11,6,5,21371,6600,14771
4689,13,6,7,7702,3519,4183
4690,13,8,5,14436,7417,7019
4691,8,7,1,5376,4861,515
4692,15,13,2,19724,18256,1468
4693,6,5,1,6156,5507,649
4694,10,7,3,14502,11932,2570
4695,16,10,6,22380,14336,8044
4696,14,8,6,18324,8203,10121
4697,12,6,6,19531,7815,11716
4698,15,5,10,49579,8754,40825
4699,9,7,2,15515,9062,6453
4700,14,10,4,30375,14922,15453
4701,8,8,0,57742,57742,0
4702,9,9,0,12820,12820,0
4703,9,8,1,12365,11981,384
4704,14,10,4,16338,13800,2538
4705,14,2,12,12368,1029,11339
4706,18,3,15,28768,3090,25678
4707,14,1,13,17028,1372,15656
4708,4,0,4,13728,0,13728
4709,7,1,6,5198,300,4898
4710,2,0,2,2867,0,2867
4711,2,0,2,2867,0,2867
4712,2,0,2,2867,0,2867
4713,2,0,2,2867,0,2867
4714,2,0,2,2867,0,2867
4715,2,0,2,2867,0,2867
4716,2,0,2,2867,0,2867
4717,1,1,0,158,158,0
4718,1,0,1,531,0,531
4719,1,0,1,531,0,531
4720,1,1,0,806,806,0
4721,1,1,0,806,806,0
4722,1,0,1,2136,0,2136
4723,1,0,1,2136,0,2136
4724,1,0,1,2136,0,2136
4725,1,0,1,2136,0,2136
4726,1,0,1,2136,0,2136
4727,1,0,1,2136,0,2136
4728,1,0,1,2136,0,2136
4729,1,0,1,2136,0,2136
4730,1,1,0,479,479,0
4731,1,1,0,479,479,0
4732,1,0,1,3025,0,3025
4733,1,0,1,3025,0,3025
4734,2,0,2,4263,0,4263
4735,2,0,2,4263,0,4263
4736,1,1,0,868,868,0
4737,2,2,0,1123,1123,0
4738,5,3,2,12645,4504,8141
4739,11,6,5,12830,6418,6412
4740,13,9,4,15753,12304,3449
4741,9,8,1,6988,4687,2301
4742,34,25,9,28882,15532,13350
4743,30,23,7,28782,21057,7725
4744,42,27,15,35000,16210,18790
4745,37,27,10,32807,22216,10591
4746,44,25,19,44414,22379,22035
4747,27,19,8,24150,16559,7591
4748,34,23,11,49453,33473,15980
4749,43,30,13,43723,24678,19045
4750,34,20,14,30433,19957,10476
4751,16,13,3,28942,21828,7114
4752,7,6,1,11760,11040,720
4753,10,4,6,8946,658,8288
4754,13,7,6,19986,11248,8738
4755,5,2,3,10795,7488,3307
4756,20,14,6,30355,22046,8309
4757,15,10,5,14851,11352,3499
4758,12,10,2,12941,11115,1826
4759,29,23,6,45024,36512,8512
4760,19,13,6,36297,27569,8728
4761,30,26,4,35224,28744,6480
4762,26,21,5,41222,36272,4950
4763,25,17,8,23467,12543,10924
4764,19,16,3,14881,8489,6392
4765,42,30,12,38611,22574,16037
4766,45,28,17,49149,35541,13608
4767,44,26,18,35755,16625,19130
4768,39,23,16,48031,27322,20709
4769,37,22,15,54645,19755,34890
4770,40,28,12,36287,19358,16929
4771,35,22,13,29742,20195,9547
4772,32,20,12,24598,15219,9379
4773,39,31,8,45280,37833,7447
4774,21,14,7,19445,9043,10402
4775,18,13,5,18163,8460,9703
4776,7,7,0,4021,4021,0
4777,4,3,1,2412,519,1893
4778,8,4,4,15174,1489,13685
4779,4,3,1,1751,1451,300
4780,16,12,4,13531,9875,3656
4781,12,9,3,26377,11783,14594
4782,12,9,3,18304,8777,9527
4783,20,16,4,41638,25445,16193
4784,16,9,7,39911,16705,23206
4785,17,13,4,24909,19044,5865
4786,19,17,2,17917,15544,2373
4787,14,12,2,16900,13940,2960
4788,15,10,5,20559,11993,8566
4789,11,9,2,22373,16075,6298
4790,20,15,5,33378,23535,9843
4791,10,4,6,13542,2784,10758
4792,7,3,4,7823,1636,6187
4793,19,15,4,17961,11748,6213
4794,16,6,10,23775,3379,20396
4795,17,11,6,20765,11687,9078
4796,11,5,6,15596,7981,7615
4797,12,12,0,10825,10825,0
4798,32,29,3,21570,17312,4258
4799,16,13,3,14437,9383,5054
4800,8,7,1,8089,6765,1324
4801,9,5,4,12198,7161,5037
4802,2,1,1,2918,1416,1502
4803,6,5,1,1620,934,686
4804,13,13,0,5518,5518,0
4805,8,7,1,5204,3842,1362
4806,12,11,1,9733,8448,1285
4807,9,9,0,3566,3566,0
4808,11,11,0,5372,5372,0
4809,8,8,0,2711,2711,0
4810,5,5,0,3428,3428,0
4811,11,10,1,4713,4347,366
4812,6,6,0,2800,2800,0
4813,6,6,0,2800,2800,0
4814,6,6,0,2800,2800,0
4815,6,6,0,2800,2800,0
4816,6,6,0,2800,2800,0
4817,6,6,0,2800,2800,0
4818,6,6,0,2800,2800,0
4819,6,6,0,2800,2800,0
4820,6,6,0,2800,2800,0
4821,6,6,0,2800,2800,0
4822,6,6,0,2800,2800,0
4823,6,6,0,2800,2800,0
4824,6,6,0,2800,2800,0
4825,6,6,0,2800,2800,0
4826,6,6,0,2800,2800,0
4827,6,6,0,2800,2800,0
4828,6,6,0,2800,2800,0
4829,6,6,0,2800,2800,0
4830,6,6,0,2800,2800,0
4831,6,6,0,2800,2800,0
4832,5,5,0,3557,3557,0
4833,4,4,0,8623,8623,0
4834,9,8,1,12546,11285,1261
4835,15,13,2,26374,24612,1762
4836,27,19,8,32546,24789,7757
4837,28,18,10,15601,6563,9038
4838,28,20,8,19540,9735,9805
4839,29,20,9,20770,9219,11551
4840,22,19,3,26281,19474,6807
4841,36,35,1,22868,22111,757
4842,34,25,9,27919,16092,11827
4843,39,28,11,43646,29231,14415
4844,42,33,9,49114,38254,10860
4845,70,53,17,67893,35727,32166
4846,36,32,4,20869,17600,3269
4847,25,21,4,20291,17948,2343
4848,11,10,1,6273,5511,762
4849,3,3,0,1154,1154,0
4850,8,5,3,10369,3136,7233
4851,9,8,1,6764,6383,381
4852,11,9,2,12214,8424,3790
4853,12,8,4,7874,4988,2886
4854,17,11,6,15769,6765,9004
4855,21,14,7,16057,9612,6445
4856,12,5,7,10014,3913,6101
4857,27,17,10,22508,11149,11359
4858,40,28,12,34918,21105,13813
4859,36,27,9,31070,20128,10942
4860,37,23,14,31755,11835,19920
4861,39,30,9,40911,28999,11912
4862,33,28,5,23177,16816,6361
4863,50,39,11,52425,36046,16379
4864,42,26,16,42799,26538,16261
4865,53,37,16,48279,26107,22172
4866,63,43,20,78669,52616,26053
4867,43,35,8,53488,41998,11490
4868,28,21,7,27157,16122,11035
4869,39,35,4,39344,32424,6920
4870,36,30,6,30515,20157,10358
4871,15,10,5,13085,7658,5427
4872,12,11,1,14127,13621,506
4873,18,16,2,23637,17467,6170
4874,14,8,6,16016,7953,8063
4875,19,15,4,39966,34295,5671
4876,31,26,5,40588,35569,5019
4877,40,33,7,45934,40522,5412
4878,27,19,8,32444,20775,11669
4879,20,11,9,20970,8252,12718
4880,28,15,13,30605,9472,21133
4881,26,16,10,22084,6863,15221
4882,18,10,8,22074,9837,12237
4883,20,13,7,38171,18912,19259
4884,16,12,4,25549,19906,5643
4885,20,13,7,26792,16525,10267
4886,23,15,8,30186,15543,14643
4887,29,20,9,37524,19655,17869
4888,22,13,9,27210,11070,16140
4889,19,15,4,20603,13542,7061
4890,7,4,3,11040,2800,8240
4891,14,6,8,30181,10964,19217
4892,17,9,8,17442,9528,7914
4893,15,8,7,24223,12221,12002
4894,16,11,5,18763,13338,5425
4895,13,7,6,22001,9596,12405
4896,12,8,4,16928,10688,6240
4897,7,4,3,7823,3736,4087
4898,6,3,3,7875,3367,4508
4899,16,6,10,24520,3312,21208
4900,3,2,1,3786,2335,1451
4901,3,2,1,3786,2335,1451
4902,1,1,0,700,700,0
4903,4,3,1,1532,1154,378
4904,4,3,1,1532,1154,378
4905,4,3,1,1532,1154,378
4906,4,3,1,1532,1154,378
4907,1,1,0,222,222,0
4908,12,8,4,8355,3221,5134
4909,12,8,4,8355,3221,5134
4910,4,2,2,3516,980,2536
4911,4,2,2,3516,980,2536
4912,1,0,1,1744,0,1744
4913,1,0,1,1744,0,1744
4914,1,0,1,1744,0,1744
4915,1,0,1,1744,0,1744
4916,1,0,1,1744,0,1744
4917,1,0,1,1744,0,1744
4918,1,0,1,1744,0,1744
4919,1,0,1,1744,0,1744
4920,1,0,1,1744,0,1744
4921,1,0,1,1744,0,1744
4922,1,0,1,1744,0,1744
4923,1,0,1,1744,0,1744
4924,1,0,1,1744,0,1744
4925,1,1,0,381,381,0
4926,1,1,0,381,381,0
4927,4,3,1,845,508,337
4928,4,3,1,845,508,337
4929,1,1,0,194,194,0
4930,3,3,0,864,864,0
4931,3,3,0,1988,1988,0
4932,8,3,5,4039,1452,2587
4933,18,15,3,14702,9763,4939
4934,38,30,8,22935,13831,9104
4935,37,26,11,46173,13332,32841
4936,50,36,14,72209,33343,38866
4937,49,40,9,60995,47560,13435
4938,76,55,21,133226,69513,63713
4939,59,49,10,66607,43556,23051
4940,58,43,15,71337,54200,17137
4941,61,42,19,51519,30818,20701
4942,50,34,16,57161,33030,24131
4943,47,32,15,49382,23476,25906
4944,18,13,5,24082,12979,11103
4945,17,14,3,26733,10682,16051
4946,11,10,1,17191,16262,929
4947,18,11,7,32725,19471,13254
4948,17,15,2,22243,19966,2277
4949,13,11,2,11330,8677,2653
4950,32,22,10,29105,18882,10223
4951,17,13,4,12594,7149,5445
4952,28,15,13,23834,9290,14544
4953,27,19,8,25951,13350,12601
4954,37,26,11,46614,20015,26599
4955,42,26,16,49774,24332,25442
4956,71,47,24,89939,48576,41363
4957,43,28,15,57880,34249,23631
4958,67,41,26,109547,29025,80522
4959,55,28,27,44720,15128,29592
4960,39,21,18,43155,18105,25050
4961,61,37,24,60032,26768,33264
4962,44,34,10,68169,47258,20911
4963,51,41,10,46931,30779,16152
4964,58,45,13,50812,29370,21442
4965,55,41,14,49854,26627,23227
4966,34,29,5,27549,18492,9057
4967,23,18,5,24312,11389,12923
4968,16,10,6,24978,9663,15315
4969,15,12,3,19056,15835,3221
4970,22,15,7,13965,7444,6521
4971,28,19,9,38307,23575,14732
4972,14,7,7,22241,7646,14595
4973,19,6,13,28022,2786,25236
4974,12,12,0,11422,11422,0
4975,9,6,3,9083,3455,5628
4976,24,20,4,21411,18966,2445
4977,29,12,17,29192,8957,20235
4978,30,11,19,28989,10228,18761
4979,42,32,10,54654,39479,15175
4980,21,16,5,23382,12709,10673
4981,26,17,9,23895,9722,14173
4982,15,14,1,12413,12105,308
4983,24,21,3,24599,21112,3487
4984,17,14,3,17079,14685,2394
4985,10,8,2,11795,9111,2684
4986,16,5,11,17059,2240,14819
4987,12,8,4,8432,3531,4901
4988,34,9,25,22286,4280,18006
4989,35,18,17,30474,11866,18608
4990,16,10,6,12198,6027,6171
4991,10,7,3,12361,5737,6624
4992,1,1,0,1234,1234,0
4993,7,4,3,3807,2036,1771
4994,7,2,5,5034,595,4439
4995,4,1,3,3430,891,2539
4996,4,1,3,3430,891,2539
4997,3,0,3,4263,0,4263
4998,7,6,1,6592,5345,1247
4999,7,6,1,6592,5345,1247
5000,7,6,1,6592,5345,1247
5001,7,6,1,6592,5345,1247
5002,2,1,1,1700,67,1633
5003,1,0,1,853,0,853
5004,1,0,1,853,0,853
5005,1,0,1,853,0,853
5006,1,0,1,853,0,853
5007,1,0,1,853,0,853
5008,1,0,1,853,0,853
5009,1,0,1,853,0,853
5010,1,0,1,853,0,853
5011,1,0,1,853,0,853
5012,1,0,1,853,0,853
5013,1,0,1,853,0,853
5014,1,0,1,853,0,853
5015,1,0,1,853,0,853
5016,1,0,1,853,0,853
5017,1,0,1,853,0,853
5018,1,0,1,853,0,853
5019,1,0,1,853,0,853
5020,1,0,1,853,0,853
5021,1,0,1,853,0,853
5022,1,0,1,1289,0,1289
5023,1,0,1,1289,0,1289
5024,1,0,1,1289,0,1289
5025,5,3,2,1039,874,165
5026,1,1,0,1121,1121,0
5027,8,6,2,6470,4306,2164
5028,15,15,0,13395,13395,0
5029,11,7,4,15673,10412,5261
5030,22,10,12,26081,12161,13920
5031,71,50,21,45114,27651,17463
5032,38,23,15,31650,19659,11991
5033,37,23,14,36319,6695,29624
5034,28,12,16,41529,8726,32803
5035,39,29,10,40588,27255,13333
5036,35,28,7,23227,17733,5494
5037,56,39,17,29085,17548,11537
5038,31,26,5,23505,20307,3198
5039,40,32,8,53114,31138,21976
5040,12,11,1,18297,17228,1069
5041,12,7,5,14542,6135,8407
5042,6,3,3,3427,3179,248
5043,10,9,1,14598,11898,2700
5044,12,9,3,14780,11531,3249
5045,12,10,2,15084,13578,1506
5046,13,11,2,21101,19270,1831
5047,17,11,6,17963,14290,3673
5048,29,14,15,36556,12119,24437
5049,36,19,17,39417,17987,21430
5050,41,30,11,51857,44394,7463
5051,49,36,13,65670,27302,38368
5052,42,23,19,42078,21010,21068
5053,59,34,25,76941,30268,46673
5054,64,48,16,72707,49992,22715
5055,104,78,26,94339,66620,27719
5056,63,43,20,84071,45714,38357
5057,52,36,16,70401,51561,18840
5058,298,284,14,162461,135988,26473
5059,44,31,13,52204,25875,26329
5060,52,34,18,41250,21953,19297
5061,68,49,19,89731,57516,32215
5062,56,42,14,68319,43953,24366
5063,1390,1382,8,310609,305445,5164
5064,1502,1499,3,328586,322967,5619
5065,1359,1345,14,309550,294447,15103
5066,33,8,25,26642,8564,18078
5067,55,18,37,50198,18638,31560
5068,60,22,38,74734,29452,45282
5069,62,33,29,64558,25435,39123
5070,1507,1482,25,370526,325917,44609
5071,55,17,38,77168,21186,55982
5072,52,20,32,63341,14906,48435
5073,55,18,37,74543,22121,52422
5074,53,19,34,61464,17086,44378
5075,115,85,30,74467,44171,30296
5076,138,68,70,106675,38667,68008
5077,67,18,49,64357,22550,41807
5078,63,20,43,74323,20624,53699
5079,64,6,58,45844,5482,40362
5080,79,16,63,46782,15721,31061
5081,69,16,53,72534,23056,49478
5082,94,25,69,147827,29346,118481
5083,101,16,85,138902,7210,131692
5084,176,21,155,170417,12422,157995
5085,149,14,135,171047,12823,158224
5086,73,3,70,126124,2346,123778
5087,1440,1360,80,415262,282373,132889
5088,1173,1109,64,331387,231664,99723
5089,3036,2981,55,703451,619030,84421
5090,7,1,6,7237,196,7041
5091,5,2,3,11189,1807,9382
5092,8,3,5,17653,4719,12934
5093,5,1,4,14191,1263,12928
5094,6,1,5,15644,1187,14457
5095,4,0,4,4154,0,4154
5096,4,0,4,10715,0,10715
5097,5,1,4,9848,1529,8319
5098,6,3,3,12667,4961,7706
5099,8,6,2,12582,11125,1457
5100,3,0,3,4282,0,4282
5101,6,3,3,9407,1847,7560
5102,7,5,2,11633,8226,3407
5103,3,2,1,4343,3845,498
5104,2,0,2,4652,0,4652
5105,6,0,6,5055,0,5055
5106,3,0,3,2825,0,2825
5107,1366,1360,6,294693,282296,12397
5108,1366,1360,6,294693,282296,12397
5109,1366,1360,6,294693,282296,12397
5110,5,0,5,7666,0,7666
5111,526,520,6,114312,108103,6209
5112,845,840,5,179197,174294,4903
5113,1360,1360,0,282382,282382,0
5114,1364,1360,4,287360,282540,4820
5115,3,0,3,5574,0,5574
5116,4,0,4,8109,0,8109
5117,4,1,3,2647,252,2395
5118,5,1,4,5921,543,5378
5119,2,1,1,1226,294,932
5120,5,0,5,7801,0,7801
5121,4,0,4,3476,0,3476
5122,4,1,3,7906,869,7037
5123,13,8,5,12124,5336,6788
5124,36,20,16,28721,9528,19193
5125,46,28,18,40179,18417,21762
5126,35,19,16,39716,19002,20714
5127,41,27,14,25784,12863,12921
5128,48,32,16,46769,18338,28431
5129,60,40,20,37476,21854,15622
5130,37,25,12,31012,13932,17080
5131,48,30,18,32867,15513,17354
5132,61,49,12,49926,29427,20499
5133,48,25,23,60171,27705,32466
5134,58,37,21,44018,19901,24117
5135,26,14,12,26275,7483,18792
5136,1375,1370,5,292853,286480,6373
5137,1381,1380,1,293174,291432,1742
5138,20,15,5,15498,10997,4501
5139,1378,1375,3,299699,292643,7056
5140,21,17,4,32620,21241,11379
5141,241,235,6,43348,37882,5466
5142,38,25,13,31952,22183,9769
5143,34,26,8,41783,34229,7554
5144,26,17,9,23784,16145,7639
5145,42,29,13,36473,20114,16359
5146,1383,1375,8,314585,302731,11854
5147,53,32,21,41994,16118,25876
5148,137,128,9,49198,38585,10613
5149,33,21,12,36390,16001,20389
5150,36,25,11,82968,63043,19925
5151,47,34,13,49559,36024,13535
5152,47,33,14,44338,26759,17579
5153,51,32,19,49190,29152,20038
5154,105,83,22,100539,65908,34631
5155,50,30,20,48181,29369,18812
5156,102,37,65,90432,37822,52610
5157,40,16,24,50538,16547,33991
5158,33,18,15,55757,23097,32660
5159,27,21,6,23430,11782,11648
5160,25,13,12,23114,11911,11203
5161,15,6,9,24646,12342,12304
5162,77,7,70,103350,1244,102106
5163,94,9,85,137251,2453,134798
5164,74,3,71,119669,1797,117872
5165,1438,1365,73,401867,285564,116303
5166,1454,1365,89,432077,285975,146102
5167,109,6,103,191459,6521,184938
5168,990,891,99,341956,187351,154605
5169,529,486,43,185221,108088,77133
5170,21,10,11,35659,10250,25409
5171,11,7,4,9502,4702,4800
5172,13,3,10,17662,1306,16356
5173,14,7,7,14682,4367,10315
5174,14,9,5,9222,2911,6311
5175,9,5,4,11336,4851,6485
5176,9,3,6,11662,2974,8688
5177,1381,1378,3,302087,297287,4800
5178,15,10,5,15306,8005,7301
5179,12,5,7,28205,4758,23447
5180,3,2,1,5125,2455,2670
5181,12,5,7,16693,4639,12054
5182,6,4,2,4898,3899,999
5183,2,0,2,871,0,871
5184,1,1,0,1136,1136,0
5185,5,1,4,4476,1328,3148
5186,5,1,4,4476,1328,3148
5187,4,3,1,5394,4981,413
5188,12,12,0,13586,13586,0
5189,2,2,0,4271,4271,0
5190,5,1,4,4184,972,3212
5191,3,1,2,5272,1325,3947
5192,1,0,1,902,0,902
5193,163,160,3,38147,33135,5012
5194,1122,1120,2,234328,232575,1753
5195,83,80,3,21179,16562,4617
5196,1182,1180,2,247229,245120,2109
5197,181,180,1,38051,37355,696
5198,1,0,1,1300,0,1300
5199,3,1,2,2855,1081,1774
5200,1,0,1,2143,0,2143
5201,3,1,2,4089,1986,2103
5202,143,142,1,30768,29406,1362
5203,1220,1220,0,253213,253213,0
5204,4,3,1,3403,780,2623
5205,3,0,3,1887,0,1887
5206,3,0,3,4175,0,4175
5207,2,0,2,1626,0,1626
5208,2,0,2,1918,0,1918
5209,2,0,2,2322,0,2322
5210,1,0,1,551,0,551
5211,2,0,2,2942,0,2942
5212,3,0,3,5415,0,5415
5213,3,0,3,2357,0,2357
5214,2,0,2,1476,0,1476
5215,4,1,3,3571,474,3097
5216,2,1,1,2105,1699,406
5217,7,0,7,6350,0,6350
5218,1,0,1,284,0,284
5219,3,1,2,2300,826,1474
5220,6,3,3,5750,2882,2868
5221,8,2,6,13437,3667,9770
5222,5,3,2,6810,5020,1790
5223,13,9,4,11365,7339,4026
5224,13,9,4,22256,15443,6813
5225,438,427,11,110901,97957,12944
5226,957,948,9,216042,202424,13618
5227,27,15,12,21927,15776,6151
5228,17,12,5,22540,17416,5124
5229,26,21,5,32850,24973,7877
5230,14,11,3,22717,16457,6260
5231,7,6,1,12193,11193,1000
5232,13,9,4,20823,14085,6738
5233,4,1,3,2656,251,2405
5234,14,12,2,4879,3132,1747
5235,8,5,3,8677,5723,2954
5236,4,1,3,3590,282,3308
5237,8,4,4,7657,3643,4014
5238,14,8,6,12807,3855,8952
5239,24,15,9,24609,10286,14323
5240,19,10,9,20399,5896,14503
5241,17,13,4,19209,13916,5293
5242,20,16,4,20813,15377,5436
5243,20,10,10,20062,8285,11777
5244,18,9,9,19456,5147,14309
5245,19,12,7,25404,9405,15999
5246,199,194,5,55414,47975,7439
5247,1199,1196,3,262543,259637,2906
5248,22,15,7,19823,13635,6188
5249,20,18,2,28882,25344,3538
5250,27,19,8,48049,31715,16334
5251,18,11,7,31563,18177,13386
5252,13,8,5,17997,4668,13329
5253,14,12,2,27155,15889,11266
5254,8,7,1,20069,18082,1987
5255,6,4,2,6209,1188,5021
5256,12,9,3,13057,6985,6072
5257,3,2,1,2607,1644,963
5258,5,5,0,1868,1868,0
5259,6,6,0,2867,2867,0
5260,6,6,0,8090,8090,0
5261,12,11,1,14971,14207,764
5262,6,6,0,6434,6434,0
5263,13,12,1,11153,10560,593
5264,11,5,6,15447,7771,7676
5265,745,745,0,158573,158573,0
5266,585,582,3,130716,121751,8965
5267,18,13,5,27866,13894,13972
5268,1368,1365,3,290630,285604,5026
5269,7,7,0,4368,4368,0
5270,13,11,2,5598,4537,1061
5271,8,6,2,8821,7771,1050
5272,11,10,1,20362,19594,768
5273,12,12,0,9279,9279,0
5274,5,4,1,9406,8766,640
5275,7,7,0,5850,5850,0
5276,5,4,1,4727,3994,733
5277,15,13,2,17147,13775,3372
5278,8,7,1,14740,13365,1375
5279,17,17,0,18342,18342,0
5280,1306,1304,2,285099,277083,8016
5281,1388,1385,3,296059,289290,6769
5282,3167,3164,3,662411,657787,4624
5283,103,103,0,23254,23254,0
5284,4,3,1,3666,2823,843
5285,7,7,0,10491,10491,0
5286,12,12,0,14124,14124,0
5287,11,11,0,12468,12468,0
5288,8,6,2,12861,5490,7371
5289,5,4,1,5342,5196,146
5290,8,5,3,5286,3917,1369
5291,3,2,1,4843,1067,3776
5292,109,107,2,33366,23408,9958
5293,1263,1263,0,264018,264018,0
5294,3,2,1,4372,1059,3313
5295,7,3,4,16788,2154,14634
5296,3,2,1,4885,933,3952
5297,3,1,2,3017,995,2022
5298,2,0,2,6407,0,6407
5299,1,0,1,781,0,781
5300,2,0,2,1115,0,1115
5301,1,0,1,331,0,331
5302,2,0,2,1108,0,1108
5303,2,0,2,1108,0,1108
5304,1,0,1,6110,0,6110
5305,3,0,3,6473,0,6473
5306,2,0,2,5800,0,5800
5307,2,0,2,816,0,816
5308,1,0,1,554,0,554
5309,1,0,1,641,0,641
5310,2,0,2,1568,0,1568
5311,1362,1360,2,284186,282584,1602
5312,1,0,1,514,0,514
5313,2722,2720,2,565670,564830,840
5314,2,0,2,2039,0,2039
5315,3,1,2,1298,265,1033
5316,5,3,2,4247,2336,1911
5317,2,0,2,2264,0,2264
5318,2,2,0,2516,2516,0
5319,4,2,2,1974,731,1243
5320,3,2,1,1344,808,536
5321,177,175,2,31965,30785,1180
5322,1936,1933,3,391385,389296,2089
5323,1024,1024,0,183092,183092,0
5324,666,666,0,104676,104676,0
5325,834,829,5,149224,144622,4602
5326,830,820,10,140933,131786,9147
5327,981,967,14,186004,161073,24931
5328,670,658,12,124923,107789,17134
5329,865,862,3,135619,132100,3519
5330,822,815,7,132968,120587,12381
5331,861,857,4,135281,131409,3872
5332,954,951,3,152136,150927,1209
5333,660,655,5,122462,114456,8006
5334,640,637,3,113534,106035,7499
5335,556,555,1,103865,102246,1619
5336,679,675,4,125085,119546,5539
5337,924,918,6,199648,188222,11426
5338,1519,1516,3,304276,300287,3989
5339,445,438,7,89950,85087,4863
5340,863,855,8,159232,151329,7903
5341,3164,3159,5,650150,641515,8635
5342,749,747,2,143383,139818,3565
5343,775,768,7,130502,121662,8840
5344,804,785,19,153895,132787,21108
5345,944,941,3,173466,170752,2714
5346,814,811,3,144778,139616,5162
5347,667,665,2,134676,131414,3262
5348,699,698,1,129901,128806,1095
5349,641,638,3,118832,112688,6144
5350,1942,1932,10,412014,394869,17145
5351,784,781,3,157926,148066,9860
5352,734,730,4,130393,123223,7170
5353,852,847,5,151020,142133,8887
5354,871,866,5,147915,140221,7694
5355,957,950,7,175260,157862,17398
5356,387,378,9,91483,86395,5088
5357,19,14,5,39148,26614,12534
5358,11,8,3,25423,23095,2328
5359,20,13,7,30139,11374,18765
5360,18,10,8,23161,11468,11693
5361,29,26,3,38313,33754,4559
5362,24,21,3,51733,44572,7161
5363,17,13,4,29496,25281,4215
5364,12,6,6,12960,6675,6285
5365,19,10,9,24929,6694,18235
5366,1399,1374,25,330715,297805,32910
5367,64,9,55,78232,2520,75712
5368,20,8,12,30689,5410,25279
5369,23,10,13,56073,10662,45411
5370,23,14,9,40343,23096,17247
5371,1365,1357,8,313999,294738,19261
5372,1395,1389,6,315681,303988,11693
5373,46,14,32,89229,14493,74736
5374,40,7,33,89721,8729,80992
5375,10,7,3,26798,15254,11544
5376,6,5,1,4868,4119,749
5377,11,5,6,16331,2928,13403
5378,10,3,7,12578,2896,9682
5379,11,3,8,15369,2936,12433
5380,6,2,4,12291,2618,9673
5381,1365,1364,1,288787,285888,2899
5382,9,6,3,5343,4054,1289
5383,5,4,1,2430,1445,985
5384,3,0,3,1338,0,1338
5385,5,2,3,2094,428,1666
5386,4,1,3,2059,130,1929
5387,5,4,1,1442,1013,429
5388,8,6,2,6227,5190,1037
5389,9,7,2,10690,9426,1264
5390,2,1,1,1308,783,525
5391,4,2,2,4056,2685,1371
5392,3,0,3,2396,0,2396
5393,2,0,2,883,0,883
5394,1,0,1,488,0,488
5395,721,720,1,150098,149845,253
5396,640,640,0,132851,132851,0
5397,640,640,0,132851,132851,0
5398,98,92,6,50241,46803,3438
5399,38,0,38,26707,0,26707
5400,31,0,31,27454,0,27454
5401,31,0,31,27454,0,27454
5402,760,760,0,158013,158013,0
5403,1963,1960,3,409172,406743,2429
5404,25,0,25,22328,0,22328
5405,50,0,50,32166,0,32166
5406,132,0,132,67694,0,67694
5407,2,2,0,205,205,0
5408,1,0,1,1163,0,1163
5409,1,0,1,120,0,120
5410,1,0,1,1391,0,1391
5411,3,3,0,1327,1327,0
5412,9,7,2,5457,3571,1886
5413,39,28,11,37321,26261,11060
5414,46,35,11,22585,11195,11390
5415,49,32,17,42506,24786,17720
5416,79,35,44,55885,31412,24473
5417,54,38,16,45574,26909,18665
5418,56,40,16,40277,25105,15172
5419,57,46,11,66546,53766,12780
5420,45,33,12,45004,30768,14236
5421,44,39,5,39743,36909,2834
5422,36,29,7,36888,25158,11730
5423,2990,2983,7,664524,636855,27669
5424,1024,1017,7,237316,227979,9337
5425,1309,1305,4,272870,271444,1426
5426,6,4,2,12343,11601,742
5427,10,4,6,6194,2109,4085
5428,19,16,3,20061,16746,3315
5429,2153,2146,7,460915,455022,5893
5430,599,596,3,134177,131680,2497
5431,31,23,8,24186,15963,8223
5432,38,23,15,29964,12272,17692
5433,45,34,11,31592,23865,7727
5434,46,38,8,35828,27615,8213
5435,36,21,15,30957,15482,15475
5436,1327,1323,4,290364,284325,6039
5437,50,38,12,33330,24436,8894
5438,58,36,22,61233,21744,39489
5439,57,41,16,58385,30311,28074
5440,37,28,9,39321,22154,17167
5441,48,44,4,38430,34644,3786
5442,49,26,23,71110,22149,48961
5443,56,48,8,95719,58916,36803
5444,64,48,16,78756,47570,31186
5445,57,41,16,62532,42001,20531
5446,43,37,6,26063,20536,5527
5447,39,29,10,36813,26708,10105
5448,19,15,4,19507,13300,6207
5449,34,30,4,40227,32365,7862
5450,12,8,4,6816,3642,3174
5451,11,7,4,11403,8259,3144
5452,786,780,6,187900,180700,7200
5453,612,607,5,133415,130166,3249
5454,27,23,4,26637,18193,8444
5455,23,16,7,32437,23396,9041
5456,29,19,10,30919,18137,12782
5457,27,19,8,30072,19090,10982
5458,30,13,17,53030,12577,40453
5459,1482,1465,17,368119,325082,43037
5460,1328,1309,19,331027,283596,47431
5461,25,14,11,42458,18782,23676
5462,26,15,11,43354,13245,30109
5463,130,17,113,79360,15310,64050
5464,48,10,38,36547,10488,26059
5465,20,10,10,25114,10701,14413
5466,31,14,17,58522,14706,43816
5467,3621,3613,8,783130,766264,16866
5468,499,495,4,113500,111355,2145
5469,14,11,3,15245,6962,8283
5470,11,8,3,10888,4520,6368
5471,31,27,4,9809,4706,5103
5472,703,698,5,114501,103085,11416
5473,697,688,9,116134,101022,15112
5474,246,245,1,40235,36544,3691
5475,16,4,12,9369,1427,7942
5476,29,2,27,13387,398,12989
5477,38,3,35,18891,1990,16901
5478,75,4,71,42218,10505,31713
5479,52,2,50,23618,934,22684
5480,81,2,79,38287,103,38184
5481,73,2,71,35826,1690,34136
5482,85,2,83,44283,165,44118
5483,68,0,68,39323,0,39323
5484,1423,1360,63,313993,282418,31575
5485,69,0,69,32627,0,32627
5486,69,0,69,33139,0,33139
5487,72,0,72,32370,0,32370
5488,88,1,87,39040,79,38961
5489,88,0,88,41368,0,41368
5490,81,0,81,35773,0,35773
5491,2194,2100,94,479602,436082,43520
5492,692,620,72,163875,128803,35072
5493,80,0,80,37967,0,37967
5494,81,0,81,35505,0,35505
5495,60,0,60,26872,0,26872
5496,58,0,58,28477,0,28477
5497,60,0,60,27260,0,27260
5498,58,0,58,27401,0,27401
5499,540,501,39,123448,104140,19308
5500,892,860,32,192898,178204,14694
5501,33,1,32,16711,821,15890
5502,37,3,34,16858,1224,15634
5503,28,1,27,13005,238,12767
5504,32,2,30,15439,1499,13940
5505,31,1,30,15962,1269,14693
5506,38,6,32,19551,1835,17716
5507,25,2,23,12040,419,11621
5508,33,7,26,15053,1879,13174
5509,60,36,24,36303,20426,15877
5510,27,18,9,18948,11611,7337
5511,1642,1631,11,367152,358867,8285
5512,1166,1152,14,264312,251999,12313
5513,48,32,16,45134,24244,20890
5514,56,36,20,38326,19161,19165
5515,1695,1660,35,378632,343606,35026
5516,1947,1917,30,412976,387634,25342
5517,265,228,37,109202,81088,28114
5518,59,28,31,65231,33889,31342
5519,47,18,29,35952,10772,25180
5520,39,14,25,29562,12858,16704
5521,34,9,25,27193,10167,17026
5522,35,9,26,15726,4025,11701
5523,469,447,22,109220,97226,11994
5524,2311,2287,24,487481,475957,11524
5525,39,22,17,24836,13904,10932
5526,43,17,26,30865,11511,19354
5527,50,47,3,41277,38137,3140
5528,47,26,21,36728,22997,13731
5529,59,35,24,64061,47650,16411
5530,47,23,24,46477,15297,31180
5531,79,47,32,65976,36470,29506
5532,1440,1412,28,364163,335669,28494
5533,63,34,29,67135,31401,35734
5534,185,53,132,170411,50869,119542
5535,115,43,72,96817,41275,55542
5536,77,41,36,62321,27347,34974
5537,78,43,35,82200,41992,40208
5538,94,52,42,102994,62771,40223
5539,92,56,36,104558,76804,27754
5540,62,33,29,58745,20942,37803
5541,82,44,38,79208,37896,41312
5542,1413,1382,31,331932,296203,35729
5543,40,12,28,37212,7518,29694
5544,31,7,24,24220,8243,15977
5545,38,13,25,39174,15516,23658
5546,29,10,19,17879,6686,11193
5547,1144,1119,25,269122,246508,22614
5548,294,269,25,83144,61574,21570
5549,46,25,21,42682,25922,16760
5550,230,208,22,74019,50779,23240
5551,46,18,28,29948,9870,20078
5552,49,28,21,47343,32509,14834
5553,1408,1386,22,346442,324034,22408
5554,54,28,26,44441,21810,22631
5555,997,969,28,237157,219236,17921
5556,1825,1803,22,414874,403481,11393
5557,232,208,24,113581,93111,20470
5558,69,38,31,45662,25989,19673
5559,1565,1541,24,364926,347945,16981
5560,99,73,26,52718,32996,19722
5561,216,196,20,68229,57570,10659
5562,40,19,21,27296,17988,9308
5563,49,29,20,41886,31519,10367
5564,49,29,20,49504,36250,13254
5565,52,31,21,40535,28665,11870
5566,40,19,21,33657,23467,10190
5567,36,17,19,32799,19748,13051
5568,34,11,23,36698,10579,26119
5569,1388,1362,26,305143,283887,21256
5570,22,3,19,13510,1220,12290
5571,18,2,16,8621,601,8020
5572,27,7,20,13538,3566,9972
5573,30,12,18,19305,10823,8482
5574,38,15,23,30135,20049,10086
5575,180,161,19,196107,187280,8827
5576,347,320,27,374875,362645,12230
5577,22,1,21,9720,291,9429
5578,21,1,20,10394,834,9560
5579,24,0,24,11316,0,11316
5580,27,3,24,10327,350,9977
5581,19,1,18,9924,635,9289
5582,254,229,25,273433,262874,10559
5583,1838,1811,27,836351,824986,11365
5584,342,319,23,462881,452492,10389
5585,272,250,22,456484,446267,10217
5586,389,366,23,440027,429400,10627
5587,157,134,23,295734,283902,11832
5588,168,142,26,509272,497787,11485
5589,173,152,21,526294,515149,11145
5590,162,135,27,514814,502383,12431
5591,143,116,27,531001,517805,13196
5592,148,115,33,536808,522284,14524
5593,152,123,29,521177,507657,13520
5594,155,130,25,497582,484510,13072
5595,405,383,22,587038,577212,9826
5596,1278,1251,27,682653,669720,12933
5597,26,0,26,11670,0,11670
5598,2745,2720,25,577475,564745,12730
5599,30,2,28,13611,688,12923
5600,32,4,28,13218,1356,11862
5601,28,4,24,15474,4198,11276
5602,31,2,29,13283,227,13056
5603,27,3,24,13706,1431,12275
5604,1401,1376,25,304664,293658,11006
5605,44,21,23,30769,18752,12017
5606,53,29,24,29874,18438,11436
5607,56,33,23,60864,40483,20381
5608,58,35,23,36551,18282,18269
5609,68,40,28,41523,26804,14719
5610,91,57,34,60735,36955,23780
5611,78,48,30,76782,38559,38223
5612,60,28,32,53480,18566,34914
5613,74,46,28,50636,22270,28366
5614,93,59,34,64606,41437,23169
5615,79,41,38,68211,41130,27081
5616,44,17,27,44585,18773,25812
5617,30,13,17,32740,14538,18202
5618,30,5,25,25917,8276,17641
5619,30,9,21,21571,3360,18211
5620,28,13,15,38445,13469,24976
5621,34,14,20,20914,7496,13418
5622,1399,1374,25,321317,293254,28063
5623,49,17,32,48296,22939,25357
5624,54,30,24,59645,38999,20646
5625,1424,1394,30,348518,317979,30539
5626,248,209,39,241334,206980,34354
5627,68,37,31,62912,38162,24750
5628,116,74,42,127385,92891,34494
5629,109,60,49,114806,58451,56355
5630,198,147,51,177172,107060,70112
5631,324,292,32,250828,217021,33807
5632,313,273,40,228638,198920,29718
5633,379,343,36,289205,262160,27045
5634,364,333,31,284447,264007,20440
5635,290,260,30,219878,195721,24157
5636,342,299,43,266338,224085,42253
5637,343,302,41,293958,252971,40987
5638,207,177,30,164625,137608,27017
5639,56,23,33,45776,24456,21320
5640,2780,2752,28,621025,598024,23001
5641,52,18,34,58847,21141,37706
5642,77,37,40,62532,36031,26501
5643,77,42,35,67440,38445,28995
5644,55,20,35,38634,19127,19507
5645,111,75,36,144421,115143,29278
5646,213,178,35,291270,248993,42277
5647,62,21,41,101800,49015,52785
5648,442,392,50,143643,85860,57783
5649,1192,1150,42,355445,316255,39190
5650,375,327,48,393908,354717,39191
5651,64,26,38,42923,20940,21983
5652,364,176,188,203632,108053,95579
5653,285,28,257,154199,18911,135288
5654,240,59,181,186976,94118,92858
5655,225,185,40,305644,272628,33016
5656,59,18,41,44709,13262,31447
5657,57,15,42,57936,16321,41615
5658,66,20,46,40747,13321,27426
5659,242,15,227,192702,16664,176038
5660,326,15,311,268518,26176,242342
5661,71,24,47,63254,25668,37586
5662,58,17,41,38882,10040,28842
5663,45,9,36,33278,3831,29447
5664,47,4,43,28923,5232,23691
5665,49,5,44,29479,4689,24790
5666,42,6,36,25480,5012,20468
5667,48,4,44,24933,1111,23822
5668,54,7,47,32511,7741,24770
5669,46,5,41,27075,2236,24839
5670,45,1,44,27376,596,26780
5671,52,2,50,27252,633,26619
5672,46,2,44,25254,803,24451
5673,51,2,49,26539,586,25953
5674,45,1,44,24181,511,23670
5675,1412,1365,47,316153,290210,25943
5676,55,3,52,34136,6208,27928
5677,59,1,58,34200,2893,31307
5678,56,4,52,36614,7447,29167
5679,36,1,35,21246,1111,20135
5680,31,0,31,19731,0,19731
5681,32,2,30,20932,2147,18785
5682,2565,2541,24,543899,528627,15272
5683,204,180,24,52217,37216,15001
5684,26,0,26,15990,0,15990
5685,26,0,26,16786,0,16786
5686,28,2,26,16614,107,16507
5687,28,0,28,16711,0,16711
5688,31,0,31,18653,0,18653
5689,30,0,30,19188,0,19188
5690,30,0,30,18743,0,18743
5691,25,0,25,17600,0,17600
5692,30,0,30,18557,0,18557
5693,38,1,37,23809,509,23300
5694,33,0,33,20938,0,20938
5695,35,0,35,21534,0,21534
5696,31,1,30,21736,1881,19855
5697,41,4,37,27635,5091,22544
5698,39,3,36,22038,773,21265
5699,35,6,29,24011,4966,19045
5700,44,10,34,31974,8156,23818
5701,1423,1384,39,315398,290960,24438
5702,60,28,32,37906,15041,22865
5703,63,32,31,39971,17565,22406
5704,775,742,33,185194,165198,19996
5705,741,719,22,175295,158082,17213
5706,52,26,26,34138,20045,14093
5707,43,13,30,37060,13002,24058
5708,76,43,33,76962,30901,46061
5709,78,60,18,61990,49113,12877
5710,94,58,36,85309,48680,36629
5711,51,16,35,53096,14862,38234
5712,141,100,41,80416,31838,48578
5713,49,20,29,36563,12419,24144
5714,29,10,19,47117,35408,11709
5715,37,5,32,24838,4332,20506
5716,31,2,29,20836,697,20139
5717,39,12,27,37798,13659,24139
5718,44,8,36,45752,8965,36787
5719,506,475,31,129995,101683,28312
5720,909,865,44,228819,196452,32367
5721,1740,1388,352,436626,323047,113579
5722,1744,1385,359,437139,309659,127480
5723,231,32,199,106793,24407,82386
5724,383,25,358,165776,25634,140142
5725,586,25,561,241899,28126,213773
5726,435,174,261,181258,64802,116456
5727,513,193,320,207899,84246,123653
5728,2873,2715,158,658348,586280,72068
5729,377,358,19,144454,120133,24321
5730,320,281,39,114003,78890,35113
5731,399,376,23,143020,121732,21288
5732,454,429,25,128067,110561,17506
5733,60,32,28,47400,27200,20200
5734,46,26,20,40276,25020,15256
5735,39,15,24,52681,25187,27494
5736,10,5,5,17571,6989,10582
5737,17,11,6,35497,23459,12038
5738,36,15,21,30986,13012,17974
5739,247,219,28,48316,33222,15094
5740,368,350,18,56601,46990,9611
5741,850,326,524,338970,38864,300106
5742,629,83,546,336519,14539,321980
5743,287,32,255,172473,19087,153386
5744,42,17,25,49448,27912,21536
5745,1571,1546,25,381362,355753,25609
5746,58,37,21,63344,48074,15270
5747,94,67,27,65122,51566,13556
5748,242,218,24,90259,69475,20784
5749,43,15,28,58283,32618,25665
5750,43,21,22,53558,29994,23564
5751,46,17,29,36800,13793,23007
5752,260,226,34,104144,66606,37538
5753,1414,1378,36,344528,298824,45704
5754,4096,4067,29,892744,858927,33817
5755,389,356,33,140642,84211,56431
5756,351,314,37,122428,72184,50244
5757,101,68,33,57224,20492,36732
5758,38,2,36,49282,2158,47124
5759,39,9,30,69075,13798,55277
